user_id,pca_0,pca_1,pca_2,pca_3,pca_4,pca_5,pca_6,pca_7,pca_8,pca_9,pca_10,pca_11,pca_12,pca_13,pca_14,pca_15,pca_16,pca_17,pca_18,pca_19,pca_20,pca_21,pca_22,pca_23,pca_24,pca_25,pca_26,pca_27,pca_28,pca_29,pca_30,pca_31,pca_32,pca_33,pca_34,pca_35,pca_36,pca_37,pca_38,pca_39,pca_40,pca_41,pca_42,pca_43,pca_44,pca_45,pca_46,pca_47,pca_48,pca_49
user_1,-46.516492272695864,-16.785381959957682,-49.62298331278433,33.221779497408264,-0.08508921078223963,0.10718535716391542,-68.614810651099,3.642281662547199,86.73551958787839,0.07227040115318757,-29.568699581245916,-17.95093805980203,1.2791187292841424,-7.414711325589214,-1.1083130442247708,1.8507639844804784,-2.5128654687061123,2.635308996050585,-5.864568156104564,7.868540117370977,-4.802405582855315,0.9157798815085105,-0.6555475061709686,-4.108297617840932,1.0869714317134067,0.40235379207462596,3.757817862112235,-4.224383062232756,-2.3079096527541836,-2.1373762498581623,4.364813040482943,3.7019573755476305,-6.416777226030559,-6.900431977117232,1.182857890605002,-2.2833060835862558,-2.2932740341695195,-6.521586079790104,13.725805815983296,16.00548037432588,8.186466302744739,4.2517938639428445,-10.02851378314824,1.3315424589952027,3.064556540412448,-4.5640219512362,-3.245683912517417,-14.036413430487595,18.25139703082421,19.04920583489904
user_10,-39.46169007312499,-9.165806189274944,-5.33543020871368,50.29085843345169,-17.178831006221152,1.0986011703278418,6.457218269546336,0.11261502138278204,5.965855277553586,5.542007940233683,35.144355665846255,60.07309962196817,-3.47574661998942,-30.654533100756954,-7.967939706305482,37.5118928783025,-62.437908117598006,9.801016124701711,-12.95429849512244,14.109037526236627,-2.7088154299916374,-0.7080179808569815,6.831060679385618,-5.095853068839702,5.5457784428485,-2.013326379322201,-4.866483795530556,-0.9221960273308556,2.135972423151722,1.9305581931666744,-6.963710943970175,-5.039649721739685,0.41984448577926137,-2.626899185699742,4.874717298247827,-1.5953785503395643,-0.7328063126360937,2.411135125866385,-0.023171518536682912,1.2471775023778289,2.240762285361225,0.07686457404568632,2.2823464019951305,0.2987333223473875,0.3497204064314111,0.3177932961355483,-1.708894174981367,5.4054662865163,-0.017830149817286648,-3.0257671252395406
user_100,-48.624691979699875,-20.811722466303436,-44.95291464531218,70.69499379334665,24.24747254777918,-3.426991032098401,58.56900600677195,-2.4107730611100515,4.099767179048644,0.7550424168038732,-20.026024032891833,-5.953989278640631,0.7770454207935248,1.8042485526874292,-0.7064621195440989,2.5016780472701896,4.020792450634532,-0.6780592042322825,-0.9977293055845836,5.580067638530658,-13.017825631863518,1.9548053549694546,2.105055659215287,-2.52985757569023,-4.344789699700768,-5.487836750778713,9.01953478907718,-0.6567992893928324,0.23133991758463332,-0.5125262998095601,1.1431316662406183,0.32146260387064474,-2.4127688000446184,-1.6398826724387239,6.114885847704883,5.548608929100913,1.1240238795309758,1.4764003000731416,3.907088296689096,0.5876403008845065,-0.52624598189899,1.1121987393909407,1.7809227802827643,-1.459979608650008,4.1859620386117165,-4.715044986001642,-5.903904987537933,-0.696719327172945,0.7358771996126006,-0.6395957888383178
user_101,-31.470449818871334,-7.665259435540292,-39.91798023388247,-36.824879909450424,-1.7314566871321984,0.563034898708376,0.08846644002950024,1.6982370059812726,-2.3721893901895843,-1.168934412957392,0.49940773430173147,-0.6512847619812545,-0.09035433898473459,4.268034383754521,-2.8179353791276354,15.00181935838133,-3.210717335590636,-3.855588570318662,5.33299129725685,-2.111419722565051,-12.809375479987064,-0.2094110416987953,10.37942236221491,4.058811055758709,8.845390063057922,-13.489634289567741,8.35585179262392,-0.9231786286908396,-0.6887622076073351,-2.2705273841095024,12.231139857822596,5.055933297745893,-5.41799921802612,1.326444654178626,7.135899533227262,3.269259388935789,-1.5898172111883364,2.0171180344553825,2.4471321051193917,8.736686716338426,5.68351744115999,-1.9231449515362042,6.816657552040899,-2.720580814845914,0.7441338140831364,-11.737793892855244,4.256303259015615,-6.241026552390535,0.6664091194117139,0.63285556789557
user_102,-21.94270726848688,3.089531091026885,18.459209690730503,-6.047598831369491,-18.965745482501486,-0.17887382805487648,7.450758696109741,1.1682718085130301,2.368168884254315,-0.5340842534474782,-5.979211507318442,-1.1341829892016515,0.4961781207034532,-9.525668866588637,-1.0001365867932275,0.09131748164707354,-0.35165439265993387,0.026828192914028468,2.467155201631579,9.361387883111567,-6.249315606567147,2.115407207756173,4.435946079813895,-2.7358903397954872,-4.503688962771308,-1.1616415467432457,-1.6245634107536149,-0.030320930512190834,0.9306012449679583,-2.916149541487817,-3.343377584970521,0.10941279845233785,11.19613788390038,5.994257046200332,-6.667095490085895,1.5786123975432642,0.7194728580625142,0.5298506991394634,-5.355212611162401,-2.114307470388034,3.615610823721625,6.969312072211182,0.311623111209364,1.707301495946609,-1.405589195495533,-3.0080901575997405,-4.845215223616664,4.656154489501664,1.404321947130323,2.1709621427711623
user_103,-27.68485495722998,0.5016496094367898,5.8751506582797886,1.0255391097172246,-39.779177824089246,2.7818757869284942,3.3191888091418513,1.0599678428502126,6.2427357522206375,0.8501592500194779,3.3003429569185827,3.7729463777984225,0.17587065134199167,14.25125686925352,0.9047144338282782,-3.772847918416976,0.24418372031787383,-0.1348040324887415,-0.7576807361265208,8.2375169911603,-9.48990982445734,2.8182593062994923,9.75475681734311,4.371062467828021,-8.587838588028573,16.975053744015568,2.7981318040818812,0.30008034888334945,2.497952526861832,-1.606020046264913,-3.266529711410728,-2.7178371920470767,11.387363555973366,2.3056924099443963,7.087029298368032,-0.8936227397444966,-1.8850948990908223,-5.568313397884736,12.983616782874785,-0.2116254719894998,-11.13444785100456,15.41234455293042,2.1779032391884248,3.6957312953132693,-5.083108521860269,-7.267715740185003,5.325355236255315,2.654295184605603,-9.54907662514167,0.06259430347196072
user_104,-26.958671184790994,-3.3087476746727744,-14.728160740438643,-24.539550078554026,8.052473636079364,1.1442924806186046,-1.0608109218610455,0.22729136384908527,-3.871367567791008,-0.09907944473588333,0.6949639048567127,1.3768128218800721,-0.06748861519552968,-2.5077187084988966,-2.406079971788039,8.588168647859952,0.9996026572103163,-0.8376580117662971,2.972677195474118,1.8660892290441546,-17.652342399053055,2.4283990267650895,5.407045887109482,0.8292067954181508,-5.334945860394363,0.11638200310291401,2.3788565883564106,-1.7470145882081651,-2.940019398790648,-2.730751767115326,6.549818072636308,3.298466820534778,-3.7721023668759255,8.261775908499018,-0.8756801302170529,-3.3953685168838743,-3.7863717842450164,14.304104448790698,-2.0077051203665466,-2.3128431323489256,-2.145788666841065,7.474417447465215,0.5477680761588894,4.250594500482396,-7.889939702934612,13.325877543388808,3.922781240037314,2.5108802470703186,14.172159763384535,6.134429509604435
user_105,-44.80707341177648,-18.058842254793717,-48.45271074475422,32.63352932122006,-0.2582485472768959,-0.15294216379524764,-64.98740858302045,3.6277406681345905,80.30349171384297,0.2706392202548485,-28.08083210828486,-17.704241012768428,1.0125090832666177,-7.257120831872376,-0.9860547892277225,2.280390627497467,-2.2216442603359496,0.8774236034682237,-3.4299218415717796,3.705060228840436,-4.514891529929359,-1.1040349719108988,1.3156427643857664,-5.587222542203628,1.9494031498503521,2.969869212903877,-1.574101000969043,-6.470475177714698,-2.08793135415919,0.9923348357130715,2.3112519222847085,-0.05898158089189021,-2.8544221353834125,-2.239991183164074,-0.7877710775422525,-0.3244266345537667,1.1639424925363726,-0.7968058705952059,-0.03640609271204194,-5.859548328361396,-5.162040676451533,-5.735231250752488,-0.23918827427542708,-1.4903586629073786,-0.49209404075140184,0.5381628098818759,-4.218407026872491,-1.894769983644369,-1.9761020576259751,2.1130063053336383
user_106,-40.486085437662354,-11.082764989065366,-15.533338471780134,50.001000043218994,-22.179995624160238,2.6657212501016128,-56.573848197162,-4.308701793205459,-68.57644469612711,-7.511645673973542,-42.753745905916354,4.918560063848896,-0.08583761098351415,-3.9955383470601404,-1.4452857004342488,2.558362717312287,0.09141012787672202,-0.9718959281928408,-5.853288946396248,8.70612662049303,-10.99002797046434,-0.15326878302976796,9.100935986965789,-0.6636814832135212,-0.9775204352941691,-2.9654080390852875,-1.4015749380356508,2.3776308276128786,-0.8544288641533635,-2.657907558181247,4.482506698527417,1.9600107269398215,5.762694410495457,6.697930087535437,-2.744066495590836,-0.6081107187883952,1.8502648527145866,-2.8643416342669665,-1.0702166429573698,-1.474962191606856,-1.4170937801780374,-0.2730754468846028,0.3580113474867023,-0.019427289226076467,0.17182831278769548,0.43693467782342754,-0.4053302758276388,1.5904037195046243,-0.7180196665470381,-1.7781153394397995
user_107,-35.42494122441989,-2.8962523655860615,13.89596475080017,45.410435726645495,-33.22915555882322,2.8885488425110766,-8.459681972771516,1.2342241586073297,2.7704778470378173,4.50979428569587,43.37774763456473,27.585555598647577,-1.6409179096568531,-25.997147458028767,-9.136680517040494,32.783936473382056,76.6311574246661,2.454991036492848,-12.774828886673722,-1.339918449408132,-3.5189184234450765,0.5691019204595458,2.551927222147719,-3.3866523903677024,-4.825508895430706,-0.6918899003340653,-3.63821671790907,-10.931332174337438,-2.3325009810349,5.053877779605174,1.5025805318737193,3.2960865287004664,-4.654377969933849,3.6457249873536135,2.222680513730389,-7.841252909833509,-1.3596310944710037,-7.079887005480204,1.9371281692720348,3.157491047496175,-0.0816782608074646,-0.8951802369209573,-3.9280212273964614,-0.40732539071707,-0.9168215097054029,-0.2120413221775926,-1.1088109676361682,-5.30195534179521,-2.2221779494773815,-3.3984072741651916
user_108,-23.6460660554743,2.1227284324250504,3.7538418872511583,-17.881397569894155,3.419552150569127,2.313545523605204,2.2744008673237723,-0.09098046316919059,0.05359536579955891,0.029643394990480437,-4.439404827794121,0.9293132299887602,-0.15909199088174217,-7.205263739989122,-0.7567392107690359,0.1700205196681816,0.49596710908786396,-0.7347625010948137,1.3811340868773316,8.459382653559496,-8.272456833146727,1.0813565877917954,3.623603526593179,-6.464708257676589,-3.3597092089577982,-2.7652035219357063,-0.8639759711028873,-2.1215614898475503,-0.28753577370238714,-5.335865651123626,-0.9856729600682513,-0.4310506508677015,2.2970296381024595,2.5705674045433033,-5.953394654860223,-5.7693263085801645,0.4178034838483705,-6.283895247649671,1.7732078016207868,1.846843417120004,-5.435921430486196,2.6225043311658682,3.8153180475726316,-1.1773127049869074,0.6924686440365794,-8.118312320644794,-2.491683505280268,-2.553859295603916,5.847668779674431,-5.999664947611246
user_109,-21.923466597588504,2.3445277158889986,11.396187425085378,-11.911770821064437,-7.880690264198952,0.4060150469908944,4.965361379286386,0.8497210502694953,0.24740785950132677,-1.2834728973105607,-4.948145224462087,-1.7415211547915332,0.01782811934037783,-9.568575043661,-0.6483726580971888,0.2322815584669528,0.6204184092096485,-0.7012750245487256,0.6303650152792559,6.366540509302037,-8.938670520992659,0.9924209279175402,-1.583268104096404,-5.600598716412375,-3.7792789699369513,-6.362746382316133,-3.209802279014178,-2.0182373417503268,0.17436654878980645,-8.2893830298426,0.6211918063366425,-2.636822772076802,3.936228236310233,5.905863904607892,2.549337194979602,5.168389854797103,2.938380188595379,-4.671553315457735,-0.8987325249291859,-2.9409296120498847,0.25799995290048217,0.5039433324914352,2.3876892491771096,0.7297692974606514,-2.632349737350969,-5.016783360122209,-3.787553065936533,0.557658269290907,2.8845478340392,-1.047692719256293
user_11,-44.734556772919056,-17.895027229989406,-48.86243021496928,31.695220421337325,-1.241116176357457,0.6444829600320784,-65.63818371323725,3.3327634739319523,78.96861883481516,0.15535672416500024,-27.670919186016963,-15.735102347101991,1.0407350693623367,-5.983424873579,-1.2421366120239294,1.7127930497094686,-2.268359514876517,1.8601887858935764,-4.2290575767500584,2.825588218905938,-3.5070243938950867,0.22471671461270312,0.20005448097885742,-4.499887174313162,0.30483949764697654,1.4758885302847675,-8.112535839824552,-5.163140178978407,0.18076308367802246,-1.54583313199267,2.057157100529825,0.8321023276097991,1.2049373580585645,-0.4849056981838713,-0.5076892200744364,-4.361454745869885,0.16380755073496003,-0.8884417721981265,-0.2863759529025501,-3.043738291810821,-0.7501868978918831,1.6839306324740517,-0.60982547279211,1.2879567325424335,-1.1831216070074333,2.742422071628498,0.39701113339256033,5.508973435908675,-0.15564985798089018,-1.5794764132130272
user_110,-27.844915522063214,-0.6234194052196433,1.5363145055758636,-6.4493805886849715,36.24835027628822,-0.3542619524823693,-5.443694089609529,1.632964916738986,4.1268888878960865,-0.4884438151773069,8.883128832101068,-0.884155185501159,0.03207547917581456,5.731668025034506,-0.38355073600204465,4.165766000137624,5.7301567203712525,-2.139330643450935,-1.0036085465454812,13.185759733169597,-9.598169545312146,0.20661399461883168,17.05666786819084,7.32935670294299,7.5204459681271665,-4.542339471641135,3.5996835466139827,4.873423958365425,3.2129946454238305,1.2509253951386343,-4.761391456445044,-3.132527615843006,-1.8538398585673674,7.971408704553403,-4.464930858662128,14.473293004905178,4.983510803485825,-1.569630533381095,-6.835393227283587,-9.23100254688395,0.42713906859396145,-6.515592352435561,-7.495073264205793,1.8105176273359878,-0.03217244976678876,-1.032301685363469,6.645222009037367,-10.778756292543797,5.284510667371606,-3.4151786197675795
user_111,-22.13357882402303,5.709986918194858,32.66571900607267,6.296067332075468,8.536306091209049,2.4788713444654125,-3.151900455824918,0.6799482275409325,3.226440524810775,0.6039371299632014,3.3166466380260506,-0.9362727345065508,-0.1219642199871621,-6.438021204658352,0.7176478641209455,-3.875703973047831,-3.019657261376208,-2.979317654602277,4.711984756784181,2.87285707019178,-13.758036105898261,0.9833065875444018,0.7083236817875358,-2.4888260033836667,1.0130017533912434,-10.636722064742475,22.566029661849804,-5.92605941669447,-2.3996728567096692,-2.3020005739954095,4.573892876077379,1.746329198982055,-4.60814884534453,-8.703274679898334,2.329480532878437,-6.080755948517832,-2.7636284244280636,-6.121103499777206,-20.502368884255056,3.951383949368951,-12.110234936390393,5.928292868033296,-6.5677592119678945,-6.311724144083327,15.392049075632004,-4.651796993882626,1.194891414206323,1.6579931876494585,4.317372481809072,7.170931719334366
user_112,-21.640633875047182,1.2857288431930096,12.05468080094107,-11.78386599167467,-8.455799685682129,0.6776958454290677,4.358238600833131,0.21600779969771244,0.011484827887177404,-0.03743805093337348,-6.120984608335539,-1.99596396500517,0.18375625464235443,-8.262743295811966,-1.0006717219397072,0.25849082601592066,0.8454117705054272,0.01842622432828247,2.0243273544064593,6.718193817970508,-8.76672106655387,0.8959795122140942,-0.2780383398407793,-6.181626252493733,-4.555086433469264,-5.661833814945653,-5.5630184889719345,-2.958810454611887,2.224784959414293,-7.956675107821529,-0.6259788288482522,-2.8484544272138197,9.438843698306677,5.522491734465232,1.6224060063071164,9.858323172757219,2.1570737188890865,3.066999460575148,-3.062949905056595,-2.110347535195242,-2.0320379246761453,3.2393100526875043,6.835168244744471,-1.0966096796612017,0.14998116226445332,-7.229601063970763,-6.832908428949941,-6.594656559023955,4.655264749649802,1.1511712212984169
user_113,-21.475531781793777,3.568625764285223,10.763922722857469,-12.017053574128504,-6.925476985630114,0.1263178965707634,4.603738338347974,1.6311914222087598,-0.11199795785517834,-0.9032765035074112,-5.485000864908707,-1.8755731334390273,0.47479027411222685,-8.95544619986382,-1.2325940426433986,0.30265188718731734,-0.30105961109839874,-0.05256241744025645,1.0416443543821936,8.094820115420253,-7.9067831941051026,0.6618976373538649,-2.744836812657035,-3.5010495028907465,-4.900498920221699,-7.194175460720784,-4.058299915449644,1.3150921127207051,-1.1223515305032508,-11.368673201966303,0.32171962259807324,-0.9702468217280104,2.2585025234752814,2.988352709444218,4.494400100079996,-1.1783148320066417,0.7675362904832745,-9.22045426823312,5.864120070528425,5.888461714788859,1.8805970042613902,2.9923918759651316,-5.37062260036166,1.8714867897057939,-6.6444269129863995,0.03565403386640931,-3.3295119021950894,-3.178873709401361,-2.3891032809592136,1.1324816733716054
user_114,-25.243356184888025,0.6039834577069749,-2.6183469219607676,-23.802409842563588,6.848910879699086,0.5406257238729535,3.607231425991093,1.0938407669867949,-0.22398969121259885,-0.02028178480000565,-4.815312975456362,-0.7939948871039955,0.466562743212527,-8.83576429546785,-1.0051944686137246,3.4328722866427355,0.4860928182129657,-0.6983576144288682,0.4103956823926366,6.825347378449856,-7.469223199117167,1.475397306527957,5.494496196953584,-0.47378895504981555,0.015986475127958255,-4.339399109738783,3.89840266995856,0.46857309535861286,0.22140041314523146,-3.31253760557807,-0.9034268772197531,0.3188442664743217,0.5889278286691512,1.7401149516569379,-5.2669561661689235,5.376888848939985,-1.7064633924254164,-0.3846960490660242,3.7298687975096017,2.9799765076428457,-1.2587161625950078,6.7448425493821125,-1.2486843915217978,-0.3446565405173393,1.3611699709859708,3.4083263333489957,-2.4159175091299683,-6.936136385396516,2.89630785624846,-2.716134467676665
user_115,-22.818230635539596,0.9087125893930816,5.23124324678809,-19.583983944429104,-5.749538497688858,-0.7077537811606314,7.400806521913837,1.4215853265492535,4.820528923872945,-0.1145243631402701,-2.991232529036308,-4.133326204346412,0.5742453369810183,-6.463187282430652,-2.0508950092659446,6.314281275585431,1.3505020395732914,-3.8350879066190053,1.0289289762958402,4.509036877034694,-2.9055717518814843,-1.6834961662613244,14.507183833485122,0.2981733327420024,9.236239652187876,-12.678033303495571,7.277782375099206,5.39500226070706,-2.0667971121031448,-5.263249135627778,9.083408014054037,4.419405551343106,7.6330384392137445,-5.386908614211459,7.855126796230625,0.2108934842615883,-2.955122883928564,-1.970711091043571,6.618943930441897,13.745528416375812,0.39218071221013356,-0.7481481727001538,5.225253111791252,-6.7770826281876895,8.458273343431307,-7.98604550194168,-0.6617228331884637,6.00453178269491,3.360133212690861,-3.707554695785657
user_116,-48.55786598046608,-20.828454471957887,-45.580278450339485,70.55712359979519,23.831296584127248,-4.241175917264829,59.2389427401285,-1.5805667639933954,3.3476616755085598,0.005990994402127646,-20.5158682075566,-6.377709335199361,0.6832953144696122,1.9791014112464171,-0.39899948892573067,1.440506989277765,4.106501502411061,0.5831162457538827,-0.21148612695077684,4.220040404126167,-12.423122896583491,0.7408283058111865,0.46986291793493035,-2.0267764030120037,-3.6468407033803243,-2.9614698796039702,1.0116788304038962,-0.3239651830973484,-0.634126167004118,-0.4641565168144145,0.18873709147520334,-0.5666893056754793,2.478498455972957,1.595908547162142,0.21500068836325315,0.8202063774020358,2.2986161377952583,0.3190618514703189,1.2486936425856867,-1.666588910138222,-0.21335310724984502,0.9172555838920383,1.1204446088354356,1.6458192459508827,-2.5938363942716918,-3.843439894086444,1.1740426890895324,3.641715046507762,-8.021756644854449,-7.48122911940304
user_117,-20.698498622739827,3.305245968613094,18.05437344499105,-6.064825751001429,-18.65295276815591,1.3810140808967526,6.582862132125441,-0.027632753047980838,2.9534172625484905,0.4532009784268989,-5.869091103616786,-0.700477470297932,0.3604706839983817,-9.258361477489327,-0.9346275839189133,-0.7705479475105286,0.4575753322702516,0.8189389004275374,2.489187056521079,7.18325234542307,-6.847893604914646,1.3797903081820644,1.8385913604959583,-2.7465209984196877,-5.293189611020175,-1.6003929581670377,-1.733281568344838,1.72389199577316,1.8574613686197763,-0.7316593238311951,-0.7152062593343743,0.5331336943465476,9.343275061765096,4.6174048138256385,-7.0697782607734085,1.6988890876042042,0.6943783743743391,5.0158232878953175,-3.480842297853403,0.6672256661542987,1.411156429018104,5.178370095766747,0.2549407951639563,1.3760407575668294,-0.4483437170778389,-2.487681051445831,0.5066717491171561,1.7827850483196557,-7.076866497656185,-0.19740288372736398
user_118,-18.225775934406382,11.059495050263022,53.62557301431214,15.474153556089174,-16.81720331156409,1.737169196955337,4.988081475401843,0.6076496544482523,8.048384279903383,1.3367629222273416,-6.704121073854358,-5.433837251082141,1.144138889190905,-8.561235416528113,-1.5135831717849266,-1.7081622265658716,0.4287242953428032,-2.004951561322118,5.9509852334478195,4.661177608640961,-6.844466541301137,1.8022697450219716,3.015469456093784,-4.714174981590384,-8.59598263359213,-2.3815402825248166,7.973354018169119,4.307071574743893,-3.4149453251745765,-2.9632916240466725,-2.235392158131825,2.0967273463838327,-2.633495849768294,5.289999627761658,-9.659978327138518,-7.518512435288156,-0.01793733139354027,-9.275876625442908,10.414796196169121,5.801303818278985,-6.354190178328081,5.480499683885839,-2.250897189757676,0.4944446067387658,0.09908308989218505,4.080117643520405,-0.6426747332480208,-3.762552270731491,-2.47930620861658,-2.721189594290324
user_119,-23.264543088125144,0.39532600025489534,-3.644645891685206,-23.432295470909672,8.100681289427516,1.0693746652967904,3.614099469014725,0.6877253071019905,-0.26263314750076416,-0.6545855626004433,-4.842138729652092,-0.3161548234113353,-0.04817347244221228,-9.350245133749146,-1.4925521686419803,1.937109638734391,2.8427646114629646,-1.1996948723768495,0.39501123143267747,7.301202387010434,-9.704276339108064,-0.1960526872290786,6.776688460238618,-0.27173437071654377,1.3014365796828802,-2.0863619497310437,2.1314111945258567,-2.401746885736629,-1.6683350197231777,-0.7586657126096132,1.573237115663028,-0.6081694325925139,-0.49735606237074514,-0.18626200522495007,-1.828511129353056,-1.2069777238873292,3.3588411905170945,-4.892803892600717,3.055669379086395,-7.32623027912815,-5.111792938121669,-3.1975393429824424,3.569216174097022,0.3908717628528026,-1.282906248412682,3.12778457961091,2.815126185189291,0.37492504780799235,-1.8779535395446194,-1.9857913874929398
user_12,-25.015525953910068,-2.501508938830017,-13.04469608491291,-28.18866897359514,-6.222207009456524,-0.2524039775832491,9.046126942437269,1.0347426380853366,2.740694199533659,-0.071418207341303,-6.138812657747592,-2.0989187884920515,0.373926784177563,-10.020436354307932,-1.9430308556653544,5.151496273483773,2.3636966874376193,-3.2608130778218833,1.4678625932135267,7.253665538169043,-7.015765519680886,-0.7765748865280387,12.854122903610158,0.8820831872460981,2.9009431126604164,-3.6124272675364413,2.8599656627868395,3.378401080005731,-0.3933935397001872,1.7224383757305224,3.0817261276612764,2.067745256279345,1.8793439097338502,-2.878383205511771,-4.262538923615938,5.1347657133826266,4.203880531346336,-1.8176760749730323,-4.560877603187412,-6.735233960270478,-6.669249625525422,-4.047480411294096,4.083514436761545,-5.102623840558986,5.537755226761976,-5.35251431180355,-5.777676824150393,-2.5659940947933686,0.4227953955070779,1.7396887017677134
user_120,-25.956473082199526,-2.7122766056299383,-26.648343023853283,-37.33594314054721,10.48615398604001,2.2543946694910924,2.9697446765129247,-0.07478897342071192,-4.889267318171269,1.1901580951025508,-5.18524906049652,0.2829397552460207,0.43322592878835525,-4.886193605864011,-1.6470558617127884,6.876179515036914,3.20943979772984,-0.3220414184392709,-1.7542071404624162,6.870881436918583,-11.153065747370055,1.550947172377076,3.1974432019628005,-2.964747434587962,-4.9385123845155965,-1.8283175273490875,-1.5025600499241254,-4.410982606727493,0.9744246891201149,-2.1438101061875954,0.18897419878900212,0.20773213164920842,4.619812405650584,0.19494665704921918,0.5240340327746765,0.655031656853327,-0.7759756304793554,-1.5084879110582763,-0.15312080594778843,1.760755301773746,-5.242669762017187,5.0549403598274685,3.98160515456891,-0.9532694481959556,0.08687504690465046,-0.09241004533119669,0.06238983268748558,-2.4875525304157375,7.297774192259562,-6.099868001263476
user_121,-29.326291915458487,0.4715384654033189,4.21279366273487,1.943636205300098,-41.21837267606247,3.371096825703791,3.180982045548732,0.36603811540947284,8.53741629652001,3.272502286288022,6.61306924240171,3.6444439839645524,0.45965693162846233,19.95127340601121,1.3230941977192436,-4.465235051359507,2.3422291281813297,-0.9399941524858249,-2.3693597144932217,7.98296814238836,-15.474961654532423,1.2586994975408163,-4.243076931692381,0.5931914742340648,0.4399104973426694,2.0872203145232406,8.55267920708062,0.8452010269494596,-0.8917979978107874,4.473574101957802,-2.9458549468099964,-0.7355173528350339,3.394780201734502,-6.123787157791329,11.236958006267853,4.69244406044407,2.6156314487364707,-13.470085151941031,2.503905795982265,2.2986005550287056,0.9565055794876501,1.6337244978494336,-3.744272377487035,3.1657366957210167,-9.486032798458993,11.844900276394105,-1.6079787691266867,4.712646110340131,6.545012685222171,-3.9477176307543473
user_122,-27.280860048592174,0.14834504884742014,6.510897777897237,1.1221979405919507,-39.38779340811821,2.8794584853827754,3.639823569529528,-0.5068287149493383,5.230233543725555,2.3724132129841844,3.6274431155587483,4.763526747985953,0.12782655553552266,13.717981961880797,0.4512684655431791,-3.013831672486259,-0.30998388242444286,-0.7728328002809465,-0.24914430356642459,7.748775241970355,-9.072546582163062,1.6390729892455864,8.63608748759619,4.357769585610225,-4.974802826140782,16.258223742558172,6.238637666077943,1.4005461986859111,-0.30734815737633253,1.1685258808968269,-1.0400715650852674,-0.5438811298198186,7.924940062426287,1.230931208140866,7.369078117525525,-2.075540409247817,-0.3539332820513621,-0.45136183344472175,12.773546751176633,-0.3693266055606907,-14.879639173531096,13.731285747544474,6.981273683710854,2.7270398473493733,-6.525312210540681,-6.166188294518735,7.192251153092579,-0.03291113181206898,-8.679668531245769,-1.6982967815540388
user_123,-44.67139403840629,-18.254124032920192,-48.58686619431344,32.03885539660836,-0.8313999068615938,-0.35416847954188146,-64.61144032835941,3.2994551574908724,79.66918767454659,0.139243421381367,-28.069556105078462,-16.772968388438414,1.2374157306632712,-6.595255116804102,-1.6291291302814777,1.2849510444687873,-1.3424686250140432,2.2445515502675812,-4.384326718827414,0.5348682361074925,-2.834082877259103,0.9791497130923374,1.8191926785019084,-4.490143508069705,-0.801784160256262,4.046649896376578,-8.782403317868171,-4.279683472256397,-0.761372984639745,-1.1627543453785825,0.5624574813278616,1.3325949518197786,2.0291339143355778,2.1126781377099957,-2.553154072118457,-0.2555838806056112,-1.1182263466797562,-1.5990302055146297,-1.326694417877056,-0.24165528443842463,-0.5899121016594802,0.36646014743670297,-1.522869283166936,0.3873438288493235,-1.2624811731277639,1.971468077245353,2.029131266699952,-2.111911844453332,-0.0873155880275228,-0.02861286864057667
user_124,-29.493028207467344,-0.4680800618661752,3.4448556746777634,1.3907253584384494,-40.96388207582276,1.1266553963920378,3.2047668215825795,2.3262926232302346,6.435829753051279,0.4737928500764991,6.07054307951065,3.586661347912167,0.29047545831668914,19.041207991596405,1.4146813108175758,-3.33376993281879,1.9199405741043303,-0.5482045973771006,-0.9170988865991971,5.320918357562971,-15.564559538766087,1.7378415457428384,0.57883174721141,1.0550005381634575,-0.9673724300257257,2.462767635584279,2.0875055449930695,-1.5974428285076394,-0.5141099075113598,5.246955755669163,-3.124884189477147,-1.0541766466234086,9.297786160505689,-3.8291690904652196,5.408847950149233,-1.1704911763730315,3.620367065021306,-13.073296085030885,-2.7335117669020486,-5.464093400743735,1.5099926867883702,-3.040493485129003,-0.5637539213447634,2.2191363776400284,-5.879094394838673,7.750970981621194,-0.8184029082040232,10.430911191556023,16.42905784018485,1.3372380136220101
user_125,-24.607600471101907,-2.8827846682195872,-20.753444313257113,-34.03800108438069,14.49505035216115,1.9636900303210576,-0.10414199272254741,-1.15257778257594,-5.4863799887740035,1.6638407933937234,-5.775530062625395,2.3025084143068506,0.1918312939313455,-9.332370797774633,-0.28940419567649783,-0.8000503375914982,2.99213637111463,3.735828467449541,-2.5027058098552852,11.105104979308903,-9.805728808278023,2.650939073746242,-6.555539949794233,-3.63924866112548,-9.27994277668637,-0.18989059245524864,1.7203577622502546,-7.120776214621767,1.640091680503334,-3.447224748725818,-3.4291715112338,-2.5711387625546553,0.048593312327574405,-1.0843645852455943,-2.116486863624827,2.838301274808927,-2.4181025324222323,2.3914902607690602,-1.2480954719408048,4.22272460171197,-2.849910534058888,5.167977619207474,0.49930083520927726,-1.9099279255802764,4.38411263622414,4.7875250525213255,3.759917827686105,-5.409536637301567,-1.471645672290069,-3.2736255977282496
user_126,-24.187392836591613,2.95595030057108,21.727468243038864,7.00629872231258,22.8365429734343,1.2555174598554888,-9.809440005627405,1.437924365659952,-0.7206141913157614,0.11946721106202984,3.589006886000321,-1.1117201409366124,0.3525774591303882,-2.632770495254002,-1.3242942872152987,3.382498363374463,-0.991492348992303,-2.3707935290844375,10.479082462636363,-9.95865066494722,-19.28857643539249,1.850152760194922,8.968154725879767,9.800435292295104,-4.2686465437416,14.032329355139053,3.927950133637113,5.211952286708268,0.8733054220963902,-13.361978794550227,1.8462187398908687,-3.0829362355856205,10.118900833279474,-0.16825177380085304,4.067365664068285,-15.38075953847655,-3.6452191210423575,4.19261563187578,-1.6302863947506987,-1.941733462582317,10.678032940685737,-10.716608861358166,-4.850144737509916,-0.2993687879260105,2.6178765554953527,1.3134385607254362,2.270130996459003,1.8750095479272022,-1.3281694568432791,-4.625445762962104
user_127,-21.167770870925203,3.3580453563134456,11.32008040643429,-11.52740114997045,-7.931843116820226,0.9186045024068314,4.419152335232525,-0.35709974343036416,0.34212372585175554,-0.6150267002433746,-5.3857031412585386,-1.2148373220951734,-0.22919861898596564,-8.200741861307717,-0.3960342433894089,0.6800743147314232,-0.8786560185422003,-0.5975054909820865,0.32125059623333424,8.120639105194039,-5.730670252669557,0.052242003516622774,-4.540043214893193,-3.1745058802570747,-1.7665310379184187,-6.0256078140690725,-0.9789161373833762,2.745792828991727,0.011037177131891177,-9.893061873614455,1.9957413699216626,-0.9423136004251853,-1.0472411087999423,4.7229764604705045,3.550509777020798,-1.4184388142891815,0.28689151526000906,-3.3131425956631846,6.157134707709283,0.6940779005027309,-3.163610537651857,4.048839259971134,-3.2455392459094767,2.5918979291848996,-5.126290330238784,-0.329045038756892,-1.0959002482727978,-1.8346732526949947,-2.1773420504715064,-3.3596709362790076
user_128,-29.912026733452244,-6.641257102599492,-39.29142752937282,-39.46036337352108,-10.746193343935241,2.228464240837053,2.86448590435406,-0.09906298135385506,-1.2344028834184282,0.5201675374010328,-3.2243220873207648,4.132933322175084,-0.08738865335601002,0.5100957627312016,-0.48134187532121264,2.251809154126261,0.702486506700897,1.4518007135664501,-5.767180142034034,12.075538517725096,-8.039044082254463,1.6160912887769152,3.337941433922184,4.124720344267707,-1.3310432478884924,1.9214997288946314,5.5799710441876105,6.4077069306773184,0.7822156874870663,3.7570362769704198,0.3696491186444809,0.3598872373789994,4.923120254909252,4.737355308411916,5.650673813416027,6.372352491072436,-0.8577490517678033,3.221901024500283,0.3982326009655514,4.036943717162012,15.396131518696418,-6.192304034576873,-6.456657482570133,1.9136606104946199,1.677701391754767,3.7976174500062436,0.5855441297123529,4.315985941589061,-9.654532652915906,-0.5302170196540017
user_129,-23.04238741039447,-0.5145048675279602,-3.3255042829158934,-23.74514369181673,7.176166089586307,0.48200220672455746,3.7117232571537095,0.507607842168961,-0.102764886133158,-0.030679843250340903,-5.366454506276579,-1.4479030620516729,0.3765072639661515,-8.568322064177178,-1.4913276751868636,3.2507988811530053,1.8348930676188868,-0.558599929656041,0.0818219147537676,5.798125441378277,-7.704514343613424,1.3032885282190125,7.842608396156258,-2.6627686760946405,-0.14684183002893528,-3.12278948242146,-3.243217598253776,-0.958185774881916,1.3093296692637306,-1.163796097900749,-1.2662814222396062,-1.0214539595770054,5.988603035207854,3.027856288539722,-5.876861634708262,8.66436671133656,0.4857250607098256,3.1910962911651333,-4.043039168806988,-2.9411167818453516,1.4131401944886792,3.9757658143014374,4.384119541302823,-0.8159221998026838,3.7866363032960004,0.052466874354624014,2.0436917319522463,-5.138574061963768,0.82817021437866,-2.87726953438475
user_13,-29.832087307730315,-2.141505093040285,4.565236721039311,1.7423671370219176,-41.87098681344061,1.7539600668853987,2.547189436612614,1.2433756259345021,8.286322049865147,1.802284075774487,5.3877871016647765,3.909974803334181,0.3060396345759534,20.958499377092362,2.3208000924471643,-4.586966326242009,2.5985116125405243,-0.2242269184158897,-1.24299726738183,5.535892870963652,-14.960406891799868,3.0321838229797295,-0.5708395342671196,0.9889338349682492,-0.36776585902059966,0.8176370640102988,5.565809478226552,-0.5228096871080409,1.8845124342581023,7.215660524103599,-3.1319910415250525,-1.0189912621901542,11.020266590330513,-6.616925140041488,5.805022421503036,9.0710993818152,-0.24518769737013463,-9.128599906166817,0.570957366379485,3.327025197707164,6.8437780642486,5.256127500544664,-0.5763212393549441,1.6871228993715788,-1.565848654443768,9.8078335842259,-3.837719251212732,-4.239057268622618,15.502278801354581,-0.03257632308493947
user_130,-45.98845570648133,-18.97015137923869,-61.024473144902,13.674725299911614,0.7343960577409845,-0.07287783918669766,-20.387205248248126,0.776183056666664,-9.894762600370827,-2.8375314734357606,8.160853094288937,20.488459784712802,-2.262306751849487,16.87032601040976,-0.016364873579667354,19.803113294203378,14.576785087092022,-28.636382976427353,106.32419610695575,44.24737015442596,17.650833428096412,-1.7596213345493983,-9.59421517022319,-27.31028324323906,10.470670858124448,3.073239710774606,-9.349208533786776,13.557486391518118,4.83167197404542,-3.4548584796436392,-9.658392756207306,-5.055663757259858,6.097591145495257,-14.672703410132861,-6.211282116214829,1.090892542928108,-1.3040298870701097,6.009910845397609,-1.2665040788729933,-1.8259022342382232,-2.368070547306583,4.216623217049753,1.924850951896757,-0.9219731760588343,4.007330934161522,3.8267177848446794,2.2721212786426666,-1.7044893366854694,-2.3427291915327393,0.5846627607039815
user_131,-22.39658530909823,3.922745693013975,21.741007173822076,-0.16040770346991368,12.340432331157814,2.7227444135806045,-2.0111984363845035,-0.8915214447757099,-3.3154299727104757,1.6506339407183375,1.3364846923922462,-0.3622000788583049,0.2924988446540843,-0.8783518988038218,0.2052846976875171,-0.2617333644837635,-0.09633736398210364,-1.3400192262313786,0.023696353636967964,8.9763490385699,-7.04803045784326,0.13059005788689407,4.226515144748697,5.844991528923418,0.2677283043169733,-7.3072599955496145,-0.2953529589566828,-18.66520304142215,-3.3447379940427453,-6.071258800759131,2.436413082692508,-0.2800315753004856,6.795687988543468,-5.883189377430359,0.16308184403560666,6.559819215700458,2.5792787304262244,2.329164766267959,16.54545649032307,-6.650391261280902,-1.5925761002328027,-7.83421213092657,-5.427747079054055,-0.6328563238004739,4.73776738237375,3.266306438000945,-0.12195622562080312,2.37498640245413,-2.6970236378889494,-1.809540748611996
user_132,-32.30715456460027,-5.2875489400714315,-23.89940693150087,-16.50645190294169,-32.25244556149046,3.0107429170073945,5.486941082959624,0.09396178101363052,4.350819982354087,2.2405418085616313,3.3926002122704477,5.271515325641047,0.10761824525687508,20.457102230863264,1.0705212534618047,-0.14589928266498778,-0.07901565376631281,1.1072877383079391,-8.591763238690593,13.5062753965325,-5.6286313778228765,0.6015150699340628,9.374838340601547,4.023085442046368,-3.7624504729075734,20.282537206391087,11.614217030196954,8.18512572357283,-1.1667555237673253,1.869950160305384,3.440637765635221,1.39420537149092,-3.6330743024356194,-0.8920954330149341,8.918285462548814,-1.2611844542926849,-2.4540793810165016,3.535780046921048,11.526222118166894,2.8096326727728593,-10.903815141185355,4.223895388742365,-7.763820438459177,-3.149338171818253,10.882371001452823,-11.264570372533274,4.57178982602849,-2.7419683543493476,-5.460976404749826,-3.4667021863324186
user_133,-22.412968546881487,3.367753953415229,3.7601440328990727,-17.87025630628041,4.190119059530745,2.3078337028603864,2.092552255708083,0.3824341199306696,-0.6154908883148283,-0.1574636165467655,-4.134850218663992,0.13887806436350605,0.021149074019701276,-6.785800299477248,-0.47128290146258167,0.27131466650737107,0.5775578127234582,-1.4235033943897895,1.5951885570989996,10.128605405503675,-5.002346573047425,1.1580049225935765,-0.737628038981989,-3.86229984974908,-2.737751902786498,-4.2253144009472425,4.847932886989745,-3.0093423469609233,-0.7431667661186478,-6.590713133252101,0.8473952840419138,-0.1374296911018646,-1.5214582430950345,-6.815593479064138,-0.09612479098805163,-4.368893132696621,-1.0243892830613042,-7.377941595774805,6.1792654635396325,5.35561113260834,-2.90074423992319,8.857318608408113,-0.7656850652238968,1.7938408900629552,-1.0530598254140628,-3.28873692719524,0.9876430876258313,-3.0351233340561077,2.876330520657644,-2.8174116991321503
user_134,-24.953638458513343,-1.8559630729157166,-13.82059694346428,-28.50555424352221,-6.755344333080275,1.510103058684574,9.684119509499244,0.40081204013880706,2.3333345750746246,-0.3828444213841481,-6.187682728349485,-1.9360627980153609,0.12394905159589684,-9.401172685069554,-2.2518828988746424,5.1557718782012225,3.4350444631648815,-1.0954293203734486,1.182968070150591,5.415171147796813,-6.605798335341153,1.0056946073420039,10.397937974904236,2.0107953615225056,2.07330459413693,-1.66236773165688,-6.475148291140749,2.9750639282123013,-0.7002619904999063,0.4441667589256462,3.0092934943523892,2.902091867769677,6.857144445490874,2.3553005479654705,-6.69708418588043,1.2712743413173972,1.0360915419183727,-6.13169541924069,-6.731676279490399,-1.1228806635905584,-1.1318015725477981,4.872949277297938,0.261309361338604,-0.5797569472604601,2.8946529251861506,-3.530121963298654,4.127678971369336,0.33286281898440734,-0.2753415388980598,-1.7972115582626198
user_135,-28.2327079837257,-1.226005712854467,4.270456300042145,1.3702929851810874,-41.185761563946144,1.9822782489600772,2.9569295264273454,1.4546452383831907,6.901579342695062,1.0960418062707167,6.532186528386577,3.89140671198711,-0.018174948954809807,19.911716286692045,1.7903169316009633,-4.58948576479297,2.018854841750389,-1.069635328897681,-0.6136329213619957,5.307557689233443,-15.714954942210678,1.4827670398229595,0.04566943969813993,0.41526120574579006,-1.1836631620094866,3.744143421222011,3.4598873350326005,-1.1059165368461747,0.501855943364177,4.680275305968884,-2.434389996760364,-1.8200531539660898,7.364736023499143,-4.829191742072897,6.635339207944465,1.4922173211002507,3.964809738681207,-12.404568315869632,-0.7204392418064809,-6.037813775315151,1.3375552560626687,-2.420666832088839,-0.13930765203714154,0.9147363289700415,-1.1750942463930714,9.039240691523657,-1.7088218783646612,6.988212273335458,15.39060044964447,-2.2653407491916626
user_136,-23.671171331124604,2.7305965449370784,10.861576666022936,-8.672166861108362,14.841601609365616,2.1927030509767604,-4.415934692815849,0.26941379771334373,-1.411727961746897,0.030933316487516044,-2.377267745961678,1.5758002155671804,0.19325403129625035,-3.7304060462107995,-2.2575829132641436,3.536920391567951,-1.2040054202611608,0.027746216652947825,3.1788113647690044,-2.6566683309599854,-13.693736148988274,1.8009498373620665,6.430725867029801,5.901606309277414,-8.14050561066019,2.4572768561526286,-5.282222517587259,-9.106245202241466,2.5463623202282166,-4.4923279529922855,-5.8553452743469485,-5.0829738051863345,7.681838092611283,-7.450017878725417,4.949214153981846,4.22011719079709,7.386719351854223,-16.88148756304288,-12.537216782501003,-10.118662986843963,-0.9562576026070936,0.034082964868547054,7.704409575023231,4.784987283620157,-10.236749113066752,-9.3718287657254,0.05956290504597998,0.9489475138744735,-1.8680307659624056,-4.036596102644234
user_137,-27.171551548659952,-1.907363024617856,-13.941531086516218,-24.486935406967817,8.025206305565401,0.8695186721056919,-1.4757822287051185,0.6649282691853419,-3.76827060340183,-0.1994598374262221,0.25701565035183555,0.8394934692312555,0.1879444433853824,-1.74529282310392,-2.453788045746055,5.740658902051597,0.6782956142809016,-0.5862852658528803,1.4117288278619247,2.672788829416104,-12.878227034196453,1.3117775202155944,1.8233769135488895,2.889530114276348,-4.941856678291392,-1.8985794874680793,9.539535102952751,-2.764987485211331,-1.63689351389344,-2.879759870276925,7.382289600980532,2.201805996376851,-9.745100814107037,1.834803598906078,5.229485683189404,3.0318228015881306,-3.8146001104370617,17.251402185297504,-1.82807378073016,5.6781479262770365,4.415971205466466,8.388851395985725,0.6842534416301972,3.181132095123771,-7.863318626816988,11.057122025069345,1.2528336677439915,5.946948469719635,4.2889201851361625,4.281096001125069
user_138,-39.55182969158693,-8.327504998324859,-5.694452821139472,49.90520691081252,-16.752186355547177,2.1302360784007224,7.345797786483785,0.24308965284729614,5.320208747428771,6.074294205149077,35.51634220014477,60.386305398136,-3.413152862925248,-29.486296180422052,-7.525844207562441,37.126108174499535,-61.29086585309962,10.120926396407283,-13.28780257202897,11.154393503146549,-2.0313512676785845,-0.7946010386398329,7.885867704838213,-3.0160410803806053,6.255712960153489,0.704043024366713,-14.997605589348092,1.238624131363715,1.806847892509627,-1.312154447643581,-8.296062061779072,-3.9563236320131634,2.1958685703970473,-0.5385369820652866,-1.1144215676431657,-3.397486916898823,-0.6876887827338732,-1.5681600562132632,-1.1881182950148603,2.6301143111137684,2.192450722459203,1.0409321329194543,-5.3646732706725215,0.9678528970832756,-2.5752863490958364,8.088321758671503,1.3210337495432296,-0.4539293516601308,-5.779432358580785,5.0996918990989935
user_139,-25.399509775480364,2.6558453774673647,22.19512707399697,7.342869315796514,22.865062252987084,2.295224222737898,-8.654266930317508,0.7510902053086306,0.6527444559445594,0.1572287373582821,3.3302091998809584,-0.9342901133043913,0.09059675555892363,-3.3402354472656985,-1.0729205047517199,4.754173361455395,0.09518249314553541,-2.5519503564933,11.143336646716477,-7.954128280260747,-19.197626582053424,1.9846422386825682,7.565638018372785,10.758809120482274,-3.527204651518332,12.445103697744635,6.153383316012471,9.335765314490835,1.4077766368660323,-12.459630320570314,2.0376304065025663,-1.7433831594644242,9.11157789243647,0.8041835708084153,4.914990234445155,-11.695293771691816,-3.6623645247578978,4.913974804573696,-2.5543856094110535,4.786719987863052,9.144247172859359,-11.509945236371971,-1.1596620154660722,-3.527635580001662,5.133102652753428,1.2942252806148824,0.11420148735872797,-2.639276633635898,-2.8500926422493302,-3.9130194576722044
user_14,-21.835632648276473,3.895880093770589,11.173252068772289,-11.747758710771357,-7.633329387028154,3.0078792085250776,4.796757474451978,-0.6994818706574342,-0.23984562321444958,1.1464961960780669,-5.236001897798647,-0.72047105688124,0.3204258067819234,-8.859192825191505,-1.4123708503154484,0.999190828672993,0.34388851512527474,-0.8389832072135538,1.2779040730031717,7.725430856078015,-5.640733862392586,1.0748289308794035,-1.662735750020124,-3.987339388445191,-3.6908691593672347,-4.832495239393656,-1.6679772750015123,-0.15586297594494472,1.644449195931883,-10.501083199193094,1.4061819163119151,-0.6824194385190531,4.190612550652912,4.9363224705720326,1.943611545140416,2.3040618680366305,0.3747918609337076,-2.0305526530986113,1.8891934598042135,-0.2725941507449285,-0.638636626973142,2.918051994989832,-1.8691943272475628,1.8190320449589787,-3.287298616184138,-2.396402853190971,2.669074843158924,0.682895347211577,2.9656211893845628,-2.2370687955875725
user_140,-23.54548605726525,-1.1670541218989285,-3.204198008507824,-24.384433717614783,7.866238144608377,-1.0072858614308564,3.3860772995339965,1.2402148464209786,-0.6782671094736726,-1.5993722092764038,-4.617408151313442,-1.5871728077496532,0.21780432341629363,-8.82860328073431,-1.7529471118680477,3.419355057639607,1.9510213599538682,0.9810294715544248,0.8862620892023513,5.57287946250566,-8.38277174188764,1.3331041543062891,5.973999800161929,0.8075318704986574,-0.3086858546272296,-3.614942854332743,-1.5349929309554933,-3.887396033796179,-0.02708225915962573,-0.42571446699617455,-0.015283255454744273,0.6938443823348805,5.980687335825691,1.1271321187119465,-4.067611449267813,5.168845075776893,1.1035715553475665,-0.5556331386289515,-2.084450106844261,-0.40440019601512484,-0.15934130835526877,3.031620143279764,3.5420721246273077,-0.09979169089320113,0.025478835480640217,2.2747700781545532,7.5235399731903625,1.1087423151946967,2.4343002650009646,2.787748273987548
user_141,-25.020056038426542,1.7272823113874909,22.543963275070368,7.721240871037183,23.070168947412206,0.635427439738233,-9.015261871369477,0.9512584716383266,1.4820795004284142,0.03504782881926525,2.769519487289646,-0.9717219019381029,0.23251764682619047,-2.846668269527391,-1.5276886229069924,4.044684691199929,-1.1911507255191744,-2.5729772509704,10.39857990490175,-6.795641378172182,-19.130697419093995,1.7426156143780445,8.023822660292375,9.950070872082387,-2.9046299199553394,13.560965356221287,10.612090456038642,8.931140032513975,2.036673470413042,-10.68349196127759,0.5640541212881406,-4.327796427609967,5.3237619269515255,-3.5253197614197767,8.142784899302468,-9.50619054284107,-3.098446691195732,3.7389974885372372,-0.17453020848693468,7.232916752852917,9.208387428895904,-8.767207553045766,0.7451402808355682,-2.424163939189604,4.066001621847188,2.506199424435153,0.01789550366540199,-8.041800815589678,-2.8058851282034056,-0.3387713349473825
user_142,-28.166204185152086,2.5055204705742464,18.599175447888868,8.930783940726172,36.08530104464562,2.7975239645085153,-8.253353019931689,0.7654216689748751,2.8186772374936266,1.6489539642734181,15.06699258373129,3.7369148152179954,-0.10625854216520188,17.781781682993973,2.1400034766401683,-8.274639339626955,4.304482800210086,-1.1559297408419689,-11.647508949878807,26.881264111479094,-2.2168465001019273,-0.4111980234591935,3.5076828892677145,4.64348884610341,6.128901677058455,-2.2551473080757005,-3.884765432163849,0.6885936760251165,-2.281532460885367,-6.55482746448857,4.267205131524746,3.0790539478683105,4.158330115001819,10.611589294864993,-1.0277158783849962,-9.541442613913139,-0.5713628779655796,-6.204536672504658,2.4063418978868114,6.744653689102949,-0.11619898985001635,2.6683585777302494,8.57742689945776,-0.4235286520857386,-2.720168472126341,2.105683909442973,-7.1369133764591375,-1.4237331204462453,-6.403223967487612,-1.0181105804277628
user_143,-24.931003801164774,1.1570797341185872,9.367903624140835,-8.811407736831052,20.145158143149786,1.594848434984482,-3.359838567703019,0.6545970980890188,-3.539673242108681,1.0195976358674594,1.6844089928440598,1.5644793374834405,0.4835794032751519,4.472326529530982,-1.0530830717259068,4.667562678439675,2.4879727815557073,3.190053724844496,-7.701992395828355,-8.628386052959812,-15.651921280400053,0.8578009118734174,1.5314359848442076,-33.295667682057825,4.441291986089331,0.8561508603850115,3.9126393138499687,4.324990910331796,-1.3546806537118583,-2.157105250800375,-1.5282132457238657,-1.111457142978708,14.157354261868761,3.1316922417598527,-2.6827465220387348,-0.4307865308823993,2.6549946713420383,-1.4649992641258598,2.781644441441077,-5.328467986696958,1.0795338628717286,-4.827734764796444,-0.7776870084210324,0.725723990704099,-0.24059019082755218,-1.3165025569837403,0.8815913255176485,2.4715024752511994,-0.1750387246838907,3.003838166870811
user_144,-36.022916900710705,-9.412686087251851,-40.03108150453874,-24.650807108192897,-38.042410548536715,0.26810976748303217,4.639155641741128,2.2714367171221035,0.9172958285775954,0.3430496640267791,11.22530408884409,4.941247336051797,0.19290129778054152,31.75947852162532,0.5070389395988378,9.196396075124769,-4.158997619403762,0.25080676968649124,-5.1265422804698115,-6.3357672768901105,-13.743707386527502,1.7534034643963627,12.787982038564039,0.34772082070572974,-1.40399431268704,-16.069928269163356,-10.98640563248074,1.786461721429464,-5.451345442163805,-6.454468016694508,19.91745768972526,12.262989816201316,-9.273042420754146,-12.542176982051455,-14.024402749983217,0.054470838043638864,-3.4632958541525745,4.221343504111566,-7.834630310393653,4.8222441734523604,4.249672720184963,-3.2029237246213715,1.0998400329462092,-2.14597310043223,3.9564606632220505,-2.163744579413149,-0.2623363056698131,-9.926591716721077,-3.4330610039626355,-8.07071502341325
user_145,-21.536644502899158,4.097358394623673,28.667849353559998,4.5632155948070245,9.353736511414995,1.255700467937027,-5.122681604987884,0.6052721711257623,0.5684051156066748,0.43050480038015027,1.9621793035581436,1.3272266135553856,-0.09382432856286659,-5.745870078174164,-0.5431253500399542,2.8365373868636836,-1.0834943714248455,-1.0202766315357303,5.329686371191316,-2.1517254112259283,-22.455243060264028,1.6508327592872447,-17.388064857713577,3.923853754669821,8.626794742820918,1.6833366571143937,-6.462556487891208,6.244558924375192,-0.38770980914634845,5.942472310133042,7.280583631326651,5.074925670124073,7.852131842475941,4.585978559004209,-3.212361914544656,10.463985173647899,2.543974691845557,2.643998359210799,3.700931914349876,-0.07648402594864416,-1.7177453477905338,-1.1235385090439427,9.26096521483054,-4.893413437245504,7.228612493372315,2.1030619621202327,-9.607060210339661,1.1477840139076398,-3.619185376569624,-1.2599471829688542
user_146,-34.91708448688132,-9.869663729702557,-38.12768299001563,-17.653352579105704,-9.61869931079361,0.28107006542657537,-4.603162340905004,1.758872654791253,-2.0013123261818047,-0.7003182774164132,8.4057210337821,0.6745366254571163,0.15795918762512987,15.368385203288017,-2.214785314237554,12.772809897220608,-4.371418184734189,-2.1552706571038893,17.111949124933552,-10.80629162923512,-13.892663138049711,1.8151683423210119,-0.7390370817149589,5.509799033503175,3.3855055969281125,-7.660182574016507,7.416440129608045,-21.032680299255897,3.589940234598605,-5.717752702462703,-13.315517637967684,-6.125600153715322,-0.8273862033549783,30.05882351843233,0.7549858016066369,-0.5049609812458565,0.7826788637505765,-1.1934322657667655,1.2905772398423543,4.402928305839639,0.4586520824899253,3.718413635475143,1.7936528821341988,-2.7477970744668796,5.832338295315597,-6.450623854255125,-9.614189038837875,-0.6072442915039734,-6.2491751638427555,3.7217403800006608
user_147,-34.02671878924177,-3.8857232873585543,14.008050435738756,45.29536146012262,-33.16707242309116,2.8648421925849195,-7.653147682030891,0.5205687567121314,3.0118876014696787,4.511691343067084,43.44216336334441,28.86147461218231,-2.015055375092974,-25.197910907506785,-9.094108898867116,32.085081322670526,77.16427492371635,5.40585089675884,-12.073146120124976,-3.115688442922496,-2.085024369434071,0.09260907377027733,3.429603649184955,-3.024614412581253,-4.444994477417581,1.0830121026363644,-10.261688694019856,-11.768143434316451,0.8614710521419634,6.968779165336585,1.77140600498228,1.620256879623398,-0.1430373518689321,2.3646224960636872,2.446760247618666,-4.029364841347548,-0.7407488721211785,-0.6379158421255495,-2.5831916085071756,0.8464618274128833,1.3800847286745377,-3.108303301205801,0.0727249122612322,-0.8626620026846066,1.4680218027352738,-4.24103945912992,-2.845595791747355,-0.25491063168498906,1.9123405091095957,2.3751675056713455
user_148,-29.208197539233524,-7.069777293753672,-38.66006010940287,-39.067690277071755,-10.881546490343109,0.5106014307753082,3.346593803011803,0.33302353327358764,-1.692102509875265,0.8290872575663032,-3.3513273996362,4.378461632238152,-0.00011338719876043756,-0.5589172051767807,0.7073855514568336,1.6455253254196087,-1.573402485312445,0.5644832321209209,-6.130069793102881,11.564171691852524,-7.0786143202295015,-0.2373848530567825,3.534997956710584,2.31332740520467,-1.3564898023708334,2.3986540490511556,9.006002478966058,5.766807088270346,-1.1165229659214655,2.57235098373888,0.4156780680880315,-1.5276098365006032,-0.2336491422670929,1.5328590739110453,7.081991123419659,4.765206118108813,3.233449995584723,6.958502676251029,-2.917115908162801,-4.290270598241318,10.410017149296841,-10.496271254508324,-3.7868014151215044,1.0585961010558678,2.2810712885932007,-0.4574623569399612,-4.415327150084458,2.920618978154245,-10.276478348675656,-3.2844774048974057
user_149,-30.151289751844196,-4.800478746715669,-14.837978676735245,-8.967840469384763,-37.68209350758363,0.7895949536793617,3.793388841062984,0.45968087678890024,-1.538764265826903,1.2820758304164535,6.328326808160649,7.130168868513958,-0.00034686697741105816,22.728037824956147,2.3838381485530427,-1.7108960383608076,-3.7048550417006703,1.8539812088162175,-5.472293531302228,1.1977450940624061,-12.951374025336014,1.9720819163526095,-5.403742444128342,-10.752056709154704,-10.745658574636021,-10.807071105223661,-7.214954873806227,-5.284588259660888,-4.375940975384253,-8.550292254374462,10.36500822968229,4.622788701904718,-5.11469777850492,-8.701300574078479,-15.337004186629587,2.73345460058153,-0.6746723548262782,5.618812465669739,-7.010465330308032,0.974370650725244,6.479318806828554,-5.514517371652379,2.878485459869325,-1.3734938198948812,1.3293006812621104,2.1785972613339637,2.2828105094936517,-2.773787070088546,-4.4482884825459434,-1.722991798587737
user_15,-20.85019338923126,2.4464441721255312,11.77296660870195,-11.2454416157412,-7.528552978231155,0.1597609914323211,4.559616383554849,0.37081246232701626,0.17449161332669716,-0.6561601331003889,-5.521745637630008,-1.8122411996883052,-0.15044169165464355,-10.171784437389725,0.13542186110421006,0.6610675315270548,-0.6525649707880715,-1.090816384996099,0.8712238268939851,7.151167006731867,-4.699449641172806,-0.9485523447718598,-4.79882987294926,-3.4234876100216716,-2.22742667849672,-6.63762359215431,3.6137656908634948,-0.695958717190957,-1.4841517346090098,-8.888485279418914,3.6529573753025457,-2.130287715864619,-3.5348832639056385,-0.30381980734632774,8.735097733877836,2.470257472955933,3.267035445549618,0.46395011013937637,3.5569036660902404,-4.129956740072824,-7.971418133157994,-1.261925190994991,3.0232936311148704,-0.9269075891866289,-4.0481249086062,-5.856822291530151,-4.074245566912122,-3.418193748321103,3.8040919941425417,-1.6461233573968888
user_150,-22.078757757174092,4.612279099402181,24.133692923922016,-0.24083853628436278,-27.729402722745906,1.3594874079257766,6.373585561991138,0.2516278673182295,7.292667126525587,0.7414528580009596,-5.019339046703019,-2.2187490112080503,0.4662806137740393,-6.983652939701465,0.29702872443819794,-5.688440846703525,1.1241443223475132,-0.9519755775388344,1.638716843269825,10.522006052937968,-1.654862887061219,0.22637570604830975,4.87754997514536,5.592043096330467,-4.582437994827844,-1.096586378890228,6.016424457189177,1.3381830321628176,-1.7281530926242978,0.5315616909676077,-2.6102533531273573,-0.3273079884724898,6.9535441849723885,1.5643482514296436,-7.109515218808837,-2.325739019422143,0.2780712782402272,-0.612264043492017,3.9621609018997,1.8565475810651995,7.051259133337365,-5.281880065565848,-7.051939938564587,1.0361647519875001,-3.003006451014992,-3.302277766385059,-13.522792728101482,-1.1224198054414565,0.37038702248772754,-0.016863237243375562
user_151,-27.54207341183423,-2.2103746277934864,-6.7700293759168755,-12.693321651477623,28.105519898665346,1.0065106035239861,-6.798034286422665,1.0448884651600667,-2.494476335757489,-0.6907518125241398,2.8512025917009844,2.3608678711091575,-0.2266890496208436,4.157541211540771,-0.583114798659675,6.885513111249554,4.4997886973861405,2.458098072913222,-2.5933112147777084,3.5847387812312133,-1.5268445626412033,1.3898031181181179,13.061210386160246,-3.381466366023832,-16.33914007547552,-0.6003323355066004,0.5386298776325685,6.064585178945488,2.129360661686196,-9.350247898515537,-3.6756251934023254,-6.611099517641072,-19.313673030048285,-3.5872834499658914,3.382468180012939,15.31045454514644,1.1611631497002224,0.5645874431737994,7.366210425011725,4.046033034514938,-3.8690876093737963,1.5518898542283392,12.041934394967614,-6.9898438146209,12.307278677111832,-0.6905479732596425,-5.187145964971353,12.382439201389264,-1.0289625203860566,-2.4391749609191837
user_152,-45.46143630394348,-17.961629368530428,-48.175818197833244,31.98191496672948,-0.5924618379207138,2.026267869255996,-65.03505006383831,2.3997981256727914,79.32082646500209,0.5258053177096395,-28.09409625627905,-16.709532471502236,0.8925169557512415,-6.318753879042438,-1.5004839195797837,2.4865778641938827,-2.2789677800074553,2.126804693416437,-5.3768308047722835,1.332736114186433,-1.9563292116497948,0.8287912888644263,-1.108037991916516,-4.377940666623982,1.2060230290241538,1.7455395505320277,-6.10826828041542,-3.365059935703413,-1.7294228526748145,1.0756426921027762,-0.9694468877969927,1.025993034873607,1.3054766170281966,1.1242589429557839,-1.9865705301720695,-1.4288672351530418,-1.6886458199268546,0.39442247429828553,-0.7973518825360353,2.29655309376623,1.716531491210865,0.03059440609672485,-1.6882703070848788,0.9360345672190642,-1.2326598791442152,2.9096043718445292,4.489200363731681,2.9168185063569902,-3.4331519209911865,-4.075946349895582
user_153,-22.421478072073626,5.633737024286981,23.6460910347167,0.6788461647237852,-27.88445241818409,3.9029169376338606,6.358488240766132,-1.271054357527369,6.655725729327611,1.8568695211356472,-5.153538921876404,-1.959657201882914,0.38737109331887265,-7.755617445473472,0.18935531109536574,-5.032571827558756,-0.8672330424789517,-2.3855154285228752,-0.5058062035515013,13.487123514804107,-0.09885509850011384,0.35149673370436607,1.1584277139169887,5.590106898357485,-3.287685752300135,-1.6792020971372754,10.651126137542102,0.8515387858588239,-0.8977656752000623,1.9530971046244956,-2.0431639647372917,0.08642004406025454,-2.4564260108940172,-0.06089517824910414,-2.527488358737925,-5.461155328863755,0.606845703639604,0.8309057222889328,7.106481006377007,-2.80779877781161,8.603673871223583,-5.976169822638624,-4.1022827052067115,3.277721894231214,-3.193043804066762,-7.149276177927964,-5.020690386410824,5.280090717197079,2.1648109023556943,-7.611570135289815
user_154,-21.0613192503828,3.024136426664126,30.86959581738653,1.0121278582505542,-18.02935720866147,-0.22625965175751195,4.689374121086059,2.2241528365132255,8.24835139699813,-1.3890007512738796,-2.341205103624107,-5.991484599655342,0.2536548351439058,2.458836163237191,-2.313829423020799,8.059301427350317,1.1854249703094053,-3.4397982321855354,7.820208855186734,-10.756228277036769,-7.0203755450094745,-1.6524613455297796,22.68047342657872,2.3149735731733925,9.445674638287711,-12.622523175062705,-5.403542758255115,4.43599725693853,-0.391879678297282,-4.3915769605065105,10.264155971160159,4.7225027101811206,9.26701494342898,-0.4652321286958871,-7.18037892377135,4.463439727980122,2.1745185420700226,6.214625748638657,0.7698913207952487,-3.5301221959061553,-5.7860171873319475,2.174459460967291,10.642220710652076,0.9120893654508446,-8.123170760422466,-4.92792339556542,-4.612245490189243,-3.0563904820513472,6.225807495572897,0.556575662747037
user_155,-27.271775681983414,1.1974695757511036,19.15170323304769,9.518486753827371,36.525387720065766,1.5286791779781965,-8.123023150442316,0.9281375094466046,3.138085806918719,1.152855289311574,14.8762879378367,2.9417299813363225,-0.10223996379889104,18.259093325198734,2.6448132545872074,-8.854377749143971,2.800112655186184,-0.45034534870168486,-11.647163088339124,27.726708825475857,-1.8115544881643226,-0.4427185288060143,1.7002543388822118,3.712447776104402,6.052278891821585,-1.4865600993024435,2.9106816850561694,-1.3978065446067403,-3.507420856030766,-6.075484235318518,6.199407731865869,2.6645511012996885,0.9228539119102496,7.131453479417079,3.495702792650149,-10.72134487450452,-0.5471736794917209,-7.389519105638168,2.533155550048359,3.9451107457520833,2.4827295645358225,0.36424830064844804,8.468203410475176,-0.024922438494540435,-2.4590765667045074,-0.09122455672297987,-0.6465054051211533,-1.6815453067443173,-4.229530309792109,4.387718448820196
user_156,-20.44188734271658,7.490646996208864,51.936271366415575,20.04958757748186,-1.0902582019931601,1.0651305899913677,-0.8221148366496414,0.23551035865951653,1.850205228088998,0.2877684389317101,-3.0168678520593795,-3.178561787563677,0.39519921370288896,-5.825033288472525,-1.696242311638515,3.0279560759297297,2.5721899357168048,-3.7262645176176976,8.528378193505512,-8.08510743204552,-13.599108886863911,1.7960562001680034,3.8419956402184785,5.729962055902432,-8.04262210818901,6.712791003273065,3.3526656840175413,5.513384165632989,-2.6803259274327953,-7.263965537028684,2.142596374517746,-0.47527354212285905,-3.2438102343702244,3.7269844742671023,-3.5889751554836056,-1.8722525070672569,0.4847119515484698,4.9242826238816635,-2.840084618766408,-3.5823920941721368,-0.07638453225432391,0.38278725191076923,2.618098151667231,3.1675847079149086,-7.72446403857553,-2.7197081184174663,-9.309691028814843,-6.055471787505311,4.8326279952340565,-7.902255215098468
user_157,-23.865619415718424,-2.2202445803636577,-4.636066263945214,-21.47663837000078,-4.205355414200088,-0.886382018412786,9.021436706076758,1.3743888345885702,4.297219756045256,-0.2779853889177466,-9.415889933780335,-3.5641015987050566,0.6198050180078174,-9.526376485601437,-2.4182107709930722,6.156256298793301,1.1991681472893243,-2.0099801472775254,1.469414841773174,0.6291890616587189,-2.4729355364338765,-1.8508161046681055,15.509783334496063,1.100437818910259,7.335010106617067,-4.820385331328373,6.091433572001784,7.613900716603007,-1.0258771449353714,2.740188473860353,4.124897151816198,2.283917299687804,-0.7332927319693677,9.075080038172091,-6.972987736531839,2.720480749033683,5.618325068878395,-2.105313427102447,-2.9149287997009288,-12.374657707875047,-7.164238886896123,-3.2333874952606805,0.5886784578045529,-1.1171854654682127,4.35783324730964,14.599143445166664,-9.221686387896964,-6.277355894491236,-8.802849959716044,2.6803833847132497
user_158,-25.609822156987203,-2.5870468942645712,-9.492682020780668,-22.673350387323243,-11.108603455319752,0.6448748411165154,7.687524783978479,0.6992961195172839,1.9140334832212313,0.36239175533127255,-6.952452908619131,-1.1034110577253537,0.4686179229100265,-7.174034602905734,-0.19626234748301288,0.31938768653472566,1.3050466970463777,-0.07465179062615562,-1.5953026054739299,6.197531210047549,-8.61640399184315,2.38146707406567,2.9350135233615116,0.89420442386918,-1.6055023821032002,4.425720875554411,-0.9442229737496303,9.160558016390258,2.1946455977000623,7.69100939029441,-7.178836143397574,-0.7097677522585094,-4.6697595654697786,9.842275037643882,-15.859487130529716,1.753765546550107,1.0834336588149238,-2.818791437454191,-5.449565910632853,-3.711139739236955,5.407387129597738,-4.886149601746336,8.461784918817095,-3.1307951416968636,5.096626846832737,-4.846373446345739,-1.8886608559029971,-0.4429649713741147,5.209198344353172,1.7791617701537952
user_159,-24.64387666221255,-0.20076206385932102,-3.5948078343360073,-21.519763843669438,-3.7239759232924836,0.5748117753274253,7.421297260968049,1.273108128313016,4.361864177014787,0.08484196064316443,-7.299592664803451,-3.6006550130056594,0.6073324304879828,-9.347846279264306,-2.1407786738171564,6.010064078752857,0.5841193543798202,-2.0110471674352404,0.32221933435324157,1.2190442156543355,-2.4237297407808116,-1.0743346930737734,12.656029697377486,0.927260729939227,5.305757363722113,-5.837298239337336,14.135379821567334,9.552666720133267,-3.8008606978512423,0.6297149459732804,4.909732448928325,4.227293846765961,-2.8386249483897976,3.526255700505134,-5.276332521838435,3.2295325928483583,2.6582900551330826,-7.086483436475602,4.4102703946784345,-4.055623433391061,-7.012080888755515,-2.1438480394259463,-5.791730970283052,-0.8610695349052805,3.534330841060298,18.06808135584618,-9.101750482783846,-8.219229481828888,-10.568534551112565,3.1356581267100854
user_16,-17.397604236248615,8.237878723392374,58.46024964914356,20.831767119271944,-11.703954093036685,0.35324590806937073,3.3170179952803,1.16618564244914,5.0224333098397596,0.06095028468203373,-3.878307360681671,-6.342103438325619,0.746395713607732,-6.6668668482777145,-0.07240823134333495,-3.930710440360982,-0.32946979523927766,0.4915095673494933,6.677482311120728,-2.3248581813176146,-8.4754527850805,0.8422054991451309,7.059342287820442,-3.896474670799555,-3.6717421668072467,-5.857941216686272,6.8299678262341885,-1.813161916712229,-0.2388962488308615,-1.013125557621652,-2.242911633821874,-0.43809983401140123,3.53352229271972,1.6232608976712697,-14.068064509475215,3.706766841330289,2.2065924153867478,2.5044740512881427,-13.316037738391,-8.781682118092185,-7.221568543294018,2.900067377552972,-4.6710392518953086,-0.40999953214746426,5.069769625443393,3.753081166952942,3.359819709827378,-0.8057175911075726,-4.100182138114404,4.834658736200875
user_160,-27.945268345801985,-0.4298360287228853,6.688275808291279,0.5129435502040441,-39.46173635685504,2.4075433350384468,3.781612573044832,0.7497395055429151,4.296007928920764,0.6794373757119271,3.8706050721306795,4.1858930587727095,-0.22844157621059963,14.199948186989362,1.233476280195378,-2.4834461465275126,-0.027523019339710544,-0.7107670561715906,0.09059551439337371,5.6960781320438105,-6.839890466293242,1.2624297301903666,10.12222996696594,5.392702913259414,-6.026660807364056,16.79309246532184,3.1029536750792373,-0.6513246191714245,0.7667593093395698,-0.025064375195029454,-1.8683812870939494,-2.1240333301176944,11.023003337989113,0.9990415861422374,3.751498354063318,0.42721929417966803,-1.189930341285423,-0.14959834647213796,11.402593503570452,-5.573339548720008,-20.38011400562139,8.989932540649326,4.54110444773844,-0.7846571908396939,-1.8964794319854477,-10.075973855351124,7.416131171118714,-2.459414359318227,-5.278450467329592,-0.962065827240488
user_161,-25.669886906493915,3.6016958051724033,22.28308305699988,7.422324578614457,22.753781145958325,1.8571364509422021,-8.7912641844667,0.6653227961254146,0.8095656407765301,0.04362404894653615,3.2463954360277825,-0.7534177728760945,0.21018466994209556,-2.9362807138903384,-1.3467286730689474,1.848351729216842,-1.8412132991077892,-3.842213042889378,10.026689825354062,-9.780316426283598,-16.12436836219081,1.8130089739820927,8.140868909974685,10.943730548174015,-2.9634948402262675,14.870501031294916,5.415688030194834,10.253360108622653,-1.0275767362387118,-14.302174342395686,0.35912372438305507,-2.544358579475349,4.204626465372538,-0.5675206002654188,5.155572898725466,-16.01240639641629,-4.004459192880661,0.32719872698536184,1.3499353344275387,3.5181415644340572,11.763503809245876,-9.732388262597441,-5.438099928585231,-0.23784282381642236,1.5381479249178596,2.7273415180505673,-0.8008865123837775,0.8986241399513728,-1.8661428308564816,-6.674461193667631
user_162,-26.662867199715745,-2.998744041823252,-14.145329768619185,-24.92111403049031,7.987205586134565,0.7786804828857704,-1.1217898392977321,0.29295099774878053,-3.708761406332889,-0.5832634774020976,-0.6462615177481134,0.8509856159651316,-0.0012693115973148633,-1.779470704914259,-2.361746755164303,6.927370590580921,1.6644524389446458,-0.3244857655711713,4.159688059835065,-1.166106701622439,-13.989028205335572,2.108224155796814,6.905615524774424,1.7489530194836518,-4.960817580279211,2.19951381370103,-0.613914914151092,-5.000530792739393,0.5260328195690628,-2.407365083464643,5.552194478850236,2.380929103391871,-6.087403822234826,5.146108048476746,1.4130681440559236,-3.887318464361569,-2.2755411830512124,13.817482646921961,-5.296774320119869,-5.931172042519024,-3.0169330487143293,6.3189360394532645,4.772803780481098,4.095315002658459,-7.875359171898818,10.164738203912036,0.4224188022063013,3.079057413992655,20.451873350398998,4.527003361929369
user_163,-19.65504110941804,6.542776858217042,36.42120277268467,7.835933428490169,-20.18459084634354,1.6903495415646694,6.855200374109432,-0.045982734466262505,4.4427500093701315,1.27211173289268,-5.8949213282333055,-3.2253978426315966,0.5817015797988925,-10.714245023494462,-0.5267528788406345,-2.949420231096044,0.03217974101849045,-0.517401164724007,1.7795520781976544,7.0222776186699924,-3.053459316712965,1.4442591686182642,-1.4337142151187905,-0.5755168997145685,-4.115863355920781,-0.9062380998149315,-2.4353094778715656,5.341710875070688,-1.4635066297171953,-6.099669119742802,1.3857425008862572,2.0238397681133433,3.0894467003729336,5.191858253529627,-7.06168020239601,-4.103412851531406,-1.2503608840864413,0.46165616510982055,1.2686312968195224,-0.11119810017232684,1.1447475424814884,2.064823238852766,-0.1404798965073009,-0.7914204428437654,4.667691086855485,-1.3488528628000904,1.8643054024307657,5.227269693143255,-1.8413417633153744,1.6018835891878922
user_164,-23.366871263462404,0.9652224385355106,12.305916928252106,-7.9397004690267785,15.249780426892444,-0.4271137714703255,-4.639267927284005,1.2989354320169157,-1.1627707147742312,0.8850517514069073,-1.5293464202017673,0.6710855044073261,0.6246769819982655,-4.462291627496045,-0.33522061934699077,1.77933558041336,-1.8079533654680637,-1.0775629992431657,3.133793309742609,0.6131326601209385,-10.391862595973466,0.18537320125521492,2.0246880455657976,4.321882802404849,-3.7297987144628366,-1.2233838796459824,10.000176874541824,-9.586971419492262,-1.9974515801823618,-1.8168017490487127,-1.7226495657272511,-5.372142523119258,-3.6613123940427896,-16.141211154003592,12.396861535577996,6.611660939266063,7.911479391329597,-16.840863653274283,-6.776694260532606,-11.352706865744546,-2.808335353598382,-7.447956275944622,9.95400313957548,1.694889496945581,-8.525678015895375,-9.992482367526584,-3.9697415125369546,-2.906649511348675,-4.069485241375075,-0.1945763842234515
user_165,-22.49991413212151,5.356100630929767,32.97351761064906,6.525867337032836,8.290130668177653,1.0188065335835423,-3.2962308064997417,1.2252309795006335,3.262910341284745,0.5987030704918592,3.656127140670447,-1.2523532022233896,0.2780882846768432,-5.510218961545539,1.1228831386918479,-5.039802912906429,-3.6025497046276374,-1.9867384866415496,4.116205950143363,1.3659387203412297,-11.070181673592039,1.4091025272807713,0.39885499522103923,0.03773138409438738,1.6433916693710076,-10.629135303962306,22.299478855712472,-5.5787499477034235,-1.5774265115583959,-3.201139883077875,3.827709833728829,2.301514546942625,-4.183437857715299,-10.257051841584385,2.032809345156001,-2.46304528089419,-3.3437717279278645,-3.2131970276622823,-18.5089626275407,5.886541971657397,-11.284507461611524,7.713382812872446,-9.410850731584668,-6.67160837328724,16.17482304387082,-3.212010004449615,1.6043111534642605,-3.7713835125775894,-0.9483364623009036,8.351552978363157
user_166,-21.529574572984675,3.886652836916948,24.024199433261238,0.3728295972534711,-27.850175144430356,1.673913605602699,5.875401307342522,-0.012063625841256911,6.671355422562805,1.5412758693066906,-5.359370282148874,-1.9292034775883282,0.4310412047748857,-7.0484910341774665,0.8710052934282961,-3.908532094509862,-0.3212941445572977,-0.5823959653460938,0.8447510203115364,12.19519237070518,0.14050631436305427,0.5531312642875337,1.6968567763872213,4.468169553841409,-3.281110296267959,-4.125039055318948,9.992688512959214,-1.3027181639371697,1.723999576049063,3.7978985796791367,-2.3162949334080123,-0.49628657023166656,1.278565323280322,-2.0918870265575515,-1.180934632491301,2.275676724698426,-2.149931172423574,8.847614517222265,5.061829307379448,-0.1983082790875004,6.528061870981714,-5.758044089060862,0.1250247584594281,-0.5585213885362516,-1.535396096900287,-7.331935115083045,-8.811141090327142,0.11291212417695756,0.9212048229591794,-7.272518712729993
user_167,-22.526989942369873,5.833469440931502,32.2684937429846,5.659309049526914,8.575948282338816,2.131107731483411,-3.666063595206386,0.9345351552676048,2.145444646649254,0.9640593510039522,3.42158328066406,0.03203886510991772,0.5006053572974597,-5.33695572630801,-0.16116731627390152,-4.759028963574496,-3.651909498959325,-1.2575925360825173,4.640876319136019,0.18709673509161337,-12.969670004271537,1.732396803063611,0.8846934104814292,-0.03514944313386039,0.40276582444423487,-9.62172337252779,14.974919051595595,-6.680720368795006,-0.7935720528417742,-2.206512186254238,0.39589639105215796,1.3379357013955753,1.8264843779376532,-7.041676225999569,-2.865660578458804,-7.213609663688489,-4.352516912511935,-4.271092926344051,-23.007804650613203,7.721987184688771,-7.338491696909544,10.980283661655898,-13.247424033522405,-3.439544154159917,11.675652551547033,-1.8419312187879013,8.022668526589891,5.555692278997121,-5.878261424833853,8.589904550507606
user_168,-30.153475709618526,-4.133514520861146,-14.370605866201021,-9.281906659555412,-38.075667493030814,0.7562264342836563,3.0475822613882415,0.8844682461857777,-1.7234390034147629,1.3870926691746872,5.7151814681434905,6.967533348767688,0.29886989947161496,23.705525655951718,2.732714689018942,-2.489822837101943,-4.506883213022436,1.8404084597401198,-5.327336657519018,2.203876811731228,-11.740023188383399,2.030994761657304,-7.660321203730655,-10.91705398329352,-9.335427083304552,-12.816990567197195,-1.6038549254036618,-4.548825606012114,-6.289571121734273,-7.050651942756229,10.47978059086511,5.408687678841817,-9.660094732474134,-13.220615595079591,-13.663890407685813,-2.529421767566535,-0.9231255501257132,-0.12185992249129407,-1.2052614689334367,0.8545348238937525,6.062993307439823,-7.194232192463232,-2.642289361447374,0.5425067877488182,-0.22497395110341342,0.00907353543936271,-0.9664025976551244,0.17105850489386493,-5.7081094784988755,-1.3550855772773795
user_169,-22.08225351548028,5.4990933581570465,28.975613875192877,4.925874010543053,9.70234692402313,2.0077281808672,-4.494311819942394,-0.5772753155454321,0.046790593093025905,0.43314581087872445,2.5538475061799693,1.5207904310423714,-0.36875611785562984,-4.836095355240799,0.02093615504736661,0.3977043973501235,-3.032242050440624,-2.618104532029009,4.517125867247921,-1.9356565725736892,-18.984206293728764,1.994036293405277,-20.23200835242255,5.7016230504054874,9.848258769024115,4.741648915129296,-3.6160385789297864,6.468776923706159,-0.7458777254199556,5.757523170761942,9.650622467027642,6.782465886405705,2.25341694193348,1.8761225960947798,-0.9879508730615206,2.3614337664973277,0.28337568717397305,0.9658016033700645,3.919712940865871,-0.5625415578259066,-1.821071988023494,3.840778944222367,8.751841576598412,-1.4440329212268876,4.93138299230214,-0.9419068414013491,-4.57269960737254,8.544199669084412,-4.14037226512746,-7.754590579401378
user_17,-16.85885986714954,10.757808216181934,52.842808783165935,15.612717463805527,-16.498694549557904,2.1599397674310534,4.997589175554942,-0.40299303212205095,7.575301619256074,1.409196191040401,-7.769905378402212,-4.125539644697595,0.7425223473094908,-7.675667992279585,-0.8492571268514686,-1.2899500302067763,0.619237885740003,-0.37936799998841864,4.866175002409308,0.9699674632497369,-6.164787349591034,2.2093422036515684,3.16186903516965,-4.6643258649738835,-10.669664471433691,-2.725196366882053,-3.2172507811496533,3.459828439458617,-0.5926897414984715,-1.0442285795277728,-4.119620173745649,0.8093766892075883,3.2311387491677634,5.186460106573168,-12.842045109308424,-1.0845371225443907,-0.5611260900803906,-2.7669290068019463,5.249821272096674,4.2911213162243245,-2.282688222523397,10.994258559064955,-5.610606129860202,1.8018598571683697,1.3767261155804942,5.3999125290432115,-1.6732705325988775,-4.014412035794841,-3.4851512636316833,-9.202486649812077
user_170,-49.05109296894277,-19.9836433041605,-45.33871475620877,70.6555505826437,24.602648818881118,-2.517258558114838,59.34434317595878,-1.9423028981003736,2.5668882615024207,0.21005758004375158,-20.576698651123305,-5.764021723236923,0.4775715721187506,0.9618313218441095,-0.11246095444062806,2.1269659013450504,2.871560455171787,-0.4896058605270747,-1.119371572352544,3.2150376947960515,-8.167342581777937,0.47449102709296254,-0.01632144046040331,-1.5942073428126007,-1.747870919341477,-4.74479819814947,4.597323108806479,-0.6025984056165091,-0.8027473355437109,0.8819183742957593,2.28937268558355,0.38948926403038087,-2.4286497342631956,1.2353592088754228,2.4791068468979223,0.2767268302730888,-0.3286596611422044,1.7979738128197513,-0.446275084842701,-0.20819526794250073,-2.363754327102771,-4.441224872338956,3.2046807215384794,-1.7860062273182495,0.4214158664558884,-6.622736181607406,0.9488278412207523,7.367238647927398,-1.0974874991305736,-8.144593369546213
user_171,-29.136249735022467,-7.214690372665562,-37.370245542253976,-39.659433648888395,31.7626364128968,0.4030505765949616,-4.953906596433787,0.5208841164081043,-9.865033253843915,-0.5318253833876845,-0.07228841420678558,6.7155122866793775,-0.4395753611523665,-0.7800902822937817,-1.1507852128517704,7.264406281986573,3.0832708686906316,0.1712138593001253,2.3721906620487525,0.21470496576376175,-9.248379524587573,1.422080662299333,5.6990208940287115,9.140809637304573,-8.380281098541573,1.8641768343208933,-3.991516329731679,-4.923779727065173,-0.33212260718728437,-3.4037582097591224,3.0815355713718375,-1.347346479881426,4.746216313209598,-2.700477543706819,3.4120829177078247,2.2915917909492896,0.12938121190475935,10.40596662644174,3.655645452984957,-5.836374069056386,0.9845984066789052,-7.309430669466393,7.091806584842368,1.143282916875599,-2.976494079713853,-5.460617235854616,2.0159966980665107,-11.721300065544511,-4.26342562399237,5.6823683187579235
user_172,-21.179088916456376,2.2780576942082615,11.744633040286834,-11.517458780374449,-7.6724733375694125,1.3743204949060916,4.362577994254229,-0.21335738254592068,0.022869044164647658,-0.11021160438408692,-4.901821686264381,-1.082224898134625,0.004282966008808889,-8.086439049400763,-1.17770556881681,0.11216738194992282,-0.6376009906809352,-0.5694759509295191,2.2556888517543805,5.254472885357507,-5.24975896507135,0.7704638256929708,-4.530572140310159,-3.679347952539683,-3.466925374992536,-4.11027809380808,-3.532082387725841,-1.0386975967481393,-0.516317790370633,-7.546717711511349,-0.7620675711171219,-2.1926674225803597,2.6495996385452245,2.437494758781158,2.7401457166390615,0.9933091257448866,1.074150383206745,-5.130647793605909,0.8984917943709996,0.6973177778165441,-0.567389891502412,4.119672583953664,-3.1645070358816696,3.12992558009458,-6.479008932990306,-2.2719452922260994,-0.3155538787991075,-1.840633838903729,-0.6587728271634558,-3.506943077276434
user_173,-21.458460590809743,3.464670121476309,20.85784831738365,-1.5749510728954452,-24.579521472417337,1.3383186968373133,10.059349712528324,0.3018201306853156,3.6018358520600047,0.15897346275795438,-3.7998481647759066,-4.209790156830309,0.2513332274199132,-5.196198217008861,-0.12310386364900641,-3.9413593527922717,2.1424047026570516,-0.963849727277414,-0.0022848011629049165,6.828191298023452,-4.637916186766166,-0.9208480815495665,-12.487477419324266,-3.2163995997489367,-4.064670806773877,-6.532192192135951,-19.053410879996168,13.016267902837102,-1.241141097405336,-19.621919054191263,9.655774517225518,-1.7655318624321477,-2.1786262787531894,12.943326667931801,15.713259100451278,3.446240383355759,2.7706467874464953,-4.539291478137318,-1.1097845056452038,-4.835521006177752,-1.193956201981072,-5.3851949999404285,-9.775002420647345,0.8061522458382526,1.7579780732972683,-1.0204921021093283,-0.26076966613232516,-2.343391681568689,0.8509521133089006,2.312702766157561
user_174,-21.979678499921462,2.3985684339684608,21.821919434183837,-0.8028905376851833,12.514552824935663,-0.5571345987356625,-1.2464181318573566,0.6093535850553646,-3.458906271360479,0.2005620311525466,1.7494522882404644,0.10591898000441145,0.3639189010331437,-1.969698131201439,0.2694573867608582,-1.094391110397763,-1.748657326682709,-0.24905408702103132,0.8903488597036183,9.21652378076737,-5.02050720817327,0.4926006727706262,1.7675485922992056,5.288599351542408,0.3303379746551407,-6.52041474528347,0.06759615934084853,-17.364419661079094,-1.4588994288389805,-6.192741159827667,2.9211982326260255,1.6005390072958547,6.236600194821115,-6.214005744998697,-3.241403194967521,3.9415453248796517,1.4466940574626896,4.198941983455004,15.73777671757077,-11.060615830356953,-0.9396752991269746,-7.678495194542959,-5.624336385324952,-0.3362501368489421,5.168672009463355,5.117973383311587,4.3014624610359835,2.1809612917068892,-0.005601267217177592,1.829542827714039
user_175,-23.096806137752154,0.05643493557603445,-3.5497292813922057,-23.252043787272306,8.205217228345996,0.8895502307644707,4.52987855451094,0.2898267321038925,0.1666066131860362,-0.8548014269699045,-5.403069875017055,-1.8997339963408386,0.06051528529659152,-7.618682302884919,-1.7717919508781512,3.618844824634345,2.2091803521637705,-0.26928692065545723,-0.2105031977354924,5.549974981945192,-5.692044920105176,0.8734064744781738,3.8270812361406805,-0.9164774672323109,1.1410405926191343,-3.77940729642379,-0.40788447850009485,-0.7942683437254835,-0.4507062532105968,0.12346198835216078,-0.9359466496278029,0.05252767537450111,-0.1016631336514242,1.8288848915871305,-4.457873405778576,3.412387081287037,0.07560211659523451,-1.7341053423655923,2.223387233027927,1.2356914327349948,-0.5936132140521855,5.5159536857029465,-0.9518130812527263,0.9243051813163908,1.5367815702830665,3.385031475739429,2.899183276138492,-4.995312190204217,-3.8912349694949318,-2.2376967508584404
user_176,-28.02023409961049,1.0925615914600557,19.352951141378735,9.659718766877788,36.76541780889515,1.3679912483918377,-8.159326516988159,1.859494315659622,2.8560310259127206,0.3463875303994424,15.611065114645731,4.445954937638447,-0.4211393130927083,16.434375065873724,3.5490361268010653,-9.906831800937185,3.0454191950551586,-0.5168984204464351,-11.29613518435605,26.994725297376313,0.7851868313672431,-0.45658570789592257,-0.1268475783791855,1.4680822324776568,7.333021115749304,-6.217812243536439,7.807237508130119,0.016590525493552378,-0.5017521461473933,-2.445793436420649,5.599818326156205,2.3345766585609034,-2.1055116275806673,3.856109100723658,6.8366554821576715,-4.8110072431584285,-2.239091621568492,5.557066144083647,-4.722878690833944,3.3090380304912004,1.910466242072466,0.38321758567333136,15.102472737259983,-2.0457214058130218,-0.8441706108786753,2.3452247735448726,-6.870232893405924,3.288523056270736,-1.3142754911895813,4.885576085197726
user_177,-29.758439409570485,-6.904258908799242,-39.51639268471524,-39.71179842684009,-10.745606284448902,0.6931431975664318,4.467979066164465,0.4672494711064597,-2.507363888569955,0.70389015830639,-2.5027533810830476,3.9433805766408327,0.18442971730608382,0.737868371140119,0.07076615927196651,0.30360506181927477,-0.6246806794743256,1.2699719028192875,-4.63826256352046,9.122186715760522,-6.122236961256422,0.4650624990175031,4.794532392298076,2.5971977142792375,-1.9569347383862774,2.7874639517562083,3.156426250801362,5.48969497387762,0.8866083009996595,5.890290178059113,-1.4951338831249728,-0.33203156128851835,3.770626893627837,3.4658869859034795,4.749437930807781,2.7205071844600894,1.1497566082575612,4.5830952998962315,-1.4921561194981041,-3.2319077187603824,12.715287347632062,-9.325758584056612,-5.606288003757358,2.197248646498423,-0.3113504043777764,-0.44696634941713237,-2.190710082848042,10.88102555700859,-7.5569447702588874,-0.7926663177645287
user_178,-25.608457555447167,-2.7231355540603173,-19.833720407504014,-29.096324515332938,17.243032138873634,1.0762842955123793,-1.3635060574852664,0.7888033570180706,-3.7409751599431296,-1.378048124737312,-4.153832272978534,0.8665334770695527,-0.006254682990366788,-1.448698657783697,-1.7107394508111036,3.770293339376031,1.2955936882132753,0.25316464249654286,2.378134631662473,1.1698943560655324,-7.833029583145173,1.0774165497014605,7.057522837814292,1.4717908066798808,-9.437397630762694,5.744597683414591,-2.79595043440694,4.463049046674311,0.40349417122689846,-7.98341500981921,0.5885495280778655,-2.0275377222515845,-6.410828285149808,-3.454596336106133,2.4895612280961585,-0.66873825569794,-0.1226503937306127,-4.643573102485866,2.0137163786236396,5.255036152642965,3.702810192265772,-1.7519293874554422,-4.193579429585591,1.3682001868002065,-3.666135405990091,-3.3165990647827517,-3.763302934593804,5.4881476271938014,-4.63867839028379,4.461805908642016
user_179,-22.125156306359777,-0.4063686943882071,-3.8897760428557233,-23.406452147822776,7.92438228637729,0.28572886920269697,3.960618879146032,0.3870010202017108,-0.48821715326915255,0.8357407302090143,-5.723693297999018,-1.497078896235909,0.8224582446563472,-7.941146597759067,-1.8819662261737646,2.149623414114073,2.2244400288931376,-0.4358240484517519,-1.1502702584708986,5.595544390248202,-6.333647322626266,0.8343649230135766,3.968288656848954,-0.6624360513975995,0.8488024205187524,-2.6996133674303584,-0.06516432985005756,-1.1531415613239577,0.4834666642336272,-0.9284035176329788,0.7083863341777014,1.1154928070592114,2.378514827930341,1.4052109484317281,-3.2948839305030204,4.501505345560447,0.990213002794297,0.9010959210894097,-0.5626737361927349,0.4692585099829233,-0.09792548410106473,4.85588447037299,2.2221184389415347,0.28812412585909475,1.5480459971585212,5.532174436973079,4.609606479310406,-0.5888360210245902,-5.808632524491371,-0.7130630380479879
user_18,-17.10580384768584,7.646486069443927,46.01140375449416,9.632952506154485,-12.541233505139564,0.8179692917503374,4.055018132593316,0.4307269249371657,4.632707949096503,0.4932463825877794,-5.739028088003908,-3.7026183565783235,0.6282657948846132,-8.415895781344776,-0.9350977577935943,-2.4352250597700245,0.276544730443008,0.12370085675427622,4.478641996583672,2.4827039327304155,-4.559139092281339,0.8460293165130747,3.2308815804848745,-3.7656680420784916,-2.0437134834752593,-1.5940719296299792,-2.5476246710242245,-4.090836276332158,1.3495575632209187,-1.727577135955716,-3.8136294950974787,-1.7327919512153953,6.881053518843065,-0.4219495692419661,-9.727204842014752,4.968462114291906,2.7087731863933064,3.2821120405154875,-2.982601157688308,-3.5432730478558514,-1.3282920413070043,0.2002918954055976,8.749517185467763,-1.5373055059389003,1.7786461050297953,2.6336069529660255,0.15877081549480987,3.707193857671371,2.478940633781027,1.839432631481817
user_180,-24.47153922067487,-1.2024410565790757,-9.2107668914759,-23.444633515984897,-10.930164639836432,0.6954492364645894,5.833628376053645,0.5892257550412148,1.6730224566158338,0.42739936407880813,-5.828935651050734,0.38292783713264283,0.3529536914257406,-7.584805336085098,-0.9189418796757552,-0.491310718197854,1.9475038582838118,1.3374771848720595,-0.7015269312488063,6.463349160987394,-8.221745675274382,1.3951462007273145,0.049437760590322274,0.9322105874635503,-3.1318773488410074,2.288955404315656,0.08944401407965122,5.045179584148182,3.3785151765743713,7.5433791678276085,-5.043659413857168,-1.1075651849544044,1.8688014222185954,4.0784691763355125,-11.343111674746298,5.172215824118003,0.001611023243983207,1.7395811164309534,-5.049469649510778,4.986248763346335,7.902912062649125,-4.7945096440387704,9.342348066280843,-2.802843220053062,0.3249221587816182,-6.491675174658197,5.5094385391204606,2.0836134300739535,-0.7114405409067979,8.205741288053948
user_181,-48.48802984743404,-21.45339921818736,-62.2800730814381,32.52913949524841,-20.396442807193974,-0.11816127883734703,-14.941518917658872,1.1446564703111943,-29.338655130841634,0.8930490800722518,84.00990436861883,-79.39856896498469,3.0052871636317677,-27.513560685265876,1.9719782258473562,-15.972318466413716,-11.53208569514882,1.34069337405986,1.4273800608596126,5.871693728378603,-8.610103188566514,1.3574129418897452,6.007316960505585,-7.41456270935595,-2.9552142663907195,1.4382931051660768,0.16669042426278224,0.9551491453263626,-0.06394372153031139,0.9721971617611731,1.562038159078948,1.5943343349335044,5.7844476812907155,-3.29786387141738,-0.2196970966402295,5.401373791668028,1.3200615076649937,-1.1176467139158157,1.8237037401890797,4.6576745115240445,1.2919413051736341,3.481167159361587,2.1185312336013484,0.870646304743056,-2.4445827959329844,1.6383325778193163,-0.5383654485205669,0.6954179394974956,-0.8550324508621923,5.398812803411991
user_182,-22.2639931548451,2.5381503232979883,21.612598578182308,-0.9714575867183569,13.097877182529961,0.7202859833747044,-1.6831842153510042,0.8004723857745775,-3.1297618059782772,-0.2389380345450714,1.9431559940520722,-0.1780210298711916,0.10532252541028876,-1.2445421888620931,0.46503505921952454,-1.42395607148952,0.9028226339961063,0.9275068043408828,1.406769756724978,7.83357612403493,-3.43574855441892,0.1854182954692802,2.6628186686139625,5.430850091019754,0.9334516590308495,-8.501450127857673,0.4011810145659476,-20.446230785687252,-2.51876420073262,-4.589702134834776,3.422314629203961,2.3401386143403076,7.795564110106387,-5.082802032916939,-2.133117274168953,3.6162159552512123,0.3040102109329844,4.125328428107979,19.0166572342813,-5.6444965108981755,-2.9682398007380146,-10.925382620171849,-7.9760642104522645,-2.2359245752987973,5.619931087831932,4.283769428986868,7.1284343312501335,-3.479183085795325,-2.1549920916337713,4.528971940405074
user_183,-22.62998554722164,1.9835806606554374,11.713930348524993,-9.844804115487387,7.573263258438384,1.3499131685009427,-4.5517671509080015,0.7730403003300514,-1.178998582518516,0.0021540086386757575,1.0304466356136037,-0.4763687392973224,0.014193907746779534,-2.567576915440383,-0.5773556405257958,1.711065585996925,-2.7729988161864108,-0.6295055872537381,0.22113266155409153,0.3403436720186816,-4.74529716007805,0.14648770371845554,0.9661802705410476,-4.196220515876208,-6.319364477161441,-4.687090117786969,5.006075057680898,-3.30266927816027,-5.154683762583486,-3.230248357873274,6.321591033558597,2.2996047012848586,-4.047070766121688,-3.5034298818548404,-4.4295150823809974,-3.427729255413783,0.332030806948667,9.963213452779177,8.025404046773366,-3.082934465677548,2.642824018830091,5.453334452659695,-12.163813386076663,9.803992425475192,-19.748120603879812,-12.819368756757646,-1.2824431446197233,0.15128672056747228,2.298755359145461,12.307721815775663
user_184,-48.181722238838056,-21.411107240285936,-45.312933354400805,70.1713131528483,24.30836616582876,-4.110769135559478,58.87090183852452,-1.5048065406025206,2.0327712063063066,-0.8769541525024761,-20.599516012583894,-6.068248376556649,0.4563613049715454,2.430385644543681,-0.20724372030607005,1.0988291147574525,5.149636662396198,1.0365263895457328,0.11897635201350366,2.090216528520416,-9.888234330121074,0.9116100149117286,0.7635786579584467,-1.5114199619085418,-4.2297425212875135,-3.1618572371936713,-1.041747323496154,-1.3391890430792421,0.4192362167535396,-1.4573881681681196,0.8634092758041464,-0.518846350470778,3.8239334611776585,1.320538806198144,-1.3462650925827033,2.9200520156803016,0.022335146510580158,4.461743960996877,-2.7798817324699745,-0.4880745620839222,0.7122769300761425,1.5535414832922683,0.012261923413319518,0.42869215185108595,-0.8085254100601668,1.1902256424590336,0.3390853610343373,-0.7472307735011218,1.6213373991600328,0.8192417549033523
user_185,-25.159367254347142,-0.42318747654124783,-9.83443468025553,-22.176742047115397,-10.360074215166131,2.142956906623445,8.671227780582594,-0.22514858757443107,1.9828668428507479,-0.23782197394822258,-7.065001150540943,-1.5623132142837222,0.009262429884888013,-7.838390546786471,-0.9408892439507891,-1.6837905517010054,2.7069819057352116,0.5320755681720907,-2.296468142445259,5.5017815618709385,-5.905910772251093,0.8012636761434184,0.8800472038728601,1.354930601979763,-0.6270423414219374,4.718109652147527,-1.1828828096138826,8.700700238980085,1.0170022460091064,6.311742267956252,-5.410806349837745,-2.003281378387003,-5.641137088786205,6.361607954914776,-11.696876080448565,-2.451598346815934,1.2470409967465466,-5.052149124976867,-0.3677451766408743,0.3813756438120753,6.078412394164561,-5.593772331705562,6.914231521790005,-1.5599626907707753,2.1298034375437234,-5.249492251097792,0.8516289110690374,1.1736227744415988,5.971544644725231,2.665911107229126
user_186,-24.741143384776734,-0.6040744612277112,-9.773138077852053,-22.278882595786985,-10.374278389344537,2.6773246971179776,8.1894009092532,-0.6487878470082555,0.9682210938193196,1.3337821808698875,-4.821784748976178,-0.5091712728062625,0.12802742838904368,-7.894202214105408,-0.8628708528759355,0.2571242838370188,0.7847305400734856,-0.5068603795770931,-2.654256739705164,6.302443854083412,-7.962178339689934,0.2980001859568207,-1.9272735176885225,-1.1268460593327834,-0.8814499405988546,4.07579939295669,1.4339839978717934,9.077035580610488,0.8193087631534964,6.53494619409277,-3.1683634911979057,-1.74346132919141,-6.584620479920665,5.249690870582909,-9.615018437962036,0.5328898827371187,1.6725349678499337,-0.0737430996374418,-5.023264368392502,-4.706758507793077,4.3887454020505094,-6.42567451549089,5.988623165466231,-2.025429574966949,0.6640194297395092,-5.4387847294398375,5.545123483551128,3.7394036638661996,-2.6555256580788433,-3.521112343371377
user_187,-24.07277455176103,-1.3992781417321938,-9.051062240814275,-23.119070316682176,-10.546100744671453,0.2556703455945485,6.4767488359843846,0.8562471894216703,0.5229414274489443,1.385024794137427,-5.393218892077511,-0.19662070934924458,0.8535169854025969,-6.988807435572137,-0.442665353088421,-1.0936862503444327,1.5203638357177522,0.6965478785253516,-1.7349340563795215,6.681236506433034,-6.855651708361525,0.8293563106127154,1.046454628144134,-0.4540129244324734,-0.8697545129795781,4.1376323772285035,4.98549007994798,8.685336485877356,-0.7865483685100292,4.374147683480612,-3.5132317830628237,-0.8777642738957191,-6.085133227749725,3.577803069508373,-9.493555168668552,-2.4403076277494002,1.3894807023259006,-5.422035237499603,-1.290723365843719,-0.24653759078196968,6.913602852905069,-11.301397591002305,4.962108639760046,-2.040826681375935,0.5104475826160451,-0.1896637608754749,5.295233701188672,3.1154937037056407,0.6108999432467214,2.0605602431106376
user_188,-26.49889753009104,-2.714191107157231,-14.080338552384777,-24.174460747030967,8.584701800362835,2.1147579770912537,-1.1074559523374268,0.28839612632403183,-3.4089265377348807,-0.0547737103251406,0.7050808239166414,0.8244089959866161,-0.06467101841231575,-1.550532563773723,-2.0666333851242347,6.103000548956615,0.6685641035405547,0.2157562074333506,2.0701974113247883,1.1333517623327143,-10.076136433601885,1.751456897904781,0.8185902502804598,2.068768313002383,-4.59364169283079,1.5726299838612274,3.8211253814350963,-0.6863430211674314,-0.05619081657870229,-3.2974691424048537,5.073492040500807,1.8551675087120088,-10.052920337943076,5.348503343801917,3.6776713457238595,-3.3149900055255457,-4.404231174371692,13.333251846939849,-2.5161054100984974,4.347262872178728,1.2384192187003058,9.22648583089617,0.0006108479964913928,5.977341900621713,-10.843858602127685,12.874948407838552,6.77195657239098,6.60937106685603,5.838185466104362,-2.200261263955862
user_189,-24.8976169827248,0.010972222053656198,-3.725436559347905,-20.766325668127113,-4.187465053566594,0.4848305713536248,8.502054588624702,0.6971730056973513,4.221879273662778,0.6031179219318692,-7.985179261081828,-3.965150925638604,0.8605539512449801,-9.826567976899964,-2.9853986800141037,6.950873589432506,-0.1491288759599787,-2.162619022229499,-2.718417374703019,0.7478483537985793,1.2335234260643462,-1.5221163230012797,10.621693487497515,1.1329662463029697,7.372145452629,-6.973108112988754,14.44500559545417,9.148953026927073,-1.5540196607287935,1.9621481005778427,4.576621875091267,4.1603786997598,-4.789594104882352,5.809640744320093,-2.4909049508782766,2.615789724929711,1.627971801695367,-0.6173067429175892,0.045109548627316955,-4.549074613485966,-7.955795081567189,2.674228875904652,-2.4847087907502576,-1.3613595129420257,7.42348643308442,14.584959764323912,-3.970613781821132,1.1202312751381664,-9.430405937633614,-3.1492185593288067
user_19,-22.04122274006321,3.9711141874177356,21.604809926725896,-0.8468698834787214,-24.31039653370701,2.2474642027455367,9.678484128341214,-0.33840875549731514,4.685592016905872,1.8037938976235952,-2.979808113971099,-4.669369717349344,0.47218793361519695,-6.37580788217252,0.29775447524019405,-4.579240124668043,-0.7046045634580029,-1.014623931421993,-0.8757783118435655,9.602302395075748,-0.1640640015194608,-0.5400007736862177,-15.407607421094248,-0.680304037664237,-3.254405256212911,-7.758742435620243,-6.996148581560267,14.577030210081961,1.2261825422510946,-16.731937987569868,12.080713872918666,-0.1411702037465351,-10.119869897217724,8.115802387389149,20.77107396770416,4.817205130232427,-0.10767689566138916,-2.4068643770529783,2.0391133976157554,-3.1695910904180984,-0.8426346148734389,-7.671900609054845,-6.909468385992689,-0.8243063394921604,5.448995331377099,-3.9168341602113443,8.799011116836889,-0.23431289261017837,-1.067767323696732,1.7077891850055646
user_190,-27.462746771981664,-2.4060360175694346,-7.089042320880432,-13.395481789225752,28.260488467189667,1.305632149502474,-6.62094790345064,-0.054819164860137645,-3.2974197243941625,0.2721220064889738,2.7574342829879006,1.1169439676432071,0.07592439216251207,4.034820692558562,-1.308526765224478,6.941234384607366,4.83450082904635,2.334117545300472,-3.717660569145461,1.014199848506819,-0.13147846926221152,1.4358946084672175,14.259043087389825,-1.773009401590066,-16.348300644290475,3.795444667311305,-1.425366988247656,3.594011023789192,1.4202934481116607,-10.069489437629546,-4.1293129309879095,-5.431706962463007,-19.13297450281951,-1.1305572380566333,-2.6975225306248864,10.862199733282372,1.4764695681686149,-4.185418410162699,11.826205955373752,4.017777299046132,-1.9416500425813137,4.101969612130959,6.450442527353207,-5.8080784473103675,11.934049105091667,1.8705571346091758,-3.446524992360513,8.45812564008084,1.8254992786903579,-4.840127514212768
user_191,-23.647604976645443,-2.2695240234923855,-9.609093825618709,-23.62237573593941,-11.163428786018182,0.0374971334457054,6.017547200738201,0.3196373995851391,1.6681509807628652,0.4918730870971811,-5.824989406313816,-0.3043421317210884,0.5348792580052777,-7.373185992533807,-0.9039854543801625,-0.8048524223372491,1.8414161621719434,0.7444021590363297,-0.685144330068287,6.010681418681508,-7.236533227900556,1.9680650498660088,0.32047949597368625,-0.09264307274423966,-2.843257159589705,3.5101549498467146,0.26043687556578904,7.291540111091458,3.8540896280247052,4.9653307030228575,-5.092931129830283,-0.3487701491648102,0.7569131345126519,5.929893135909405,-9.911145424823438,4.134874108170201,0.4623261562410805,0.1626378900955583,-2.437292556338857,6.181754851535866,10.388074640446659,-3.521387335008784,7.261813537088495,-1.6166462432554711,0.5932693196021628,-5.566706832579855,3.3859026939890384,-1.4344553068341315,3.1376286414360717,4.32355218443481
user_192,-21.849475368509253,6.592218810702844,43.02618819284887,23.82022782068915,12.329699246488776,1.783217146266743,-7.736096033548886,0.5587726963410897,0.1257553271780213,-0.7298859920587222,-1.0029243548308338,-3.436499792700538,0.22141013182031322,-5.303908460488449,-1.986772485565126,3.9439453828385163,-0.964820467060207,-2.1814142990041714,13.229324047391234,-14.925791049135977,-14.16398727325878,2.4331869947320177,9.332410570973213,9.276413564866598,-9.154205941673094,14.566120649638385,-1.8637604826529524,5.511603613192377,-1.562114325050438,-10.623061046093062,0.27326713342934755,-1.7698524282674126,4.406472140666998,-3.1319867744360104,-3.0723959701124524,-11.064743857599499,-1.8346589231197399,-1.2590517930627436,-1.0814442358427918,-3.033687859060161,1.7810735522674994,-5.389421795700293,-2.5160560324218775,3.523137189390313,-6.802906060539219,-4.5044811866497145,3.797217426631129,1.6516402313766991,-0.4253747406222442,-0.6259057618476068
user_193,-21.059696353230763,2.313341442029624,19.215466098742297,-5.2371577546386865,-18.278821130265843,0.7173974013781916,7.658293831753967,0.5281492126739574,3.0002254445132936,0.055026602633801956,-6.160608247153569,-2.6455548464907994,0.3624353567641792,-8.290681816351745,-0.2518722035555866,-1.8752811838317704,1.1157961776870877,-1.2264708037709877,2.3231486386306193,9.350968920295605,-0.7802832318639882,0.28791906738194933,-1.3852151734164913,-1.048066667319944,-1.1476090787942475,-0.9858661547778395,4.455837693625226,1.7181095090151308,0.7786445323990232,-1.3124532414851766,-0.8625447631945888,-0.7484231715105049,0.7948847174470836,0.2684314718184396,-3.289368970250223,1.1687101958144566,1.0872314055003716,0.4475900080279367,-0.33343172749665545,0.5677769570441499,1.0703455603772798,3.6570194439371293,-0.3842089609373816,1.9883655103427034,-2.288598537606139,0.2840109930756924,-3.3640381084678728,-1.327377655036731,-7.044606153767802,-2.3827720605264147
user_194,-17.448577113910897,8.4219216586857,53.691231495436675,16.652955071991006,-16.212618581601017,0.7017761857447344,5.499785246992322,0.28647906061527206,7.9443913384454685,0.2932712423513647,-6.958399999792199,-4.462881587589735,0.3903057078832544,-11.287274484160465,0.08009381616628186,-2.226186231942785,-0.7818015018941742,-0.3129850051475678,6.191604780096697,4.1932666990287295,-1.9019702602957502,0.9715781853737127,-1.5590061654785954,-4.07399209360144,-6.756948215821578,-6.53888655842595,16.10811454633234,1.1150489127145329,-1.2588960114234098,4.942203529066267,0.9215376601307012,1.2306579574375662,-9.607342840609839,-2.742211018830427,0.4012374970302624,4.751116213817345,-1.2293289540728631,11.024543787429867,4.408050873115708,-3.2253363058398423,-10.733593831740832,0.6142949053871212,7.700966156950546,-4.009746188975133,6.080746213804572,6.993226972996094,-3.921239270442256,-5.7627893533677375,-7.519826460339717,0.9048142320490784
user_195,-34.76100767464292,-9.852174705161117,-37.758815954148254,-17.261391361047945,-9.0743237827343,0.6725712658879364,-3.988376875445126,1.774013287070994,-2.609009450534334,-0.3564706442046005,8.797313661035112,0.45233335633371946,-0.03769810243150709,14.732684969843508,-0.6031114911680339,9.360905885313892,-6.00180709740531,-3.1740103146844176,16.484363033225563,-9.369158749738885,-10.414415000594545,0.7868612673492489,-2.4606733684813697,4.925644907223701,6.329670260324448,-4.918046329749252,13.461139688108847,-21.591327148271183,0.42756359593754256,-6.1264621647457185,-12.157503796447106,-6.83387423761751,-7.2778744410510585,26.068161412932845,5.666106293810736,-3.4851361395381715,1.1718803904927655,-6.983102544980008,6.367764657232698,5.2830204464774475,0.7238645819909947,-0.7841337885541907,-0.38529333097626206,-0.9837768835639902,0.4970168035494732,-1.5089948730922162,-7.497136317280793,2.7250161553145156,-11.673086562834477,7.788043091011248
user_196,-19.756334705575426,4.162040154851335,16.093675675897614,-8.52589940021092,0.2747846965122976,1.5099248416061868,-0.8338413122410042,-0.6800413829095119,-3.6766053942439543,1.0632569245472745,-5.766322534955598,1.2895559099189087,0.45275943149752784,-9.493704402864347,0.5024124247664533,-7.258732588766788,-0.7552755430977272,4.097337566155234,-1.416945366170786,10.33421872843146,-3.8887753455427627,1.991557188019409,-15.491997551006902,-6.72555804524761,-13.217481315436581,1.7435156087436694,8.856883387223593,-8.993278838475037,-1.7791409445113113,-6.4554844044786215,-5.132425447785749,-2.177478808351523,-2.6021482992777076,-0.5216605442930936,-3.4425909967218487,-6.0819697166760305,-2.306719446558369,0.2635053337700167,3.430151330878593,9.300248272315223,0.603886824642489,4.883634223007923,0.23199177276900984,-1.1291815885424321,3.0679075935778046,4.981713781338685,0.42649924102594267,2.3855794696101835,-3.673585893339922,-5.008273540462802
user_197,-24.665220332949605,-1.2693858541776097,-9.34811746462925,-22.936417210878886,-10.321551303819573,1.029321350659734,7.70956611843149,0.6817875003133487,0.4596498420151102,-0.1173137928149319,-5.290168294284192,0.13205528136559,0.08435947680530433,-8.712026117196977,-0.4009892340032007,-1.571810688202995,0.5947077497441406,-1.4739788584628115,-1.0241564787374735,6.439083249810649,-6.061351568041453,0.28284629892744884,2.7926099224916867,0.21660876686917102,-0.4404804347983605,4.842902842382595,5.107835521357465,7.2634474371019175,-0.3849328177936048,7.9927073022569965,-4.310212272696118,-1.0388874154174816,-8.432755262859551,4.389888735539927,-9.409685554320417,-4.611700976120784,2.6836412207956717,-4.5037018453795294,-1.4230662867156108,-8.654526406755663,-1.697204739208153,-15.163311629318407,6.517738901658359,-3.5412165574688728,-0.08445578143730696,-8.520479801659132,2.7155175818106083,5.0031539641460485,10.042274039576727,5.027476737153912
user_198,-22.870122694740427,4.915078800306945,31.9083941210804,1.7417255656524764,-17.53234965990259,1.2744143492474669,4.6319290907753325,1.6622793810298855,8.274011880097081,-1.2294398256908041,-1.6841249849486115,-5.664956566685163,0.2632376725501006,2.8957017817296573,-2.7654693846202796,7.809685371271912,1.4968466893341412,-4.888115525810119,5.059922792873211,-8.985132461062188,-2.1073980045371075,-1.4187738509976329,17.611574343233592,2.1287841934259513,13.915024016455883,-10.968008375799766,2.4396312814211254,5.237351147629495,-4.197584839569638,-4.529763530252316,11.344753128292538,5.9405720923213625,-0.811806109316893,-4.589008042152344,1.4049712430838166,3.1272847765752325,1.74802400105054,1.8164298796677,7.8388961068424,2.4567203840394902,-1.7239074669667598,7.70919747320202,6.925235846365557,3.5880737258040205,-9.370636181489376,-1.999779372820247,-8.870730012707943,2.0490834140755556,-2.7067853848649763,-1.0138944622530277
user_199,-23.669792336395695,-2.421948384107123,-6.0203642591251985,-17.254712990101105,-10.087612618668134,0.7018586009957729,12.54545837830858,-0.30867082523699974,2.739042401413958,0.20439838498815502,-9.313117447736076,-2.241081801403035,-0.0742424194907701,-8.723687892634452,-0.5014374046249078,1.2078123505379668,2.3412531155916874,1.157837627033761,-2.2529339846445375,11.68924115514066,-2.254322808736474,-1.0887235036999723,-2.553371828781624,-0.041147539457771415,6.733661977684346,3.8103582224450014,3.6611879976815667,8.109939049793953,3.1337096760451635,2.330042552595965,-1.9286140387164985,-3.8346687183002386,-3.0564745325346783,2.503320151463368,-0.5802837098891266,10.091194660130403,1.7128965233298055,7.831045025792235,-6.618866676990417,-0.23097767546718626,-1.0955302343446778,-1.2019680880065153,7.890923882711369,-4.400734848812126,3.3567129087889733,6.569091269601496,-15.051094287348327,-3.6260243327888193,-10.63132587279489,2.4985495371434308
user_2,-28.121648505659575,-1.2278448318131727,2.279079808040093,-6.166486105085118,36.83406534684233,1.0157218297038477,-4.722667017808535,1.8489337512739854,1.918034688830825,-0.8422687469687888,9.746125136928004,-1.0017413065405942,-0.3068715369513032,5.634431923236117,-0.1488932631241386,3.4025521620735675,3.759277467819987,-3.601738305815745,-2.5665996130336497,11.237638711309708,-3.8778537841766334,-0.8194938267090831,12.959172101164702,6.530658919736954,10.151484440733462,-4.578905383547305,7.056784226270957,3.660030838610516,1.7430662507220624,4.599517305032074,-2.478846460886346,-3.2324373935647914,-9.769181116988507,4.062023409589852,1.2853193099759734,9.086193918157285,3.6028120942934394,1.2328345857252354,-9.476283312445512,-16.457775768922282,1.4567641465656587,-6.044326946864042,-7.147089796415811,4.034824292886657,-1.3564167492552666,0.07995207892052394,10.310810823773526,5.599736013781091,0.3554936275713755,-8.818730005081708
user_20,-20.837714068175917,3.3012996457970316,24.056564210423506,-0.5689115619608197,-27.3889007411592,1.210070449422723,5.824176126294334,0.38963103176425024,6.597217800694068,0.16715577795754508,-5.001983690467271,-2.2294814102868825,0.1385825780818987,-6.791505217592409,1.0780834425779853,-6.7481176474355875,0.9759343507655672,0.7736578805414255,1.872705378851604,10.00686984171446,2.0510746073810924,-0.0940655350749509,1.437576181382778,6.301746239577296,-3.1552013737625617,-2.0072150889457965,5.937511173560645,-0.5724573252808867,-0.6158964746099875,1.6299128094146458,-1.5541695903228205,-0.24258171750658025,3.5491959178644135,-0.5402525070662355,-3.2246066437964083,0.30629445576182096,-0.12291275620846935,4.888180802840458,5.647578793634831,3.1284989827232197,10.075583434394694,-3.801698186333501,-6.900446744015549,3.5461970099148874,-7.123965236075094,0.533227567459364,-7.203172506180565,0.48158984456636345,-2.4405183390568403,3.431692361821899
user_200,-39.31931095576996,-10.820994686775178,-15.572156517942414,50.28966543883324,-21.74116414106369,2.3183601292134157,-55.50413537723383,-4.1887109804883975,-68.83200890434487,-7.79940732918267,-42.48926368791555,4.245576579489795,-0.07109656408875513,-1.7803627217754203,-0.8025748076757949,1.408940372592503,0.17381845233397242,-1.3074913785055435,-8.005339563868185,5.752959618885769,-5.136005420926728,0.19488778670796864,8.141707361284183,0.6541147128708819,0.3103392027107077,-0.9070429966391943,-2.391612807745893,0.8138417838158448,-0.7014670023129356,-0.8831563134723098,3.7191895586341377,2.3100845986018776,2.76817607597109,3.051281690206609,-3.143582009970576,-2.194442008967144,1.5244719361086592,-9.294759768576132,0.32473984027081604,-2.3374131801029367,-2.7405348085299135,1.1972685871580242,-0.4839824984591093,0.9985191715059424,-1.6429038121372588,-1.9579615684221483,-0.07200838480231829,-3.3564265137575076,5.072777762957572,-0.7389452540212926
user_201,-20.65569359724785,4.458906625725526,17.908845599567385,-5.895466365030411,-18.652746322870907,1.2463401587886305,6.9553840071549935,0.07174390365624589,1.9270403227188535,-0.4042610478099795,-5.770358771634725,-2.0664770155895837,0.17768248181196997,-8.115081855366395,-0.009655071356824368,-1.0570685955414363,0.580836062639666,-0.12169903191219365,2.3344210439391464,6.690783013210305,0.16783212038014814,0.6173473037477047,0.8514437077518306,-1.171326946755195,-2.991851589229018,-1.632829897720811,-1.9817820262902226,2.788685345530417,1.5493811859136284,-2.772952916172352,-2.9780534448866893,-0.4954549611318413,9.504024274552663,4.585780166927486,-8.188252848696292,-0.4726159353106134,-0.513276072824354,1.6709376709502548,-4.76647350763586,1.335309851720393,3.3803646029134926,5.821954164489167,-0.49234465149658946,1.5125206584425792,-0.5825586178732636,1.2633181088638143,1.6039354834047446,0.4168714560346572,-6.293639451669546,3.681986654311868
user_202,-28.233805166934623,2.3565881313643358,19.33171771075628,9.361217488754386,36.82978259583579,2.526257035256529,-7.575497285156563,0.9774886743297292,3.220584108676453,1.3456147386468178,15.800063922218843,4.130052678863348,-0.10864258356487363,18.534108804155327,2.448621731320773,-9.670445787501782,1.8417718108204593,-0.6756369298420885,-10.800227261203062,26.434655885581435,0.3591107493771718,-0.27567365889960826,0.5844323761180898,2.6081452482685084,6.214747599634516,-1.4896517121898658,-0.3472968496447791,2.964482359385311,-1.9124079601153032,-7.906987880447098,3.4353519452096775,2.111733224387901,-0.7981131002735895,5.659149792088589,1.1137538719299918,-11.920182757161529,-3.1039071052522136,-7.11352082112078,2.8562338036477692,10.54179512880837,0.8862796703428396,6.665755699102116,5.019747319701102,1.5736797274696521,-6.360010130759881,4.369929133132944,-6.885425229156625,-10.295032582734176,-2.5645836123553014,3.6094900008448114
user_203,-27.92794871500366,-1.8754042406717695,4.092945801116503,1.516150812624145,-40.83178618633551,2.0813892423923823,3.2257075215612527,0.8188679259171855,6.263295854767681,1.7600265060628406,6.355974179459967,4.23743187476346,-0.24657961475621876,19.60056439071724,2.520115251800362,-3.830904055510061,3.477120655991673,-0.8790739334266431,-1.1473979966279417,3.673151075649217,-12.00805914093163,0.8169672917236339,-3.174740615291951,-0.8792272024483537,1.02164365522315,1.9467381530501806,2.9581804322949705,-0.08676398978127997,0.7969936248027497,8.959576812272845,-2.4212585286196537,-2.3781201719547003,7.188353030208053,-4.3673117624762465,9.08133629520858,9.30200891371755,0.7394649297559522,-2.0394893001785706,-5.727749090773875,-1.3883513638563394,5.656326810107506,2.0092367267951925,-1.5707048773059824,2.806306145190429,-4.303018927378933,10.206242379948632,3.0282761993829928,12.775041930744944,4.6314168247252345,-5.418900673646608
user_204,-23.109170197456454,1.4120750989210502,4.619237044531902,-18.686656790337576,4.865039211649176,1.0322169378827475,1.9547012084009003,0.49371463326044546,-1.3067648685584183,-0.3862266850205979,-3.9541018453034904,0.9263460458073258,-0.08338882788470671,-6.556823700359278,0.2086426050174462,-0.8126841177374098,-0.27526703703151273,0.08598729201369222,1.5520356797332997,8.3290540198306,-0.7240716518662218,0.23094878649466552,-2.15359650417613,-4.289157939195478,-1.3242152256636388,-7.13566113508174,5.95794638321802,-3.492271339807446,-3.886531446499091,-5.375139307255534,1.6850803397399738,0.2592691131924545,-3.360838003991376,-6.599208668011098,3.1029564502732474,-4.240654373619592,-3.1458701278788683,-6.884968236227692,8.842913738495122,10.825169380378664,0.025783821600429534,7.092798036629888,-4.508629959544517,0.5151749966990457,-0.4147492347598256,-3.612044154877891,-3.279274203330823,-0.8904470863807096,-0.737883807792954,-3.9067850536498314
user_205,-21.08488022077592,1.933015711836523,21.427629671773733,-1.3915856366302266,-25.64929371701659,-0.3334395049551823,9.596038429089479,0.9484556013853633,3.7478197567007157,0.4992718944899671,-3.660092511298958,-4.995451895057364,0.5177775802966817,-5.983029286796067,0.9644051763591523,-4.192166004304179,0.6403710714563056,-0.06964227029292062,0.12676324196385327,6.248461929982983,-2.2023133068700522,-0.8854375569387568,-13.299767821734116,-3.119210247975674,-5.160099566246054,-5.425007449953156,-18.270820218490375,13.469480947380646,1.1934782761470122,-17.671692761589515,8.16538140745958,-2.4844095629349674,1.6492830285962397,13.018128689086923,16.370738038303788,14.469853243894647,4.83731491710501,1.2796180547337102,-8.862738425554818,-3.969509606858269,-2.183499282843397,-3.6063014391706174,-5.234503114310983,-2.2364914271817935,5.137194237111895,0.42770460519903397,-0.3588428899294631,-5.484907187678345,1.0786202050581184,6.45438887167121
user_206,-44.91004361055131,-19.173863375152493,-60.58858978147003,13.517820308121166,1.624431815420997,1.0630751287914064,-20.222452051050816,0.034573923848247375,-10.888471756949789,-1.9036022310385432,9.047757708580995,20.449970757635594,-2.3304658845241004,18.342710484669077,-0.05654484444890335,19.480472022714466,14.297978755793753,-28.244675164969117,104.26790083908128,42.03285539979147,21.67818797898666,-2.8104414109892346,-10.878729479852078,-28.349836709749155,13.825766901310933,2.7956537989567085,-6.665330748177256,12.550016856566458,3.3508773389064306,-2.0992787700409843,-8.595914746984223,-4.362127254597289,-2.1397859117569245,-15.941635066321886,-2.916102385940919,-7.25649662202211,-1.1099215876851307,-1.351550277526687,1.857915459887205,-2.5159594165159107,-3.108726775238477,-4.199185758895105,-2.067362564987888,0.48424127899642694,-2.1232119174352757,0.17937907470567618,3.521931360322351,1.1027786648968283,1.972583903404851,0.6204345851700332
user_207,-22.41498608777124,3.0288606676771486,12.02618866340415,-9.843572322583238,7.664167430719978,1.0730091719229282,-4.730999822678097,1.0874393816163879,-1.818768292104642,-0.1369571386941674,2.018544961953098,0.36705760026930717,0.1706034063112568,-2.67336818783397,-0.4566407817915416,0.5836609717163581,-3.4021759921280736,-1.5398281257212116,1.3298944875592493,1.3841018024252978,-2.2569249940418374,0.5917237128472616,-2.6800467965012236,-5.554749915056884,-6.6668992458978,-4.656631895955845,10.15175494734914,-2.2685378230608286,-3.724150298840382,-3.1568372477758952,7.199790149002755,4.454623616255427,-8.614135426453378,-2.9788814157592083,-1.8076071531415123,-5.847620227125154,-3.3405632223497657,11.788924415931001,7.165808844083945,-6.953615629255484,-4.410923151403479,0.686402498602029,-9.211999286118825,7.392756086070579,-19.435267333129953,-18.17150463795785,1.6151639448514319,8.440377103366624,2.5253787529019487,8.914393053538639
user_208,-26.44539648755752,0.31031101821620793,18.352328732062926,8.976414131820388,36.088580771643436,0.6484494693195899,-7.922089206887902,1.3982088756294857,1.409216728022802,0.6970699792581275,14.284542608948163,4.766958683683669,-0.2906967879042945,17.923627279566222,2.775167903118522,-8.67773610513779,3.8323184765305753,1.125743101215057,-9.018027214421021,23.28164322276618,-1.5499308542215986,-0.7956518953321188,3.540273041875988,3.105491022724083,4.324398820381077,-0.900136694431045,-9.873488077186687,-2.6231158179236633,-0.2760474776320634,-3.5948455183592958,4.731369014397516,1.8232439017769086,10.83681655794585,11.66168855046629,-4.50712092541288,-6.6409311323730185,-0.37476972546810455,0.9861171956504732,-8.105663999828954,-2.2287842307307137,-2.0319849257749656,-1.3268048115288045,12.393633284565952,-1.310302111518067,-3.459342574166415,0.9804832179619706,1.0452626146678337,1.3404937567154651,-1.9288805284364892,3.35702955011757
user_209,-25.8269189435927,-0.6722978542810967,10.988722622883392,1.2911835208137064,29.053028531519338,0.7690816650872384,-10.899831946451997,1.267715634605225,4.981691318794302,0.9621773700249493,7.844905929355116,5.382207064001278,-0.32545771664185846,5.133518514459779,1.7691616752933785,-0.21414417536216535,-8.210373659900617,0.0737269197637362,13.060082972833587,-1.4997394260057797,1.2992966166556859,1.9873592015596997,6.167803404041785,-2.1060551341168017,-40.82282375102457,-18.91075643720197,0.14000639073281576,9.196427547043323,-1.1870142165166095,28.128957509936555,8.630570434591794,7.861457608869051,7.280018486871499,10.513901169263566,8.521270309238849,1.0561485085175304,3.1194864373362186,-2.152019532456696,3.316644869946256,-3.2858263948369393,1.5117382655458402,-4.791241049909507,3.531761460306577,-1.76512851204932,4.061434328693815,0.3215069769640005,0.8096794612384209,-4.656605371736539,-0.9391573113258292,0.8006729276063127
user_21,-32.19063224069059,-6.175695709391563,-23.768056122449575,-17.265980630445974,-33.279850990506795,0.8913693241597042,5.0713874721929715,0.8839225175851302,3.1005507459447985,1.6243319629543018,2.9482357836622595,5.7591538031368,0.535384440177711,22.315147935014625,1.0838373119889977,-1.235195497592632,1.1452677248235659,3.049204161102659,-9.240713988939433,7.212374237248342,-3.645939801966423,2.3104311474246155,11.0945852646432,4.102417186141635,-6.967508432479563,21.265559462448056,2.982331467947203,7.6038967893334855,3.012941149850446,1.5682575596666617,-0.6313542193411559,2.628575717150752,6.567220672466751,4.651630490828478,4.2567955962798925,6.358031092369505,-5.760287105400358,7.563272829380887,6.934683289507386,9.440401273120433,-4.7558465589928085,9.934321643586687,-10.5060651201747,-2.7520854910041614,10.354893671494775,-9.076277984801163,-1.8896185062864699,-5.926584419483544,2.4306217077983425,5.144079661013818
user_210,-39.452726585543054,-9.514037226368103,-5.21503783864881,50.25402776594314,-16.67077937634254,1.385836692690502,7.808406332390509,0.4873851853392259,5.338568179000962,4.943000682007475,35.148793957334625,58.502623132449784,-3.640426549977919,-30.12407229926478,-7.163042790174783,36.533804822080896,-63.66139294416073,10.203416093532304,-12.593510679675958,10.734995821359183,3.1476543007102613,-1.2507536504893166,4.5753665390704334,-3.0641805989490467,8.159166775036521,1.1524549686443095,-8.701337291551019,0.2602448132055934,2.2437080762410453,2.5475755277840073,-6.576938519508816,-5.1629727718424645,-4.546068525694133,-2.1302618648216924,3.912568233441887,-4.029350021747792,-0.6483353554102061,-1.7566889794562603,0.8510597723291223,0.6068548079535923,-1.0866129778134508,0.30760057568176247,1.486645562644971,-0.04431849955757523,-0.32800629621313143,1.45148088182262,1.5233597997679544,-1.1688211623057836,4.003580911460804,-3.2615660845494454
user_211,-27.484967430092574,-2.339555111000225,-7.892939352357775,-15.267244487766934,29.549823108209882,1.6798905303729867,-7.104441072513221,0.8140778140310022,-5.557092615441796,0.16408916402795265,5.242736511202118,6.251750627475957,-0.2251062113749162,-2.8816413305568465,-1.809211314849384,6.994628007481968,-0.0620756705061236,-2.342078280226444,3.996451941587548,-7.032876224964758,-19.793385762837627,2.7676464447876685,-18.899130704886364,12.048219765297592,6.308701235501741,7.978103348523165,-10.950417122352643,6.440656965704343,-1.8945670928908056,10.925395469623437,8.934588903172552,8.848240718404604,-4.245173258634627,0.11311521346937199,-3.635560495216212,7.244082543623568,0.5561147179567032,-3.0147185626206765,8.784146515937689,4.7782871126992355,-0.8139843904673197,7.1360605319164,-6.800009841937701,2.706391407906024,-3.259407139858539,-6.237556695054402,-4.734352275542511,1.1605061003735233,0.14721725536342878,0.8773914646634923
user_212,-25.673098179274604,4.330768685412528,34.46723268119226,17.854764693223114,26.70597442128448,2.6117969407243478,-7.186604208722457,0.38140106144140035,0.916983804743667,1.23479374787115,13.035054820043424,5.288082962172501,-0.2636853525753668,14.780714382368824,1.654390384387755,-5.816264730631214,-0.12403615762535208,-0.08379475173750991,-7.379027079212906,15.136170966507468,1.8626765837274082,0.07592763054106473,-3.4038307909371484,-0.4876122544576151,4.811126937398545,-3.8259117871194985,6.298734309161212,5.126806936109484,-1.9518873845231237,0.7724196276560593,-5.053115427892773,-1.3261644796751073,-5.510524748103999,-1.867990188039262,-11.98115150555914,19.529064454640306,2.381841928638441,-1.2835824286498627,1.420283710305914,9.750364464648666,8.918490998029311,5.921662842534005,-14.115005902150646,0.6057615607316085,5.766814096993325,-16.728352939145605,-3.4514889771041433,0.6210417191048607,5.8635902977073195,-3.9495524171780416
user_213,-26.730562616622436,-3.30833753966313,-13.377990434366692,-24.933181131164964,8.029933526467175,0.9828413881777449,-0.6267055128044703,0.9141104957552842,-4.75820425709363,-0.6654131531395833,0.5687599774569039,0.4507353817055287,0.04487807912963191,0.010009773116091743,-1.9691608230061928,5.811111074915512,-0.5464173694286732,-0.827196029044126,2.4065369219280557,-2.1104484274206947,-10.33228182305131,2.026085543303336,3.162540938487325,0.2763820303857792,-4.397825589069265,0.7714203137816068,-1.1553870641219859,-4.199030784909781,-1.4043022705693915,-3.4024930792173538,3.5836379537209475,2.565014636575932,-6.582625049162239,4.470232083758907,1.5712160901188827,-5.984812225344208,-4.487471996738657,10.880228381902166,-4.051553173883828,1.8475892682921748,-0.008992703343963541,12.428861659161877,-1.5356773397481336,5.750600389686901,-10.574133184291703,8.860536245033183,-2.002466694044865,3.871210852792621,12.077826349953646,5.49493853978238
user_214,-27.274671928458,-1.4539199426007636,2.06487783141735,-5.77654506998103,36.79647757746209,0.7947741418274715,-4.726130796856218,1.7177146079088859,2.8867686831069093,0.0017078468570392315,8.680053130642087,-2.005908557818274,0.20798864344142862,6.8485040766449705,-0.7688498145726824,2.8123546223048015,5.255923326600337,-2.840855415637402,-3.2756309430479646,10.372847342711962,-3.6440019479830754,-0.7884399672569838,13.828890486559668,6.9947250076044245,10.422754834499463,-0.9779736213633107,4.016538140546136,6.507353606116899,1.1560473765420571,3.0686049326017866,-4.648373777138545,-2.683282187305174,-7.901853166091225,6.426392377916988,-2.8778971112817033,7.740377573801928,5.330504311660745,-4.468722939069897,-4.476804730061719,-10.17887697582952,1.1080652731071228,-4.822839077378691,-10.34596215184171,4.625451247688722,-4.557320437725446,2.4166254495611517,6.4446636810984295,-5.727365813368559,1.9705658813415663,-7.432588743555558
user_215,-24.335272740865978,0.8428576014903427,10.135547126183118,-8.309736944781582,20.252262906051186,0.7439185973742448,-3.1624177697537155,0.5993465430029592,-3.710186746720782,0.1380405230630357,0.7574944776947399,0.42651143269448627,0.4558408801686682,7.208827118797177,-0.931255155446421,5.03334313646102,1.650159651121434,4.903773751735257,-8.225733922314278,-9.938990858301894,-9.329547150803597,1.3741434937624837,-2.027248069587981,-32.65379925073165,4.848687918863168,0.7492000342222193,5.583350802037163,6.905994397753569,3.865622493562848,-2.2156567889838366,-1.8774868541775573,-1.1788400731941195,13.64732610448989,1.6046925404560592,0.7868133789975535,5.832919255543404,-0.9250372582853532,4.272978573301846,3.8955828652347897,0.24363294731442497,2.1363264203386634,-0.04425104715540109,0.1915512618822678,-0.9776393819486647,3.199382068453817,3.5567543472944734,4.542741420869177,-3.781998890646222,-1.9262380432704722,4.865773438649124
user_216,-18.562255723253312,1.9637063632906604,15.570410792816341,-9.040335989766302,-0.4406928623384502,0.6910850838581161,-1.0072518402601163,-0.9376739829492164,-4.2810176986119775,0.7894005734586578,-7.238357161367205,1.1843369609263261,0.10640762666248652,-8.187363121409183,1.131923016795241,-6.721925205996415,0.32488678003325855,4.452069137412494,-0.2564203395497005,5.376430197377733,-6.5160095877111095,2.15911881939067,-11.45541707351184,-7.8173302375978695,-14.571499201541044,4.872721591262564,-3.4009569800981723,-11.171647065740816,0.9637885881809539,-3.9264714162826917,-7.25634475062668,-4.41732065207808,6.189931054101802,0.6572659520448819,-7.918780287663285,-0.4051508022335357,0.1624241055736592,3.1868744581899837,-4.799553075149462,0.8866527358119598,-0.9675228972637175,4.494503577398871,0.4068700289568943,0.2958446041376392,0.7911085620192242,6.331685186826903,-4.593661791597879,4.957684128234987,0.6363409462513245,1.9830349592557217
user_217,-21.36566655010004,3.1530458918087483,29.77755656457343,4.550504227253003,9.54802899786762,0.6311834428955158,-4.508780504512413,0.6630732312642018,-0.05769100935501219,0.3932861299790052,2.9934811601729594,1.211406884632312,-0.1010938990662113,-4.9094594651531365,-0.4233987214493665,1.0083139405946073,-3.087687643726776,-2.0027344163525616,5.628858088826265,-4.6885152340805245,-15.40650672514709,1.759252569220368,-20.363192026630514,5.0732887703866485,8.564819911078517,2.986352550465745,-3.3541316467750417,2.8566694718541115,-2.203842841935125,7.09682728853499,8.327501979824888,6.816869535795839,0.8717698891166304,-1.542066954817378,-1.2734390526571697,6.9523371828814815,0.9474468875702874,2.9639315549197023,2.1508972352916924,-2.1229682007655972,-1.343978542592832,2.2900151454738387,9.429600332032404,-3.28477713934537,4.245228123945829,-2.401231477075713,-8.372469889040831,8.455191454170205,-4.592542609942825,-3.7501753185584668
user_218,-21.812801604516842,4.465875020885901,30.676119425959886,1.251393404525003,-16.971901014687276,0.1310448659072663,4.34297056635937,1.9926762507257079,7.588683261581383,-1.121000016588571,-1.729156731650507,-5.706541310287174,0.40272223120149414,3.3301261043327126,-1.9830476824527865,7.575131471414558,0.4234464763616229,-4.1140189011684765,5.440625008987285,-11.094692702907627,-1.8194622151695565,-1.6751689441355502,19.674169491794526,2.059177339236997,11.838418486630681,-10.876076526826697,-1.3685533325895913,5.621038632542599,-2.9929429730379913,-5.680585463215729,10.126674853856434,5.382485626536355,2.9096700242043902,-3.4535364042233287,-5.725029463908994,-0.1019371888845234,-0.5095323797613903,0.9512383970772884,4.288304166078679,1.7327833798788008,-6.527925950886679,4.383957700702458,7.762582349385624,1.5105500556962659,-10.172417064813223,-1.2887245910441354,-0.3557150093595112,-3.4733082768775962,1.6412502473683803,-1.202929981760394
user_219,-21.93606170019929,1.9144362765515461,20.927737236224576,-1.3308330691889232,12.493903160841882,-0.18968493941719355,-1.5416208478950282,0.8864656161548579,-4.809081160478853,-0.22702635174050587,1.5123905817050798,-0.6065890133783222,0.5373359876942468,-0.2835366563385358,-0.17366905445983083,-0.9557129703838051,-0.4328781509445884,0.09464360717183076,1.3273269800705265,3.794404361146899,-4.221964643407366,-0.49701677371858405,4.130058779924351,4.913682364001242,1.1624732642586877,-6.264158535503725,-6.535074925853193,-21.441535044757373,-2.330483526343578,-4.877594031890785,0.772231951461126,1.338112288067545,11.439509042623769,-3.1015581711863245,-4.818365830723834,6.836147063410761,4.256626522416718,6.898763622400517,10.98586807700163,-11.846771578974746,-4.80248192254427,-9.16381910627223,-2.909937127543486,-3.056236300474624,7.3949332970909625,5.779201300130351,2.6455009347390215,6.8541257197378105,3.322104673464251,-0.5890704250804025
user_22,-21.48619067954124,0.04836769530781883,11.335088394354047,-8.142212472211405,15.107133769819685,0.3750699324200599,-4.716232954421438,0.6149149310025324,-1.5661783533060127,0.5741421567366066,-2.6061787534981664,0.5309767986859785,0.3559570401666177,-2.0490884837404506,-0.568420529485148,2.674009257425676,-0.804705518510157,0.9343575588750735,2.507559791318772,-2.915402766847579,-10.134067977163566,1.6410252917278776,2.0239690867308746,5.825716168306526,-7.475589496167994,0.051712998766846846,-1.2104366734003693,-9.68088084596014,3.2481834955891413,-1.428446130471594,-5.879092766554308,-5.3867229033044755,6.156576454443637,-11.86446273715985,8.806955217708806,14.627819193913947,4.206694837804696,-11.626616609339358,-13.18698432538412,0.20907238034411588,2.598945593974058,3.022226205823214,6.270836921717684,2.0877799601682647,-10.149265060525439,-3.9363246422478246,-1.469289918050174,-6.091765636689216,-9.278249253807585,5.187436951006376
user_220,-19.928080839458833,3.246813337740811,15.70444856449463,-8.95193103606993,-0.0782753640135205,1.9966127855860245,0.4317515559669972,-1.0359358550305018,-4.256083648038174,0.8773208569534953,-6.6091727435814,1.2956501339559785,0.05421769415717377,-9.435179752156277,0.9989871047688671,-7.666099637104787,0.5087823821267932,3.72771498012751,-1.5840393028559965,5.814869969776091,-6.36534891338156,1.3942200321377185,-11.3123768235908,-8.355684745445636,-13.83891922034947,5.899613943282289,-0.813686150427073,-10.311978764771812,-0.3712012474553354,-6.4993904479379605,-4.8928046113604715,-4.605470416604408,0.5588092561141899,1.5025321505676432,-9.088926214254071,-8.638490171496787,1.9574555727292964,0.42304867739696994,-2.6332547043992722,-5.771613789554127,-4.156528882779727,-1.8857195718072066,6.604446381549762,-0.46389874324282826,2.360644391400129,3.8714746172413768,-1.8289956366485933,1.8396179242380917,5.473816989052619,-4.909194640460528
user_221,-21.85221399610314,3.0861892801221074,11.40465153592383,-11.976733323876806,-7.251667444559424,1.1703000613625294,5.5683283343255985,0.3435145775511502,-1.2501123013808049,-0.21056326808747408,-5.03395061693393,-1.984893821480028,0.20063439455958562,-8.746817147773966,-0.8305239829503541,-0.37033042561773155,-1.4183097976450187,-0.027669176047060783,-0.023523530529959154,5.08506540867796,-0.6214731518989038,0.3167090656419958,-6.602188001391705,-3.5803842694953274,-2.1032383360420632,-8.014848912193411,-2.2039434111958847,-1.09401993607065,1.375874269475965,-8.786752348629657,1.4600887527256305,-1.3083774524807201,2.2963254384152294,4.790502490335098,6.602832267597883,3.503982061512544,-2.718185214467596,3.8260543600756027,-2.4603989540970663,2.898287060057816,3.32029614903825,2.1736945986649863,1.5301050228867348,1.9599124981826488,-5.123424242297244,-7.549504589922317,2.1886767808361167,9.703576487516523,-5.382951738195581,-7.038853770162629
user_222,-23.134153122201248,-1.5451976497476343,-12.477250754505153,-30.106397228423056,12.210409671638908,0.5135645567435223,1.2570146544887364,0.2431895416791003,-2.9236939189379823,-0.02503237883266804,-4.644792919739643,-0.6591558458304554,0.2840128137260519,-6.474130340129153,-1.266875629098237,0.8446291724457431,1.7601206131569351,0.017764923498449877,-2.550055554855285,5.805052104913235,-1.3645074442090646,0.5448558116563383,-0.5461496315905193,0.14967555202273208,-0.9004233177649389,-2.859358025657862,1.7456534970544009,-3.1000646373247207,-0.9716986443107313,-2.7385432407923718,-1.8991934034816231,-0.32539428980047724,-1.5593368432551724,-3.031832137010994,2.2774075846963258,-0.4253024675986584,-1.119646246551667,-5.191245084174905,2.563947634245967,6.347426429627689,-0.506897171920712,5.370290754425432,-1.369156492742985,1.1375611754363897,-3.916680575769828,2.0337696383274064,-2.5150042967416093,-5.9097842117302966,-2.1131780818760424,-0.003724077696942887
user_223,-21.402057770084085,7.15449007808342,40.78300687024553,8.395502873995358,6.605054768043559,2.33989225126511,-3.1098151706302883,1.1810017578119518,3.2129097307243986,-0.14283761710081574,1.1755521369686843,-1.693805134647111,0.25092591317715435,3.630905723982012,0.1560880540902814,-4.1929252848326195,-2.4744688157576524,-1.1321259176783351,3.6222974249040187,-3.5491653810103054,-2.9168049908295,1.0056536004970498,6.089665729448251,-0.24157738375359927,-15.904090330067474,-5.5429447686002895,-2.129564483401886,1.3808997014273032,-0.6981149179756727,1.2044984392937794,-1.1421629856967574,0.25161111296602123,-1.7030260286227492,7.781043235672205,-7.4642073904703015,-3.7371889676751966,1.451508177265562,-7.025544629311071,4.090687360893953,-0.22736385102959342,-4.668507815679837,5.107252474655147,-4.587949668891735,-0.2165769629150646,2.9673123897057447,2.683628261566817,-1.1438968075283888,-9.370337824507008,6.607899275037543,-9.524470696941599
user_224,-20.027815527992107,2.339311427784341,23.600054885854135,0.691575216531242,-27.652057350775262,0.49776830495121765,5.913585926176399,0.26245713006806165,5.668632333193162,0.8535442984207625,-5.393605749580496,-2.223680551432874,0.20905454357845973,-8.38480583670868,1.2782120132584949,-5.682289353845483,-0.030850171111089952,0.3807248779217188,0.7593516666601159,9.910850348390579,4.207788241734575,-0.7857338208995116,-0.5637011981775495,4.639838531935893,-2.143263884431011,-5.317951661398725,9.103909882374932,-1.0289059036698929,3.2047166508221085,6.718420729939522,-2.613869441030663,-0.9730770609151814,1.766902178430758,-1.0985010079598905,2.4542734435867306,5.163115885064839,-1.161888686997751,13.219978747610957,-0.2945045702068369,0.4753445273843715,8.669674794673405,-7.988873742470187,1.0410743651219818,-0.5558588572198204,-1.7966003583680679,-4.864483849727629,-6.53403299671217,6.35324188841106,-3.5060656306585525,-3.583135846485961
user_225,-22.337290534325835,-0.5621692592465306,-3.9365815429548165,-23.596590548042023,8.000351661421584,0.27110381389124266,3.9506626494686254,0.6591497553527057,-0.7590432381052452,0.15392607143411932,-5.191379512684657,-1.4030504321112391,0.4229961803610216,-7.4992955745036385,-1.015650587523772,1.4736545246467772,2.304035060466314,0.8183387317388172,0.01354039222293169,2.8516714960547596,-3.8996705363511714,0.1453543992936847,2.630507736021287,0.3681491720427158,0.6341678790041941,-2.46519913071635,-1.75361744828001,-1.9261369601375218,3.32502391825876,0.3459384282696759,-0.96730906547887,-1.0725034322001172,2.8762784473936978,1.8842856890953208,-3.858127596965679,4.036716560699483,-0.18832660247925653,2.1012928824204256,-1.673492933733734,1.3489588677057467,-1.9123849591134514,3.9886287576367128,2.2874458516291742,0.17326875846557757,-0.3795393773301181,4.434946734210188,7.2363309363107415,-1.8111214272663603,-7.933449456077702,-3.415831142033817
user_226,-22.04004254122322,2.355842290967867,21.788615960784373,-0.30659227185967863,12.754030826876189,1.4290099686447464,-1.2662733847082186,0.16544953057824363,-3.269568938956237,0.13857261365766982,2.2682629732235227,-0.35867113943126233,-0.27843668680354483,-1.4501696100486594,1.556647388808694,-3.0053681137475197,-0.9850470809438148,0.2707441031205196,0.9522411650694101,7.284560927566106,-1.3366442235628,-1.415276659597421,0.3665238645632683,5.813189189361905,3.311118417629023,-9.536055349728187,-0.06434971481818677,-20.44065466371044,-1.0773047623248124,-2.716111311352543,2.2757589960030646,-0.44798321584713174,6.553869099020532,-5.710271730888871,1.9182704620319533,4.384941683771823,1.962974258305435,5.747991562654473,12.800074364930483,-5.882078842817744,-1.353548410896468,-10.99325385486593,-4.940870586761976,-1.6564684853574045,4.558626873955404,2.1628685976789024,0.7116863867966646,8.128883583837574,-2.179429148367133,-4.53576852874788
user_227,-27.79688206636297,-2.627428018361697,4.281053480665798,1.8973629147006728,-40.93385274745395,1.5023084174030212,2.6890832783201577,0.8987925871665455,6.682219414901534,1.6284574258416882,5.446564382463647,3.067367714721519,0.3042935639089046,20.40766255265968,1.6265161091336369,-3.2148368130002885,3.329652750548174,-0.2365682163296,-1.3992912542488154,4.923047604486116,-8.77964424584491,2.346348733972396,-3.278583867034862,1.2014042430320462,0.2595170557587044,1.3293068764180584,7.135349096855622,-0.9240565966423272,2.9179616467085814,10.342605941273758,-4.281174209999312,-0.9549950879847613,7.4212039488335835,-7.5444534599026225,8.930276606116825,11.003427815481839,0.16732687357773957,-6.426302988388372,-1.964128465653001,2.275531351497322,6.002831068995129,3.5060254156442183,-0.8775006814449523,2.30582197164998,-2.916748137546914,14.559273697610447,2.1357422979046783,9.891552771179681,3.614850478429427,2.8488979827339795
user_228,-34.20362130555545,-5.626806836651655,14.92578998992475,45.04197033856796,-33.17606558773085,1.7303170190804145,-8.403510602829334,0.3817323491656838,2.0603879816470854,3.819528657066042,44.006039449569556,27.796928000352946,-2.0521749849009137,-24.866511397896222,-9.321773675911587,30.96740539114938,76.73756229534247,5.25318840967955,-12.462606255868845,-3.838945732324986,3.984025155184926,-0.386564202069276,0.5794594037210005,-3.5778431311720422,-1.873833349191781,0.5298532962389977,-7.728321425053577,-10.007942338722637,0.15712947774604488,10.30913076193635,-0.24437925578886432,1.3721051560874813,-6.6059729956462725,2.0104053659592007,4.912781421856324,-6.063714341110651,-1.1381941473245762,1.4188951821789348,-3.9640396894815133,0.5970116017728243,2.9043750130714776,-2.879870258440269,-2.828158909195173,-0.4055425949420654,2.403340235352315,-0.4258255477250592,-1.0591291169809771,-1.2291784200111637,-3.3061660425717023,1.4335743579176943
user_229,-25.609014737442635,-2.700740484378139,-20.29824740235444,-32.53911621047786,0.9245990364016775,0.9291317006920212,5.451158870671297,0.7523614654819705,-4.107540291651439,-0.8181989132865978,-6.535643804107671,-1.382055294451787,0.14321176890491047,-10.760047901194277,-0.7484323533123481,1.6420025852676836,-0.333435423938798,-0.4655549993794855,-2.823667450618298,7.104014021970093,0.8182285869072721,-0.22468848232203797,-0.8614730684317792,-0.37546285437600146,-0.44629287433121273,-1.3544121025672147,7.162947985729715,-4.3200514318122,-0.10149943343314144,1.1172099050838558,0.29445137426009005,0.09773596665278989,-1.644735303872596,-2.136184195565094,2.6687260294702626,-2.500466924659011,-0.8813989709239513,-5.032637860090849,3.9694368726860305,-0.11844049164410211,1.4048389970470079,-2.353041578332664,-6.713060857433219,1.800594705620163,-1.604371777738724,-0.15805267861053526,6.88382047349647,3.7951193209982472,-6.160605355223132,-0.21245369058755595
user_23,-24.250033127448283,0.9643205400803521,22.465404294752506,7.6109576966671115,23.074754518524536,-0.03473115147792877,-9.349365175888408,1.1582638797874152,-0.12015014004291777,0.6440414349343933,3.213582527108085,-0.9826347226614726,0.5076475913453795,-4.111647459544348,-1.0345584411390478,3.834797661125284,-2.621937506266433,-2.4701520240463215,10.296942866477359,-9.579008540760485,-11.049605359890936,1.1754157237427085,3.6776282379945027,9.173071179030384,-2.7821840863472005,11.661097430135467,11.408902229673014,8.105458638140663,3.1924601087505757,-8.140543860959744,1.2243726658911636,-1.858019053875281,1.6941188688773516,-3.2664946405933017,12.460025561801519,-7.3617713572754555,-6.475232678973296,14.96527289683914,-4.894401501252403,3.1402877627312877,5.521999838602728,-13.353378541713935,1.638038766459432,-5.257948199127851,6.211246687345373,-0.45751794315249306,3.688513284458997,-2.7285652926210706,-2.1309685065151562,-6.437128751403853
user_230,-24.010331228626583,-2.578419685912678,-8.71594974828207,-22.560154627079807,-10.551962431121188,0.3151636439717565,7.064826464255725,0.16095976631884254,1.1487619310125023,0.47916635367942084,-5.463479317871622,0.0782534325498978,0.06494356176477141,-7.452340825339046,-0.4193739127786966,-1.817965384812579,1.0255906998214064,0.26343408941525537,-1.8997190124265064,3.6011549380323555,-5.612673489933129,0.40642359825840385,1.2564697725370717,0.8705682179880485,-1.4303058469401653,3.9352532683501553,0.7827548170973859,7.701407374693583,0.5587798408393118,6.058429773606334,-6.094286032802933,-2.040100368122306,-5.151733767216681,7.451205931865575,-9.427331544277893,-0.21047456627851088,0.8471692249484276,-3.9541568072389337,-2.5198377337507427,1.2198052307643166,5.717501654743926,-9.067814619986994,5.580973372836839,-2.3278430371363625,-0.7062260580419152,-4.983671466399864,-1.889241577428162,2.590215538875603,1.7310543319452951,1.4015095430222313
user_231,-27.313739399606312,-2.427906294379382,-8.267039491056142,-14.472529636191569,30.09050427033064,1.3129507382672079,-6.6386733160721265,0.6908669990812644,-6.550968249743625,0.22627730533143986,4.73049430582211,5.5937673043616325,-0.26051178560096916,-4.980981235868059,-1.810711474564299,7.610844048865941,-0.6649074638299468,-2.0246077099472024,4.676637686293046,-7.144949714081999,-19.333336790301473,1.441069453328049,-21.109506947985956,10.349246655657108,8.434856193467004,8.327496357195203,-5.936537615417789,5.77846377518934,-3.5723829667748705,13.09098993589096,9.307718646443396,8.24215713284537,-7.578654034498423,-2.504746176650178,-2.9862378081102303,6.88432975235033,0.7786785799725189,-3.326119242191611,7.864797282315545,-0.10482696218353164,-6.320407057563179,4.622641863284675,-5.207467275224299,0.9655897213191201,-1.4418025936038072,-2.5642299739540637,0.4775870201432104,3.001976453442764,-0.9492024037793932,4.394044557944244
user_232,-40.02699547496053,-11.937963335090778,-15.349176668849367,50.46887359462119,-21.65942304199447,2.269892010074668,-55.15878586762996,-4.383994536742492,-69.30221325048262,-7.90510846720483,-41.736564904322755,3.5955148178997676,-0.18061384668232602,-2.7024595308590214,-0.823818625166225,1.2289948215396296,-1.5999686130634663,-1.8773274888666107,-6.660595666109398,4.38049913386635,-3.0389114778802644,-0.6133087681959608,7.031411643237456,2.3956786750232064,2.583596278397885,-1.974255279272289,3.9267887257544114,0.6301810514640382,-3.4205724455846314,0.6990196596793237,4.940718345351754,2.743681743831212,-0.7652994773043826,1.509471990510133,0.43199322513882493,-2.8077104535520743,2.302897460618795,-6.006137955400446,3.713575165575765,-2.6890564870688385,-1.738173774394903,-3.4739388010680616,-1.0257042283704396,0.7420560353096367,-2.822997372195764,-0.30200161727022434,0.9620300885021187,1.7071357232998505,-0.3966482064719419,2.6389794327193012
user_233,-22.436317607838713,5.4699771899064835,32.688082408505345,6.032856292653467,8.81861650309401,1.5223379038261617,-2.9295798173099947,1.2832343923628704,0.9648939865026283,0.5121186081668039,3.882992647512912,-0.02136470364388707,0.17734564811159947,-5.853486815416705,1.0699032088772047,-6.348779248981352,-4.0360898790767905,-2.8649639471679182,3.770683283829502,-2.3327457431596943,-7.298323367960658,1.2095769225543473,-1.335423486924509,-2.342051615285127,0.796403083226017,-7.29657261426686,15.713784129736526,-7.590729445910367,-3.057938553229673,-1.9433225192282162,3.1755661142341007,2.9440763697982777,-2.2451223092064705,-7.488602290723254,1.705056986206977,-9.687775381538792,-5.166682850357478,-4.241755676880701,-25.54288432531321,0.07132010147057141,-12.453426010655564,5.003003410801648,-7.483781278926486,-5.478858528899694,11.572727518992885,-1.3820754898460563,5.889952782361295,7.267090020147934,1.4861860483806086,4.896665300107602
user_234,-21.912035184830085,0.6862624006818305,4.929368535078101,-19.047063084057008,-5.604446145121757,0.6516926520199897,7.112075903367561,0.5170057856585728,3.3501208801330393,0.2747709273197882,-3.5880161671570563,-4.640435374071993,0.30488951650920143,-5.992912195955435,-1.432680377323218,4.181342381630687,0.7660194088460435,-2.0750394420732396,1.7115785273601019,0.5643676632909088,4.559647791357838,-3.229086544643374,13.279843921214214,-0.637781606205234,12.422485028397476,-10.064624512204647,7.014712611632857,3.2383361589999766,0.1697935424057466,0.7978733188185789,9.688909045110066,3.558332998206418,3.436859804247796,-8.645672074067765,10.741842697492647,2.695060131530967,0.09735342912415233,2.641245288728624,0.9763477367349255,3.047100469207047,-1.5498925116403328,-5.071447246756067,10.004477593498676,-7.200811694348487,9.674662862127578,-7.8657712754146,-5.006681846266536,5.911621663054254,3.603472367295353,-3.4996945718446457
user_235,-28.382396098535985,-2.675018392242409,4.864792480286998,2.566058072838768,-41.27908971995943,2.560319748333831,1.8372895149358988,0.8809673610622624,7.181770469730151,2.2113039358621798,5.774703141181883,2.8374174766355167,0.08395857070379135,21.28570901130712,2.659114255760599,-4.03785628072785,0.04031857517149688,-0.14557484963942813,-2.8062898882607246,4.483549203390907,-7.462037815282689,1.149120048580092,-6.375204150593647,0.8329801227726221,2.858634981139708,0.4999666677226919,12.614599476886104,-1.7401134211586406,3.209806551142507,10.91704534512862,-2.0169649216698957,-1.2798329678492375,1.1502400667020187,-11.613963740731045,16.66357599465445,12.032166571758626,0.42801427225416316,-0.17782914726221974,-2.980012471034379,1.515203450669362,4.5243372621375,4.5854355242715945,3.8084423100956593,0.8789633883734441,-1.193628968268121,8.888308779971306,-2.103163209102136,3.354232062295324,4.264285691260744,-0.6270893163039643
user_236,-30.48772122200305,-4.610415757035973,-14.346677123364215,-9.365698011759918,-37.95710028451704,0.8505787166938954,3.6419236239197375,1.2184904120227351,-2.233596975392869,0.7107348057927974,5.739918188272669,6.692862203401071,0.03314165469471562,24.49914819992415,2.592000138859028,-2.62578856956587,-3.982128701239719,3.0973480003845513,-6.1688747502300725,-2.34269116383625,-6.693394989130534,1.2177748054509316,-4.5168333477371005,-12.05415580976966,-9.75336970200258,-7.666619100346262,-8.050723137933318,-5.290936264247468,-6.406797393267446,-6.8793721756228265,9.420308130401203,4.9522024339177735,-5.516262654551582,-11.291804145495977,-13.347131652363666,-3.27666435467139,-0.717651038923401,-0.18045622591892552,-8.991439956344971,-0.6799077180199564,4.260959630877204,-8.26867767195227,-0.23865953290582503,-0.8045510657599478,0.6935829150664202,3.8982728325218146,5.706668517307304,-3.6312899150959983,0.05770257631219383,3.7386219144967683
user_237,-27.384513093196073,-3.3266276982904044,4.553084226244896,2.112718380746539,-40.502595874901296,1.2468426549488612,2.692104055864938,0.537114569034528,6.382586530719915,2.6429877232265317,5.708890131975779,4.176904424000044,0.3931636201881586,19.995531140867573,1.744013560677378,-3.3809579926070703,1.1369867824903441,1.140561343216968,-2.240801701174821,5.053978770755128,-7.477635062015305,1.3869641422968657,-5.176293727520599,0.13429858470881906,3.1707998452508868,2.630337136159608,9.556120832593177,-0.39446997556062363,3.2308220769677347,10.16515637164815,-1.7643887030018732,-0.14731012085378112,0.48076392558965253,-8.847875707573676,13.921311782765923,7.0049140634706335,1.0975422762483478,-1.9403500662310698,-0.08014177516898775,-3.004231258590814,1.7280693910827198,-0.12436768306519683,1.9989098089177115,1.4421811341265336,-0.1846860992841602,13.47820384453481,4.139489258022039,4.323882570090643,4.97401734188319,-2.202993982172602
user_238,-24.092234414066176,0.23799987109315793,11.063680955620535,-7.843346278377083,20.329584052605018,0.121631836576046,-3.851623076786489,0.46761204176206905,-2.7961804140378166,1.0748839838227118,1.5366495652960703,-0.3644788311834423,0.5929820742879361,7.585545775161071,-0.3904419096179106,4.179529206764636,0.9811027544815453,2.47229268197341,-10.615324692365586,-9.418854656420647,-4.933299594966949,-0.357659819270853,-1.6633758837320307,-31.6372612496986,6.195690832034125,2.4171257441748546,15.244327173929962,5.151627066099034,-0.002210771115281573,-0.8394510583842874,0.29108193667238014,-0.8159824662901769,4.25284988792588,-1.882348728268557,2.811678171072025,1.9958170573765897,0.7967909317252255,0.9458643100041594,7.918639630431153,-0.7785085498759826,1.317998871109995,-3.296071350973998,0.3101273794896175,-0.8295199708658978,2.322852353577742,-2.5210526777911793,-3.370098168200014,-4.890005488332575,-1.0611803480939979,1.0454645928894495
user_239,-23.673187935918563,-1.7019977945657077,-9.589532668746642,-22.350191868873853,-10.227183429106622,-0.17633678694517357,7.567831884315987,0.43908809392307807,0.17081736438871456,-0.12198954061622026,-6.696710333721578,-0.03866563256770002,0.2627334664364984,-6.431815290660844,-0.7468431226042244,-0.6461260550253396,1.5483871651236347,1.1261423338243777,-2.246952944995683,5.0584244828437495,-3.649678374521213,1.4601166525543303,-1.06875857060252,2.1609481594146307,-1.6586831380594247,5.414318153345213,3.7041963751413856,8.490472394213988,3.0611041974756907,9.834374397201529,-7.923460047862897,-0.9663244667723108,-2.0506841335395336,2.620577975750739,-8.48468355732727,6.078768493594986,-0.6110968299074963,1.598857821475031,-7.064985786048264,6.275265930990748,10.23992470620842,-3.8053424114877634,6.297922587979184,-2.8054016849038126,0.35895939393890963,-2.1443954066022264,2.5831795387508896,-2.781674671303989,0.5397027268775862,12.149640112045356
user_24,-26.81917473845932,-2.673927389605788,-8.352932969741614,-14.802160473458631,29.827221124832207,1.1235535966544543,-6.740034049338738,0.8972563707595447,-6.46628529291675,0.6713776252509456,4.443496398136475,5.9819108897573745,-0.011015126643567515,-4.472885614741608,-1.7685746248151861,7.147239028146356,0.06872721230331925,-0.7322793151170791,4.088739463303439,-7.126761501896573,-19.62378058262709,1.943585675308559,-18.859241682431726,10.901028834891909,8.485375019073013,8.36957383314131,-5.170989379074649,5.205415257680536,-1.5294327267404657,11.841637351341056,9.658665217121026,7.156354389613644,-5.390327285025168,-1.3264019896147998,-2.521419948824992,7.497267582467457,0.9296717135995292,1.400507283885581,1.4503184078230706,1.4796747943245323,-3.7477527541337556,6.458824944679759,-4.4875792796157405,2.638601767706624,-4.286895433071622,-1.518895644829987,0.9021566304065087,2.4943975183729066,-5.243840078744497,2.9148979581433307
user_240,-20.920511567092223,2.6992205382920846,14.530433784695104,-12.34590904377363,2.1446886841699504,1.5639900557806161,3.1332848358221645,-0.47020662144224146,0.545422298205117,0.10717588143152289,-4.992572237050321,-1.9566022148347528,0.1412882856567176,-7.326201828298999,-0.7870408763224426,-1.2187708467282963,-1.0658357507514362,-0.2980790529246714,-0.10978498571870025,6.478734417637252,1.9823102779899184,0.8839489464140159,-3.275793856184079,-2.096399850979182,0.11039293770226301,-3.257470945778806,6.043661484510588,-1.1862890597568976,-0.890010437405765,-1.454360857904067,1.227046830944558,0.8145952703775352,-6.148510808367885,-5.928936534493689,4.762647168317094,-1.795708592286134,-2.0917547182551357,-5.374068004133382,6.604807594176151,5.53161305625484,-0.7352146140862433,3.3240572101727484,2.1265786296013816,-0.2605656911896018,0.3234155293876414,-4.383956739692735,-1.881059462356128,-5.082290371919718,3.0920776971143846,-5.598759124066597
user_241,-21.770653421575695,4.323182727892972,32.88034707758813,5.586269181538342,9.013707201894237,0.8821757588791518,-3.0764863254111647,0.9954695007895635,0.7230252740179907,0.3109790188034535,2.579705053529824,-0.5954694687236745,0.1854804818351569,-5.178321670951825,1.0002333805056303,-7.408708887280054,-3.286564534850508,-2.208172548096838,3.355771183990337,-1.623293606089412,-6.840031113918211,0.8180236414089691,-2.1166804395350938,0.42643824486813436,3.635583107536267,-6.724539378044569,15.660856756726984,-8.90659834748896,-2.1492021310376086,-1.1081875935498247,1.7568758011149392,1.867714923602118,-3.7838943372994924,-7.942801363939164,-0.8915983883901948,-9.502137686975248,-2.2852608605956637,-7.797308369603831,-20.225117284836696,1.6546676537486418,-8.149959373354335,6.154427184056134,-12.27881027393904,-2.119040702652233,10.499877867205464,-2.460819922265918,9.571889426587319,9.739163405984684,-2.759386338143848,9.034398140587193
user_242,-19.282016746150497,4.085447339752632,36.72106150174302,9.79446793773134,-17.010968817228164,1.1336512352281065,5.187435961521034,-0.13669967593018612,2.996874524811935,0.5206471457910155,-6.86858597608677,-2.4366135879633983,0.1115839596684207,-4.795248342295976,0.6221032518060808,-1.8367542192675894,0.10759124434838295,-0.08442649477964481,0.7762463325807231,1.6061491283770566,-1.190336914910133,-0.23142029923266805,-9.36380799897348,1.1912601506198837,2.249401108205013,0.43344881964854176,5.510911930433336,-2.1150232063599814,0.5997097721377667,4.063995295175718,2.593311122642419,0.41963600333173867,-4.9857967764149045,4.922588463792814,-7.432433553286283,4.226372295389573,1.561809405034768,-0.270796613557102,5.57061665869338,4.055245755045763,10.555028062105984,-5.309622491350822,23.343258503408936,-2.0405365156811452,0.5540165401829775,0.12110470365245511,35.627270562865256,3.589833611161715,-0.5839924071768761,6.312086032171424
user_243,-49.37734286422802,-21.297347858615787,-62.3640724681974,33.57689987982205,-20.383733222581128,0.3041580711497125,-13.391848243621142,0.7970998788291204,-29.58794709794246,0.881626644694503,83.57022339457694,-81.27884440761153,2.979929565991797,-28.507991869539016,2.1317404085547453,-16.43422271447639,-14.434657098087477,-0.9857883327209237,-0.027183947043515694,3.748376330861365,-3.608816404564528,-0.23052410961375516,5.195908760102442,-7.3180144231518245,-1.1659625760841803,6.21382490448419,-0.37351719042547377,2.0260561161270747,-1.6079892413807644,-0.012315257080176433,1.3371603928997389,-0.7085135513930697,-3.802366018616717,-0.9110197010583719,-3.457181193940885,-3.9092492078832835,2.97166658895835,-7.94365302447735,4.627768845757383,-5.314029431409084,-2.973365017341092,-1.177605859883198,0.47229229121611954,2.338091832169288,-3.403060966055753,-0.3501914742999671,-1.8191178900316096,-0.09204111124885948,0.6786443129719671,-5.744577148868372
user_244,-24.062586178015916,-3.227098799053225,-13.329015708775076,-28.90367009481504,-6.249704222498352,-0.13735052947243453,9.695844013423537,1.1699746500635997,0.41562148190163456,-0.6008117624465735,-5.412914294895523,-1.7683951397004096,0.0883256969569722,-8.171927248067972,-1.6826004585817733,3.770184467053713,2.142335088401317,-1.5102745891039464,0.9766936723309958,1.7081752600890967,-0.17859675571017714,-1.2834655433169189,10.15582246547257,0.23283915155308013,4.7118507705089705,-1.3479756113991819,-5.776866607483288,0.4794156614835311,-2.6030862291650676,3.8225968035792217,3.8630109848822447,2.2751895243984106,5.92971882271738,0.3808368815225784,-6.753537481330606,-0.01844393418981035,2.2449641566651173,-2.0765173014864513,-7.165089119786997,-5.034520837328249,-2.9023376656541933,2.9567150289054487,2.2726554120354203,-0.4982162396245083,3.2879895849913883,-2.139702667815022,1.3666558798212576,0.8357654991055791,4.819345239339666,0.6488340594277007
user_245,-23.927131358660468,0.6469556153918092,10.164963862149566,-7.912032729232347,20.845765765044156,1.1582018734803292,-3.3065235711251404,0.35404310679098744,-3.6457880507917575,1.0646141327859078,2.355119013028588,0.5847929069683869,0.3279950808791128,6.043168655836379,-0.6710664373555102,2.9465178214032552,0.7011766774790984,2.2005096427050037,-9.443964194846517,-10.448155522787065,-6.717711075508469,-0.8985785408311585,-3.229131067705361,-33.412753024930524,6.48864841894025,0.5320677613982737,7.8359962808290815,5.341952691087387,-0.54141780014875,-0.6185157015487005,-1.416497540525384,-1.643017742418174,4.7776978204707365,0.5190715826836805,2.0809227694158334,-3.4422690835722403,1.6325704769710265,-1.998889301238872,4.223243956026092,-4.131148524443731,1.1134977000639017,-5.338931369695567,-1.7496868694879588,2.380373246182391,-6.475116618491412,-1.7889742745398924,0.8306792439069007,4.292408160431332,-4.306847573913807,1.838097401573261
user_246,-23.674167732899054,5.810015475349733,64.1947532518382,51.81931374490622,22.39019517321998,0.9332033280548651,-7.708114585664253,0.5758032166478732,8.935630491105263,2.0618904561258873,8.46468109991134,1.3854790726368007,0.15385831581278123,-2.1288270616931126,0.220768557889053,-2.127170354452049,2.9331082418830126,-1.168990039768165,3.713940215787074,3.5012765623358373,-1.5994997077893285,0.3936622144608902,5.316154492549734,6.312409115454576,2.872661210080328,8.342407388143638,10.494564176090805,11.465473351126482,2.722034315709157,4.454641479622154,-4.652976542156943,-1.650215533256635,-5.485807051085348,4.16531259070307,-5.221102166751161,9.404586104074777,1.1231833169883674,14.737082711961435,-4.689020278272392,-11.187622529682487,-6.7311309495324565,-5.260446897229904,2.8309100150968662,-1.9029533273295012,4.038931517670948,4.7480769154832965,2.0079333649163007,-1.5039629857865848,11.588657224872087,4.653634563419047
user_247,-21.536504813836068,2.8155408585084807,21.98495880359029,-0.09797216234361819,13.012610761250366,0.8576311938092787,-1.6435430357629364,-0.27266377627363947,-2.328641652760838,0.2861403635435239,2.402700203452553,-1.5023813417068164,0.27433411664873897,1.7516313936248726,0.23189721494374949,-2.2119325321735364,-1.2282326849277885,-0.8075617859655442,1.5575960445891468,8.335298099087218,0.5959831590620408,-0.026884276553790217,-0.8372173258482551,7.410389325587865,0.7978329401151036,-6.559383547072617,3.010139306339271,-17.06824586400865,-2.3255276674038985,-3.864968109384257,-0.10440141490965045,-0.04078242710808903,2.9443076491635853,-8.802034996702577,0.9480319843343564,3.9962534107000542,0.7290919725354054,-1.0000147444300316,22.712999711210163,0.7180744821477587,-2.087997518991545,-6.86542796424852,-6.6372612999241785,-2.075502234909625,5.732940944390507,3.6067561461685305,3.775272128109345,-7.691980771582349,2.7008351443403686,0.4092461824352576
user_248,-20.259757697220483,2.1312634289976065,13.323179009491284,-12.283833246516696,1.4388822209521601,0.9060326149010798,2.5778384275136577,-0.02880592432091888,-0.720623511014592,0.29302970990587685,-3.4532821700427587,-1.4915345929108976,0.17329504253906158,-8.59639378894111,-0.5763531162615101,-0.09227824341660415,-1.9779416091203286,-0.8495778978103637,-1.595902973004266,4.464612786043048,1.2391235421958244,-0.44866770641164555,-3.3047898451571713,-3.9452601903327222,-0.0749669742617565,-3.62402946692042,2.6092219880521297,-4.082089664676309,0.6351696530885099,-0.05381194821952511,-0.41187691650969865,-1.4996551604605284,-4.162421865950194,0.07108593615850546,3.104692650568324,-5.050398561620133,1.0456085607195882,2.03982276508593,0.12502001169756105,-4.462854146352484,-3.5801062627503724,-1.186283787676119,8.016799568241,-0.16955819479681897,0.8183317061416325,-5.019894774384583,1.6579300089250282,7.628001831863162,-0.024224690262814822,-10.77921705601833
user_249,-19.979015636033413,2.4382860466530425,18.979179590223374,-4.9188992900465,-17.388409655692303,1.3514417968858636,7.361279980360594,-0.5207864857071587,1.7616467245635754,0.975119466065525,-5.699174513402181,-1.3268416225086772,0.270106796875796,-8.43805711282751,-0.9140987492152373,-1.426061368292331,-1.063554329008622,-0.5382609025151833,1.1501635957667427,5.98022224797786,2.4250296115515004,0.18188024225929653,-1.3311733609593122,-0.6798529110485616,-1.7622649427853367,-0.25378511607517623,1.844820055249923,0.5085785713585599,0.4198790955905811,4.0031121230999105,-1.7444899249430788,-0.17228445513306367,1.5765213140366143,0.9246968731648312,-3.0938710965648197,-1.852887896833811,1.6646171604955013,0.30771535156123037,-2.184807058307189,-0.47077633581268075,-1.4253476181517526,3.3420778613815636,2.298390630424079,2.2312078825194264,-1.9472431752659516,-3.259867150398119,1.4866234515916943,-3.0976902398422785,-4.900057868327205,-0.5708387738267078
user_25,-34.10854723398681,-4.844339856402475,14.37921553669741,45.69100237887589,-32.51380937794901,1.0422917312569493,-7.774729182241835,1.3238097234193136,1.8348701563265122,4.170706809868452,43.00929333077751,27.976628137517874,-1.6888689137427142,-25.409025469717086,-8.590313013814738,31.512486506246702,75.18559801542729,4.010695431258592,-13.835554003321043,-3.1212492882068603,7.279225608607518,-0.5330560495482983,-0.9506184196778491,-3.0760438095679072,-2.065706090190604,-1.0029427031208715,-1.2212300741373456,-10.04063522306943,0.24516219661480065,10.080880025579672,2.4935606202479366,3.1369549946190007,-10.363427421915144,-1.847349240339767,8.126842215434683,-3.8313345035453983,-3.564625964281718,2.856582906971769,-3.5100622687921463,3.0039966608042823,1.1390896043471137,-0.0998744877983782,-0.9412972272664051,-1.0863542683736827,2.0768945599651274,-1.874710732753122,1.1748613348736368,-4.785461183221942,-3.733515788667734,1.1195607896564175
user_250,-31.069301068863048,-6.859752216272674,-24.68090566673983,-17.710931359612744,-32.432530378133485,1.0916777602450358,5.630215795430247,1.2884286032978531,1.4239163356866424,-0.19763418282056744,3.015963595539857,6.075884062705983,-0.30210660206279943,21.35500197703974,1.5379175882020717,-2.370496935523486,-0.8638773967525971,1.7256049722452618,-7.707402511029012,5.876702526901123,-1.4924537976347578,-0.044634281566566666,12.536776522645102,4.792722181921813,-5.8181158683222405,25.767744766549253,-1.3662987263110247,3.3292450876972643,-1.439235967756365,2.9235696405861678,2.325846263663313,1.122639888743098,2.3449096243249765,3.0733095467219482,1.4247496112693885,-8.63329057547787,-0.3933159454338485,2.0758409945559766,4.227740398301447,-8.970914333952193,-13.025969841515243,-1.75572169978898,-7.582764632155065,-1.965943390309323,8.369639628612962,-12.22165946426967,2.927618664037685,0.4721862195488219,3.115202676091675,4.916251942929126
user_251,-26.8266392256791,-1.9231078482877924,2.603761017210986,-6.336892921811779,37.05771554015167,1.2014513748271234,-5.182204509468565,0.851108169154264,2.1008760901837227,0.3935354406909035,8.382482367064684,-1.2186514552768724,0.073686121163506,7.430148313532412,-1.0143591766641005,2.8405500823726157,4.530088847849175,-1.5704954075988469,-3.170287827588041,9.104331371419764,-0.38383587861067775,-0.47217627877113416,13.003316433982526,8.475673316548392,10.608506882499285,-1.25846836027815,0.687634771545225,4.833995908491038,1.8096785712871295,5.7265130154927135,-5.401436709998308,-1.5950425794408771,-5.203504902660151,6.5569201041600484,-1.7585028806289595,10.805205955863741,2.0473429569040125,-0.8511609635700265,-5.718971239121428,-3.7977061982444313,5.718826032841278,-1.6716815498990707,-10.290530490227995,4.669753156117111,-4.589912387005396,2.890849091204339,8.524882362886594,-5.183312371097673,0.9382362754537114,-7.0676860671431525
user_252,-19.846902382924664,2.0254194807868875,12.874333852765899,-13.581903088050709,0.7877441764056455,0.1453233710935539,3.3388818554154724,0.036127113461596354,-0.6588979960288056,-0.5136509003606659,-4.782674949733529,-1.7335634238738717,0.24339971181268483,-5.220955127069756,-1.288476581266458,0.2986064405096587,0.6498225420617979,0.920703142285382,0.37318204044774655,0.1637008072801934,-0.6055461124150312,1.563033410360862,0.4205640709409596,-2.1343195462086855,-2.407690014299474,-3.2182418553576024,-7.725772689803417,-5.190726256714238,1.8886072677910222,-2.747223824832912,-3.6514355894074186,0.3143620810548797,10.434768733041432,1.9520393937869147,-4.133910116403126,4.061804070009192,-1.232505078728051,3.661033505193252,-3.352382891958005,4.233556313236235,1.9424077454284714,10.493970774857297,2.7003224383811655,0.9752470358455876,0.16483068855688493,-0.44153178998026826,-0.16271903112407385,-0.7467420059359614,-0.27049222643768656,-0.5593731029228638
user_253,-24.039743295663236,1.4964556539750233,10.33786359199094,-8.611713755121974,20.425681729369245,2.6312107515144714,-3.2944254668592907,0.30402823033427107,-3.7380701962058986,0.6161315991842842,1.6003254666966722,0.36108222904710485,0.3036710426838158,7.546071597061232,-0.7344135004439079,2.810612052199421,1.0355071455141416,2.4861551932275288,-7.958153230345686,-13.482151656135294,-8.278750155022577,1.4048485080243593,-1.148392603068177,-32.40034168922957,5.275244039323949,3.119139735356215,5.454758168850599,5.189997953775713,1.1239843183159532,-1.6655290507639704,-3.9499636699770537,-0.6593038944411923,9.185983871930025,-0.006072833597752606,-0.18219366438167298,-1.2352168479675991,-0.40895615453556394,-1.739683837971061,5.426139567292125,-0.8603551320058873,3.704631866625249,-0.8188926921972504,-4.9940678248835155,1.5852852033933855,-1.590633624537681,0.11789845498520415,-2.041083893145218,-2.831580059681086,-4.3760103509460855,3.1860072250956324
user_254,-39.2145324626358,-9.942256680954989,-4.93557123180387,49.9545029816853,-16.58265964702874,-0.037294161200881575,6.751001929756922,0.7997081458491913,4.8625330774428805,5.646848801977292,35.21444296472834,58.91854043174573,-3.1965964068577586,-29.955852087354366,-7.032372579787385,36.88248512287304,-63.62885364482737,10.47781077664633,-12.427530895970344,10.051317702281413,8.21540015398456,-1.2457618112839979,5.007306168246407,-2.7391310158442255,7.1198735454349205,-0.5234924631182618,-4.868544616512266,1.0231494506758323,2.7472907275099345,4.442923751049597,-7.140120649196345,-3.2756805177118515,-3.510932475517073,-4.649056753791406,3.2419754482384393,-2.540146901234418,-2.012704321749145,2.842285350523199,1.2470821916015833,1.2015085160917935,-2.0603128544019094,-1.7478120335038527,1.5363806102661386,-2.332279159010357,4.403706271070469,-0.05058433591952096,1.7642747824473068,-7.653151435186614,7.133351946612244,4.302592803053239
user_255,-19.7769421343207,3.5746690172219604,15.958386749235604,-8.33935051202667,-0.06230460546968862,1.9484043454148239,-0.15255788412323804,-0.7367529297063676,-4.385418497373056,1.3883917471804093,-5.85409606231046,1.6853691109149234,0.2719585757319854,-8.33824221458581,1.3255982423881334,-7.1035500082500995,-0.5818600898444384,5.099964745992054,-2.4442595140525705,6.8082847570582015,-1.5043940910945568,1.3349986586173401,-15.052700125362572,-8.341263178938373,-11.575704292166616,2.7008267826372543,4.996187193019945,-10.520485993203545,-1.0119378531907104,-4.181461648075505,-5.240061079072859,-3.43967524432674,-3.8373700792257024,-1.4643472460650027,-1.6832028997379873,-6.589449113441377,-2.094751485089574,4.570772067974728,0.6414964172523404,0.5927523892970613,-2.7022963882835636,1.3170461213744757,2.9293521656271198,-1.0782253935659083,2.017562270852632,3.6421489545905787,-3.528159503184405,3.7993395318259737,-3.227398027335767,-8.42518758540803
user_256,-19.917950255972052,2.052241599370121,24.43054068947251,0.868699556649572,-27.78947490862118,0.1479215865270172,5.362730430625299,0.5001303019443141,6.5459897177096265,0.9363965875624294,-5.409668037521243,-2.7963272968713127,0.5912753923372883,-6.577110249821285,0.7504193013538485,-5.767728297636525,-0.39204168590433763,-1.1531469169505537,2.316581802605332,10.098132821776604,3.820247672668963,-0.40486384159296995,-0.7353907753652255,7.413799146592748,-1.2180124067388542,-2.4555540072112665,10.898502718649963,0.2718219858261653,2.5246457174520835,4.237274944639204,-3.3345437324319733,-1.7681999627747618,-1.3386123299958832,-4.171545146527366,1.7221546303549136,4.796985137007629,-0.07854259524157707,6.853174197741336,6.679909799295494,3.5679939171182653,8.780519359474244,-2.893781194980626,-1.6390878599231342,-0.22898129189754926,-0.5596604855691808,-4.148191063765567,-12.811328465694027,-5.3329677577447985,-0.06460531971279557,-0.4173157081432257
user_257,-20.08997056071722,4.891256115995249,37.47457955746507,9.052590531463343,-17.552464934529112,0.3509677579348742,5.28504984961892,0.7697405891530866,3.975260943436631,-0.6710634758071217,-6.4007712791536475,-3.1529410807906038,0.3054162858749437,-4.226847142365007,-0.3317840700413008,-3.974079410156377,0.6891436272216263,-1.0329050501672183,0.3008080535566636,0.04925500933027713,-0.09558792962977426,-0.007591651909879325,-7.181667732329944,1.6458857223634487,2.436913024117902,2.299421105767979,4.819057182472368,-2.034300514305722,-1.6477143142212833,-0.34139800112373014,-0.9240469386215897,0.5255015123891408,-4.998324638410742,2.9751871105818495,-9.223006609384516,2.5140376434896163,3.823854970137635,-11.836286253181372,11.481605217026745,8.511678835116959,9.204795580683337,-7.872630868126833,18.82098481328318,-1.9641758032774956,-2.4089225140445167,4.589061160628067,23.979410287346486,-1.0922194445293436,0.427936262173539,12.234580788623227
user_258,-34.79028703618283,-10.253109000225814,-40.2152290166976,-24.55589119354872,-37.15598893211435,0.4067713077959203,5.297793300062856,2.138579298762483,-0.4802669542581779,0.02125555703410373,10.813088847468602,5.00539688298865,0.03805296957117791,32.75077176692532,0.18477514109154192,8.235039741920149,-3.773340199564803,1.4027567890635608,-4.133425865317399,-8.58889580775154,-7.971258784096506,-0.26206707431716375,11.040170469424025,1.13313408021747,0.8623658644314133,-12.452632479209365,-16.270343274606514,0.26493362437317036,-5.45619895106805,-4.952833257217599,17.559111563140863,8.274012976692008,-7.894697356236403,-14.677774265515591,-12.673076915706917,-1.8738824599990114,-0.2246444458615076,2.2159373905787354,-5.21685445820348,1.0885727248152792,2.7709928817066,-7.493429022361688,-0.6589014353851759,-1.3356267538675854,3.7803770650293598,1.0108001241340345,0.6725905531912143,-0.7699704703572918,-7.31130009279718,-6.741037960386267
user_259,-24.372174936298332,-1.1689640131440984,-9.043925991789797,-22.29451134062535,-9.951609652608774,0.8328008383160109,6.6363629740084,0.2010556213434759,1.8177135842960734,0.818728668571401,-5.4281662686288765,-1.3181891356828819,0.5157894153171295,-5.549901766976219,-0.18005112080933072,-2.0379629589840795,0.6119620707134972,-0.2091392379653731,-3.059895291136396,4.282299527765562,-2.214093319961003,1.098503166260723,-0.3957974765576902,1.3558922427271491,-0.9913484752982323,4.87354332250636,4.820140922367239,9.14012151788325,-0.8051346319922463,6.590256095562676,-8.307565811053527,-1.132399447348574,-7.948498013434237,2.2485993249531915,-12.362577344415309,-0.608512752181102,1.4766668768019067,-9.4574164528698,1.032793568135415,5.447223518823758,4.023588901398931,-2.5866602461118626,1.6556075387835625,-1.3581610697830762,-0.9233016782672966,-2.420118177494866,0.4010852639937684,-5.978637739086282,3.132401349296787,3.96654010097027
user_26,-20.2956242302403,2.617166666104645,13.479099573996574,-13.311847752678354,1.6336002611534457,0.9239142105579147,2.4114410062174954,0.14035435189433193,-0.7046963480093125,-1.1151275314620002,-4.282700601098695,-1.9101460845690341,-0.1982765299912903,-6.081438539710075,0.20806057836016217,-1.604727009931407,0.45007936546315075,0.671308804115457,0.9476891627463686,5.072803626992253,1.6579647018285175,0.23349036967620193,-3.008750437557538,-1.7372079065079278,0.25072072097891107,-4.153875472204965,3.4372312206566074,-0.5400350075869768,-0.4754824381051716,-1.8994481512266175,-1.151435328836315,-0.36644451342628404,-2.388365831731109,-4.0963203931739605,1.485712535620886,-3.9303665651567115,-1.1779728713733355,-2.5072030787497384,5.029705820582111,3.091491598124613,-0.49431746670285753,3.631202648532027,-1.125830660367417,1.7036960346996464,-0.057638581600560485,1.2008580376284066,1.631704457390851,-4.070740573978713,-0.20713280592944044,0.1297992761735595
user_260,-25.39036114094005,-1.1143156426533083,-8.791656006970527,-23.648296005500338,-10.22352561099607,1.0535451231045894,6.97964822484438,0.7711238142931635,1.0577618401793836,0.16720611526409793,-5.834438546474736,-0.6976890413829517,0.5602493914153961,-6.291401926427742,-0.7985371815864422,-1.0996250462422033,1.6946807761265448,0.8012797687882187,-2.8892460425293383,3.713969245615144,-2.5175632904248917,1.6777357639591755,0.268617284882536,1.504957628671289,-1.6104459640812294,7.181659878322477,-2.5095949738246475,8.905122138994177,0.6396136673636625,5.438982189541384,-6.4083848001128745,-0.40061409190678515,-3.415652802300434,6.864254181631685,-14.695156172185275,-2.3157838440764955,-0.3751245057991201,-8.46745984627822,-1.2096303866952716,4.959345026645154,7.777291973240328,-1.8830169010350715,2.7063581144464615,-0.4781839792553173,1.0422947238424805,-1.5938330822941098,4.548209836186322,-3.9267470425034654,1.0300092191661114,-0.9382369248455535
user_261,-23.50779716927556,-1.1824251547388378,-12.077475079770252,-30.020295884658047,12.063107968091314,1.3827914886492658,1.4707090214259406,-0.25955450683444514,-2.389747822076717,0.7669169891300612,-3.347535880499754,-0.22917135426586568,0.26383903473442377,-7.117988672944816,-0.515989393639922,0.5752483047657138,0.6217149894071202,-0.325504739941811,-2.7170007958108853,5.2667995054709325,1.3722628467715685,0.011493766749123892,-2.406341073572449,-0.5615448439168862,-0.06866075667086108,-1.1136330101575063,5.38729298485023,-2.5864177578438703,-1.1918331144582945,-0.8612233305962539,-0.3026633619492657,1.074977610306493,-4.843787943758606,-3.2418198660967996,1.7240127439452204,-4.4493289334700155,-1.266271316900691,-4.85668289636087,6.677921267131949,5.183446952654735,-0.41547220693804937,4.212149025495805,-3.0004693697311797,1.424651828345611,-0.8089902218496817,-3.3523002780824513,-1.6231542570887647,-5.311235847148427,4.039553014965043,-6.420741743208936
user_262,-25.184880259330033,-0.2712742450595707,-8.627111535770318,-22.90367346446041,-10.026410481932823,2.2351251826636007,6.9307305566151,-0.48690203095059853,1.3957229381908183,0.9487958707200917,-4.317030777935659,-1.1861042497307706,0.18090492476201686,-6.644426793331218,-0.04965005372071357,-2.318919345003143,-0.18846937437171782,-1.0507254788242453,-2.4357293655520063,6.17595088510582,-0.2605959691360652,0.06754046563654371,-2.2050487354521566,1.3542922089325853,-0.28112330486070625,6.389529263566814,7.090841166669868,10.265740515367105,0.553349342822691,4.976889869060278,-4.6980127510391085,-0.20109342999327368,-10.543154844639119,3.034809460094438,-7.693658252482779,-5.9083400583225965,-0.43237915260849474,-6.9316332174407504,1.0820936443435782,7.095507616940439,5.41070170614826,-3.5186324253148924,-1.6096396226546394,-0.7201941464849875,-1.9079952897136583,-7.01284226136163,1.866813327770004,0.8873553104801348,-2.1783124918313885,0.862080991116756
user_263,-21.82224270761806,4.60330146509326,28.365557749797578,3.9003574866513477,10.383314954846597,2.3741997468092246,-4.338144168202646,0.32857177047875064,-0.8323591962508313,0.9055189349550437,3.429231793456875,1.491391941032443,9.811559424671059e-05,-4.011529209257397,-0.27387796394217767,-0.5028853330130122,-1.7719123180109242,-1.8620591369285673,6.2387078929938165,-6.383901490083723,-14.514376847517752,1.3505558715886605,-18.78020837175261,6.236865102412734,9.742018802694464,3.8880992289303573,-11.540302422036408,4.058375868399909,-2.9201679936626648,7.187955270940355,7.771849517525455,6.1643149717711765,4.27136287446429,0.6088760060358208,-4.3130088205594355,-0.34976357048126133,2.8427483038068817,-4.509077218647994,5.851048373065565,-3.7744142821264988,-1.3491679453489698,1.028991448355401,3.736330404182099,-0.40754767069985515,3.7671418466941566,-0.4188588996933593,-3.872116672531967,9.20602103615236,-4.209527692576869,-3.6502290347369453
user_264,-24.919901686604256,-1.307657314426015,-5.8888810266761356,-18.59432838805939,-8.687441414588925,0.23494512397156594,11.953987645257431,0.7602420483589346,1.7859278507553897,-0.366326233812449,-8.459105192028813,-2.1824263837566313,0.31207965989678305,-8.090565326194916,-0.6347484478339467,-1.492910042183509,1.9284924520227715,-1.4966867201333292,-3.6641122830957755,9.387614983007346,0.23207781581824066,-1.404933847016793,-3.280057597114986,-0.03872472767739991,7.295901934591596,6.832830132421444,4.9774308479370655,6.734816420333851,-3.5912185213978316,-0.3624085969396096,-3.0529931779357145,-1.7956273405414147,-11.726355539579329,0.8526253386969703,-1.6083452083205052,-11.34017645246964,1.988766019927461,-8.942068750489183,5.53821442575004,-2.931408064746244,-5.683474306932846,-6.76888007659186,-0.22840643793624463,0.7960087520938535,-5.225600637611668,6.200328197317324,-9.71767989262896,-0.2849087355495349,0.1521927985335602,3.6884614211324847
user_265,-22.18671386285811,0.2656181443882608,12.031033262877227,-8.10664626852412,14.863575340051709,-0.13836196928238564,-4.036097730862456,0.9474841941205674,-1.9985487394864374,-0.6930482921882393,-2.530130076950322,0.48957576077078896,0.016634211747824243,-0.7853578970979738,-1.0077162472567065,1.0447698294430203,-2.9019277740227563,0.3195376417777225,3.822932130514609,-6.71892477070202,-6.515580382779142,0.9696501775192486,1.8558568205431905,5.432911278168169,-7.07331093796476,1.43551238613749,-5.88849454403758,-10.459950288601352,2.8525050227862927,-4.678533010407543,-5.241593540459653,-5.78887127853956,6.129665402687598,-11.153123082216137,6.263587437889945,7.045946617428418,3.8416191660526264,-14.033284690489527,-13.42601833300303,-4.573592964580785,4.0484353757701586,-0.15667206831202563,5.479970868914449,4.1071800676159596,-11.74568618250488,-7.856315838876574,-1.7574381780590136,-8.856146453081733,-4.947651553063585,-0.7597458354858033
user_266,-29.653693992981605,-6.070108202548941,-14.727457451011775,-9.537181782015086,-37.60980086670661,0.9423956220048639,4.07454484449331,1.032049046931676,-1.8182033562074573,0.8174246535947197,5.2462327135411835,5.79749805173289,-0.04484921260256252,23.89106166431439,2.944499487172512,-3.623534917876735,-3.9673511974776696,4.320541762590399,-4.317044268261455,-2.988893229910951,-6.190349879564609,0.8430671352105805,-6.275162581543614,-10.886122865137464,-10.183440076521373,-9.278523070184946,-8.291387250401991,-4.90776480064193,-3.866249760744748,-5.867095178925024,9.413320334210495,3.6463739629209706,-4.4705285143914,-9.302388549519355,-14.245453468518505,-0.9802719532725856,-0.4505624731071869,3.6753752909220423,-8.32594084020202,2.6682405635227315,2.892332123013754,-8.836903741027488,2.082183919022934,-2.8772223451156,2.8952599263833902,-0.4041824839107236,2.355500638146451,-7.272427170926427,-2.9060381736162473,0.707257564170896
user_267,-48.661349946147745,-20.54567061257529,-45.553584660889044,69.52083875246821,24.75680400489991,-4.395103232122707,59.24667904945708,-1.571014925534469,1.4199195118042003,-0.9254193324197569,-20.05931852516618,-7.094658286447973,0.7212795359689745,4.723966819021441,-0.25094916222699465,1.7097921146837451,3.8816771246151083,0.4145756576199436,-0.6692361306054015,-1.5157908003161735,-3.324364296704707,1.368736308913391,-0.2145105205004129,0.8850118416012739,-3.592380915673447,-1.6928184122986383,-5.216272862666693,-0.37451775573756596,1.7121819859766798,-1.9175966428034954,-0.8876403268292844,0.6841150619948989,6.153755617358332,1.789805253272427,-3.3643405983464127,-0.8364036081560845,-2.733719897151018,-2.1056957243255057,1.007690288774843,5.6914370697315935,3.368734448126089,7.461631844515485,-3.9642851199474123,0.3293811253218831,1.6202423886452393,-0.5869983330972183,2.1579855264039804,-3.4105153597051023,-0.5045372691527691,-2.4802224759333953
user_268,-20.33396431818883,7.8876683828779885,62.468274764136396,34.431699719525106,13.394338286053737,1.5204088962539242,-6.681581254244278,0.40144951632261766,5.1628540131531,2.135246306655189,7.1790883300276995,-1.2118081615098932,0.5330782017515521,4.410449163770082,0.8248248519913383,-3.7896337131153164,0.7240025322505572,-1.855017756731908,4.55295848346819,3.0928291888821002,-0.20499979864506415,0.5448612376289872,4.9923275795604365,1.944241205381336,2.794867570653281,3.2263262835293256,10.004141497463246,1.8125299925140275,1.183063769081775,2.182389712098952,-4.754824217787218,-1.3580311390840143,-4.17006108353379,0.006156774315234939,-9.398535995507988,3.8273673241202277,-0.8520654076916304,4.017820956240932,-2.2319936018678876,-5.561757962773692,-2.1972793458142377,-0.6848196239905313,-2.318307749874459,0.5201590484855626,0.8401849215878359,1.9117955202367356,9.459704987830097,3.2785134826089664,1.8004308390027433,0.5906226360292987
user_269,-21.876400550264375,5.413861210338116,32.53315843308856,5.580057182088114,9.393806809245676,0.8909412498325999,-2.5237922473505146,1.5851648828676634,1.0747192733683109,0.8585577322070173,3.5331656747944398,-0.45575624465563724,0.610057620575822,-4.546739199385914,0.11254280135876697,-6.736543530607197,-3.1570262436549306,-1.71012591663335,4.441058156459724,-2.528264062376156,-6.7317407300401095,0.3251589696719629,-2.762360924247083,0.9459959722108716,3.1615097734039934,-6.687942977517667,11.879561162575486,-6.585766404657387,-2.910915975883512,-3.101874603177033,1.3257628322729444,1.9539476318160014,-0.6036261103424971,-6.116489442035673,-1.1554500520396598,-10.502686570911926,-3.720631812168871,-10.224378430506098,-21.857505925782824,8.886570380305036,-8.521556480486282,8.090880887508145,-13.724586686400606,-2.321618552763864,7.91961358817691,-0.8133269646105257,10.141122437131243,10.07038989451331,-6.905200634633349,9.353543927307523
user_27,-20.052561675973035,3.445173218246749,23.28130530816822,-0.33627180398411394,-27.17404301823846,0.9928650865290072,6.341678007140656,0.18781745439933883,4.683018984089443,1.346858190184156,-4.700186297183461,-1.6005733123970098,0.4300143250266582,-8.281539775221049,1.2898354385633772,-5.917995564615487,0.2674602963137415,-0.10397022482508865,2.0084047180009392,9.051889409174242,3.8617011675073063,-0.25874109767310416,-0.21722821447908125,5.253062905377541,-2.535172483584134,-2.099516878358013,4.0614400824060795,-1.4058114705961056,2.532096639648062,6.468427762734376,-3.5870894540364207,-1.0302893909482003,5.939184355653619,0.7536592287468457,-3.858286007531083,-0.1985986121216847,0.2601213016443242,8.797850631204389,-0.04670358683888679,-2.152703734734444,9.940648475354301,-6.227154448028491,-3.576316287298458,3.5752137240827544,-5.664904333513565,-4.373764971050227,0.7004569587178767,9.641252959018136,-1.5176474317593243,-0.8277899835682824
user_270,-22.17918730962467,3.3511633244777546,21.63064355525436,-1.0362917834980165,-24.338424753655804,1.0068254368456786,10.396128961477514,0.6333050132182194,3.611305519066363,0.7057007772733854,-2.752786728934434,-4.563008497067161,0.43387975227265696,-5.9074717525128655,0.46219585597694535,-5.105838795045879,-0.6467768675589379,-1.2315767636658481,-2.319072910299846,7.156436362177802,3.404698857387777,-0.9827380475822269,-18.622125429665765,-1.6119313160267774,-2.2149046824075156,-8.601428791217883,-11.677789106217144,11.51784016376779,1.2265090062989006,-16.086506130368445,9.857557981634574,-1.1611165631962286,-5.350938833002735,11.329880071900332,20.974501529059825,8.034447519505829,-0.5203131393049906,-0.20636474923890868,-2.4554880591768566,-2.1395105611318175,2.4987801765338267,-2.703704477941285,-8.4269696039381,0.05924100186113104,2.9027099782814,-3.138876209514588,7.907267650942668,-0.8518487171526936,-1.8111925252027898,5.0101154549691165
user_271,-27.353273717838334,-0.5935218111029942,19.67247155974675,9.683754918143904,35.34636808583835,-0.11705381104885372,-7.6683980912293634,1.9422706156866023,2.319062354996793,0.2784499700217625,15.512297452777709,3.9946609943703355,-0.38239966780878665,18.364295669228945,4.087386537564864,-11.51953508000029,0.6838285435381962,-0.41082717459173307,-12.186110070996435,22.497439481575157,6.6074885935144545,-1.336205912660612,-1.8371975399086178,3.04581641046372,9.136479374560832,-1.8922798573908999,2.746673478646533,-0.3597396301300624,-0.6403884482119141,-0.8551081276205179,4.27799140979682,2.8747783913776845,-3.7419236890816845,8.733427540491638,4.9918611042061265,-9.067180143077042,-1.5352088918920732,5.2883723721380855,-2.9515746226576427,-1.4984493317260164,-1.5799574879606748,-0.43801667664246957,13.66228059118754,-1.450630846713939,1.639272289949641,-2.844174503513929,-12.430949478350984,4.218925683184562,2.486884633884665,-3.841056168273293
user_272,-25.917824854947803,-3.6703544809475046,-7.834305684038308,-13.985011480854585,28.535547579003374,0.3251571808277027,-6.863349936072308,0.576733266434198,-4.414270272601313,-0.2474776715586014,2.2839833407438586,2.454935958340179,-0.00712310614428417,5.550922110433066,-1.3773397987832632,5.227335237030014,5.23300900981125,2.67524704925458,-3.018679318626198,-5.058552551669181,1.144296598310649,-0.30570872141487815,13.049109408147508,-3.7730685144203107,-16.73987426063031,4.395644672974731,-14.26889189181684,3.4373740089185474,2.9964851416457745,-11.102363389241656,-5.318210028109594,-8.398950547884885,-10.691414288626444,-0.8086104754381603,-4.148375365525362,9.08810673714044,3.396864910332358,-0.7925163721181344,3.834354174737888,0.6104142028473212,2.2321549835241625,2.845054118339585,5.02814906686489,-4.197731421360301,10.28972159188066,1.3790601925760408,0.11511014989935128,21.18761490243022,-3.9145289021531444,1.0318095578579138
user_273,-20.369122383133156,3.434631017487069,18.698614808527438,-5.676263328908447,-18.35541088627111,0.3709882600511132,7.8767551651598415,0.6488111323953752,1.253898410330911,-0.17007805043005642,-6.285134859021515,-2.632380711206122,0.5633165836251111,-6.910820617519775,-0.4913428351938354,-1.7250941241571216,0.5002121304451548,0.6376160878060849,1.59765228698459,3.5109687570899655,3.172063237191934,1.3550204872152678,1.6386028450060983,-0.11151279789061354,-1.7916345900223825,1.4645266351593949,-1.669466542569154,1.6649823252585296,0.6316000736926725,-2.003776091841587,-3.645271395330191,0.4642054401478531,7.392247911717972,2.5842489374516586,-8.13220780299063,-3.288662972639139,-2.638510273248546,-2.68627271758269,-4.421313225396506,2.3214972152335758,1.6865013148788688,4.623765133193926,-5.468065710165137,2.3227380568959832,-3.8513876562938396,2.8434802325951467,-2.183739742597428,-3.3168133688615207,-4.720674629651227,-0.39994368191624596
user_274,-20.66115636300514,2.5082540421109396,24.38227321670329,0.5542299790479115,-27.589925789993032,1.6987724163088511,6.15757985693278,-0.9022594176739216,5.789442194950369,1.620854274011263,-5.2827801183196845,-1.9732560711356892,0.20756823625732548,-6.981216946838843,0.8664577460982633,-7.2894560593532045,0.48656859396841384,0.4285669610325957,1.9518179994766722,10.155140959968122,5.304468325902236,-0.832586146459813,-0.45619242175553326,4.836568809284079,-1.250273840606683,-1.0299818555850646,7.739584797769592,0.27944216197396965,1.7208547818262678,7.412363345992637,-3.6331466213001744,-2.2521667464350243,2.2996631106561347,-1.9443281758632467,-0.9100652683870394,5.804659995320412,1.4283583287274357,10.288352121048657,0.11659095880978246,-0.17323009954365134,10.601824911115672,-6.906651717422751,-0.8392625562164078,1.855352768889951,-4.361222151251277,-1.4528159044052016,-8.858532257958027,0.9019242194729558,-6.267252041646973,0.47689917085962336
user_275,-25.816618992308186,-3.6762222960297253,-14.243252190749926,-24.746997959145933,7.864541634531297,0.46941735348155306,-0.2672695465651496,0.7166106222998876,-4.968982383389205,-0.5269115075666045,0.40403958946417073,0.29407195793584734,0.1588012285455829,0.092598265825618,-1.8503542095820615,5.499255240709754,0.040911924898703794,0.1480621186899833,1.7577144905292128,-5.138780563417774,-7.490566381845904,1.9282118064244353,2.857576020170404,2.2914822723350268,-4.287506724982935,2.2740248814029784,-6.122095690071423,-3.2320851684389553,0.6882273220926123,-4.054953366014377,2.428040273828576,1.9132633625361002,-5.4801501613029435,7.09233851130427,-2.997808944277708,-5.870540128174715,-4.879949463194996,9.351361979678206,-2.99786682970865,2.069392932300245,0.54525195416436,10.042296336375047,-3.6420113842410067,4.516259242096216,-7.757539100015159,10.384203777865848,1.311925142012735,2.189383161074033,10.527229302301402,-3.712171900132382
user_276,-39.4127481621709,-12.161571275092603,-14.93958039678203,49.36982203802534,-22.367985945962353,1.9962376779775928,-54.70923054147443,-4.495174691729442,-70.29399277088702,-8.590346526505073,-42.588869202048556,3.5257477876988554,-0.2827217692116894,-1.2467915522577218,-0.8166101157302471,0.27517470901058244,0.21803176991496662,0.40037406550741583,-6.42880408782933,1.7467975870394756,-0.6870842419952632,0.05218222353719733,7.74783834127779,2.2923875682188664,0.6176333432221751,1.4845531129885787,-6.819551152211511,0.9311545697873558,1.2745740582510319,0.512934544395073,0.7453256991002654,2.533622632057801,8.418648630665713,9.279342303005084,-2.5122028505048375,-1.8475471502262613,2.0825734964047626,-3.9965246673159593,-4.580542454213476,-1.3966695613662419,-0.6962096932136422,-0.8490704488771521,1.1453450123787905,0.4629608522251731,-0.5146907835725328,-1.555975795221613,-1.4415345001232902,6.252206505252153,4.153781653038112,0.39772001006396035
user_277,-26.937183438479142,-3.0532965305419593,-13.19518094828475,-24.806778517047963,8.099086621325286,1.6960387270133361,-0.528710849631992,0.4595906800492296,-4.999040578930563,-0.623745521869607,0.15619519608454052,1.0276128668401734,-0.32006102106147927,0.06991257193611962,-1.7324362581541792,5.672743390733489,-0.8444935517951968,-2.1089271614646683,1.410960799533141,-2.7057338287772223,-5.372152882797386,0.3799455761576885,-1.1696337065002471,3.422212252653517,-3.4081260695959763,0.23720345982783095,7.218677196191719,-1.0935892345077245,-1.7605873167554997,-2.333568021485831,7.687201278598108,2.2949174044288454,-15.183179420380418,4.362863502330925,5.43449012157227,-5.889636539069124,-4.338045380122442,14.052729079586173,-2.464490906458523,-0.17115712015296217,-0.5825053436141218,9.953200782492825,1.4173275378511774,5.276706479294514,-9.256324450360424,8.992582863049655,-2.6598029854175653,1.1951431410240814,14.707568396251348,-5.132356029587348
user_278,-21.64064679245742,4.302458540352609,29.683511191332766,3.6686225940960155,9.386788808715545,1.8858857167841774,-4.730969391346077,-0.11878119072887879,-1.0496153242593382,0.5562546684453836,2.9262616640823658,0.5422504187821942,0.1641716174919829,-2.3163080514903314,-0.7971989167744961,-0.8030905827471213,-1.9548956641586488,-2.4771833471401417,5.113393065455652,-7.507922463059323,-13.83503742677704,2.251834506145063,-19.46154292238305,6.6443214526291605,8.917945993135566,6.316064224240219,-11.892776516979692,6.0948002205054035,-4.534684213353909,2.4551094549633374,4.2299201556200545,6.225943653489981,2.6110858099995458,2.151001698867054,-7.112296395566045,-5.463654351628396,1.5850093102738185,-13.668566091827397,7.947573480498296,-1.0655954876231615,-3.353956865214504,2.5690065935028508,-2.748324330780324,0.9157103249855058,1.7725683934880123,-0.08394368208405253,-7.401731478554898,4.266697714588622,-1.7097326647614706,-7.197751534553623
user_279,-30.026793848105655,-6.57584210041296,-24.61825766631174,-17.06129323158845,-32.10240825907002,1.7493941088698062,5.584892841355116,-0.2300710777170761,1.0519530072926273,1.8783778364464205,3.020012037707166,5.376354909011118,0.24391619340091772,21.64648596176644,0.24782404806169717,-1.4272132520830687,-0.14362943189850347,2.417989673100416,-8.364009507378848,4.6357593800642265,-2.259841164092833,-0.5547687511937326,11.250623490339125,2.597010191026479,-4.493497810746953,26.03673788585816,1.7114374181326406,4.44522722932355,-0.524622595315211,3.6087254869345187,2.478912040823796,1.7310123186313668,2.452590782155869,3.5572805465561674,3.907481293559206,-1.6909814686515217,1.37281119677125,5.949875563552074,2.772807789196437,-6.561512097854414,-14.281615776655112,-3.3997977919209905,-9.005562019965735,-4.25277289381558,9.920764665417655,-7.899133493153358,2.0444852951239807,-0.8361684489693356,-2.4372407531479956,3.273708158054857
user_28,-46.199594835067344,-20.748444301353867,-73.32473774647792,12.137012927679226,-0.31731721684059155,-0.3777132035040259,-9.172748310954445,0.9118423624410189,8.228596380663834,3.886482475736563,21.47934888623629,71.05117532539474,-3.7932262767500533,-29.204526119070405,13.534615937162345,-84.05565500383838,8.355624252115339,-14.308898938051815,7.422173600140953,-25.336316826997063,-3.0089721706523287,-0.9955855048313348,9.865912973620837,-0.9700651575202794,6.042869494185897,-5.643001754212811,0.7166290528437629,4.52139919628923,2.3327410190193056,-7.97170939918246,1.502944358706092,-1.5196740845446324,-0.4130058182331694,1.8979875101036985,-2.3979494987797456,1.7559116722960426,1.499539283009757,-0.5124263588651004,4.047806226851775,-2.4748749042922875,-3.6216729974118507,0.14886429061624665,0.508897858293467,2.0934355183138806,-4.086457809252939,0.2467978717348931,6.423368877692972,1.618702554535301,-3.0259207851429735,-0.0954302056502364
user_280,-27.323212152759286,-1.7073979475736911,1.8805380079196556,-6.484250587296831,37.06427993847115,0.5027640858125676,-4.590429067568878,2.316488837266632,1.8448761704647705,-1.158430881761839,8.844530841428915,-1.6174711159811688,-0.010378273621415692,7.797397324590862,-0.4160014810646723,1.192848044302288,5.456654415633272,-1.9099853376180886,-2.4306462925428427,6.634474385250287,-0.5086937970515786,-1.1268007775227393,14.244037002638771,7.07790009915945,9.52980057230368,-1.260841737078401,-3.738125797715177,3.330594238864879,2.0587006619122397,1.6949833065134592,-6.601975242991402,-3.653481523211398,-2.2877588537588456,7.552521396639594,-2.3613326818149782,5.707110622300095,3.2235903945718136,-5.794573880892401,-9.944548120995334,-6.987110485453706,0.7288640887900933,-2.6500029630543795,-11.790752406499301,4.279680246983563,-4.655431445478241,2.518558701169881,7.931465067585999,-4.917474070157618,5.842049905832609,-4.485722159652137
user_281,-25.40729464273049,-5.99592776759821,-34.956101739951734,-44.556177533978854,11.302254376850334,-0.7237086430583268,5.01521227280091,0.28118905104391734,-6.085091555123499,-1.2353102150675823,-6.712358460511242,0.07622975985418787,-0.07675383816237008,-8.745302182464014,-1.154861789280021,1.0005407291529484,1.9530304896297446,0.7818928400449844,-2.718855808111777,5.9800112716545355,0.5064039270473166,0.5844168340615012,-2.861199062045402,-1.041295156357727,0.5680287969714638,1.564769863065437,0.8942991508867776,-3.575879296826668,0.3107890375171095,-0.9575265712025467,-1.632817407664441,-0.09603146551464212,-2.1175342708611575,-3.3648655203350653,4.714527223282252,-2.3467232379890923,-2.6011130388464143,-3.573756946106215,0.8599435158039653,6.304290051670997,-0.04072054402900518,5.485186358061936,-4.7815197035779375,-0.07449160009091696,-0.4347297672535137,0.15423864713541294,-8.983420416201662,0.9119671934410931,4.438758434897495,1.928523781666836
user_282,-20.970815696372775,1.1488417165607985,12.069742847810355,-11.575498449883046,-7.33447761837786,-0.06571212914943624,4.943767208124375,0.6817287147945705,-1.034444187416818,-1.1223739297596242,-5.568124931598434,-1.944812543501357,-0.07932060330953498,-10.039679247082331,-0.4033574955936391,0.33303924048160666,-1.62221948803002,0.1857070949268066,-0.017609723181319637,4.181275241844924,3.704759831447701,-0.4882297998205249,-6.506807660956507,-4.849030270862503,0.0016978067592498562,-5.4861321514726855,2.289814622400712,-1.889015451151511,-0.3727316962978664,-3.5009102418487092,2.8380257567228044,-0.9023394011409541,-4.435118212516357,-0.5498815279427006,8.426782262871432,3.5511673375146193,-0.21701961500076197,5.599286876243927,-0.7012691011831472,-7.433925945411494,-4.125394313614445,0.279592687727072,6.622448819883788,-2.1109718336826755,2.797204908511003,-2.946165600459358,-5.694540339246363,0.08084639500072727,0.8307860765009369,-3.2553810380376627
user_283,-22.031482916243966,-1.2566947626495582,-3.4911885895665766,-23.88493447141659,8.276615253114459,0.29446029087427594,4.785310449096671,0.4087827899168616,-0.8592893574412218,-1.0638932150163665,-5.601504934531906,-2.276156163046265,-0.015380723912421523,-6.185681776363123,-1.0836743690654325,1.7624295322059624,1.7122794157758796,0.7306924172453011,-1.2832572805700915,-0.6801054690248362,0.06748653530901216,0.09064228103802541,4.718196477856345,-0.981700456958763,2.4824709616768943,1.9688362476347154,-7.183942799384979,-2.6688493848372965,1.4923558843007556,-0.30667326999054795,-2.083164407744608,-1.7861656587004808,3.4731666805586667,2.210120193567381,-4.543729661300717,0.651794419133263,0.2722008638091346,-2.9661252457252503,-2.6912643054735486,-3.623169131909347,-1.4246085356442098,3.199132737171902,-0.15265818012558613,0.8440224348488978,1.0246434572698784,0.6601785291889497,4.20220209462232,-0.30699342534068574,7.107589924250633,2.382740583154608
user_284,-47.67260606459194,-22.085276352804385,-77.59553019026434,-1.9824155554994358,-13.894548366820029,0.12645038708788278,-35.904925636455594,2.3804787203704163,-0.6553578236570428,-1.300977474741405,21.102920955459815,-5.592177645891813,-0.014526425802857103,26.474678151809442,-1.262699489062727,19.80407145284657,18.507766569137832,9.449693193126084,-28.099537802178368,-20.24393983579361,-9.330171902746256,3.4766113781257673,-41.353433979684326,49.45848202635501,-3.054752355479577,-74.72113682231243,8.372253239194901,56.115914189324755,12.132156946465022,-16.947213776873465,-58.86732580143913,-33.446255655009885,20.053143598135538,-21.399459673384175,-10.954014403227497,-22.487258168315158,-1.5095983925749803,14.267388552946835,11.318590672689622,-13.202047634519708,-17.259620282296513,5.5553643294761255,5.169598724121404,0.5779520479882083,0.5425429878003564,-2.839760231692096,5.415724373554995,1.3245359139755926,0.8837399447832679,3.152715572985797
user_285,-17.753518798543585,5.896113339402401,35.7419974366965,2.5681200198902743,-7.526847959944195,1.2120801518486162,3.8930537897899016,-0.2119694730319544,2.480276063058677,0.3783624620615196,-4.997191599371707,-3.4743652919482155,0.2347355462324929,-6.482603008551995,0.21076515660826142,-3.2717644083605704,-0.591588945130467,-0.31886022070492126,1.8974262724423994,1.4799713998390516,3.2905682030496113,-0.8956877719955794,-0.8488319777560753,-2.219882323700005,1.0026322363618605,-0.9371523354917135,2.2477981193872374,0.2032584354260597,0.37448656986741824,-0.05343499543535738,-1.7312441016849889,-1.5238221156645044,-1.4171761716313975,0.12446997420033393,-5.730577116014344,-4.133109900553065,1.3861759365063167,-0.06165900063062171,2.4482118473026993,-2.5501864356182526,-6.894869429747299,1.6910162811206033,4.629810642150697,0.3010581489417097,-0.023166293832783198,-3.3708178543817047,-3.9090560448608658,-0.8744568611933411,2.6709061755722594,-4.889929554085277
user_286,-20.047610791131074,1.5933142428312101,13.246174895573844,-13.098272334142726,1.6147380822897746,0.667267922735367,3.6216957889220276,0.08564662333762675,-0.7751222467295773,-0.2790546009946399,-4.707815487180702,-2.703794857920983,0.16249549861711243,-6.436893025453684,-0.7077940363825831,-1.0450843032491592,1.2923113589240305,1.2819071495343515,-0.02735915022316008,1.5813614264958058,1.8474233679944594,-0.14659441961965766,0.1354628082759261,-2.4495209491151515,-1.52907918355271,0.23068175588430692,-3.313959067050669,-2.401341100817225,0.2961356291203142,-1.2534453626844138,-2.6367609578848277,-1.162576967403473,3.745587471869332,0.8698251400444469,-3.3938142814143584,-0.514561453559523,1.4015422753416602,-2.8590164076253832,2.365315779254503,2.9663155167852686,-1.6289449470351642,2.380772961051576,4.162803085854285,-0.181699453888597,-1.9754888709213316,3.0773723472082364,-4.258269720634803,-0.22434946991096413,6.611555039847145,1.8276623828440903
user_287,-44.31792756114417,-19.820846619192707,-47.84695012437169,32.378971177728424,-0.8358454846591771,0.7332154998945479,-64.6033529649789,2.4457363460302974,78.4455994483841,1.0064167319329278,-27.756896473585495,-17.283030765547373,0.8391233330375446,-5.244677750982482,-0.2694996733810319,0.5695638974729631,-3.140485214061451,3.2221130741492505,-6.286930908308656,-1.4144820950996726,8.254905740381854,-1.6304570815432387,-3.803156453391494,-2.5572477358368624,4.433444651673715,2.6030020048216564,-8.637277708474052,-4.8266647437127155,2.121743868217181,3.78231101856502,-0.8405716854108312,-1.0525657452026755,-3.1071275111699763,-0.40854364642875424,2.501753138892428,1.8101075814921443,0.29151878989582186,5.186295906182959,-5.502201704606533,-1.9984270546281548,-1.1182160581747655,-0.7029160714043425,2.9496455099581906,-1.0550162435721342,0.4210995026598252,-1.1060787607173168,2.3021783904964384,3.8915992040364524,-9.457311455826584,-8.448736300782821
user_288,-22.003743958537985,3.1275472731892218,22.370410013579985,-1.4558610763029582,-24.482012394087498,1.5064898948899017,9.563993750827251,0.5396176592684709,2.9131491808088636,-0.1492160671542515,-2.021076692663341,-5.184523573294294,0.14693861454605645,-4.828463991016878,0.5704791553245931,-7.744089989965774,-1.3329968783007404,-1.6583743047504043,-1.1698334620745792,6.785740841756249,5.347507015844571,-1.530414190918514,-18.620744604800908,-2.4005457294169683,-1.6437155163498907,-5.5745567524212625,-8.95421493964223,14.556282080230314,0.5324829501511532,-20.124101547609985,10.2101955281751,-1.063313047339995,-8.507984820443209,8.181390662776986,21.432739885183437,4.0683224969778955,0.2049786024100525,-4.2090253102394515,0.5558005745607589,1.5027077925464065,1.3785102348837643,-3.735738438640227,-12.538422153225255,-0.03955956436778731,2.5554568159661692,1.800028028859386,5.881258800683776,-1.529507586189779,-1.579758819266004,5.748617067276251
user_289,-29.69326503678893,-4.561838298443822,-14.312971735573852,-9.56475982993915,-37.81220633270696,1.8636836323867023,3.819864342740182,0.1406933352192948,-2.355990253301215,0.7904775453304501,6.88882903932975,7.181365783225709,-0.1473254820700387,25.720683961115203,2.0336000525444193,-4.956750821158851,-6.0173347292446655,0.823579667275871,-7.343438492403356,-2.929902262916976,-4.915686928099041,1.2924265429288468,-6.847149528147739,-10.539236778074233,-7.962558174291396,-6.267501430846174,-8.085083713846593,-5.342477238612655,-6.0455753921068895,-6.154471586213332,9.806851723328215,6.37186617932487,-10.867761779848584,-14.074577746383516,-12.556606904119942,-7.026975712413708,1.390771068447551,-3.9643884926640562,-4.717146965522892,-4.890281631712916,3.0717077278137155,-8.585001061334284,-1.414477396303575,1.1714131207403928,0.062192195059710985,0.4424979527268113,-0.3579218931831469,-1.5655155081327703,-1.5289638880159377,-2.1699182214717228
user_29,-21.530597451874062,1.8677480723824365,21.92762171963347,-1.7075482440863397,-25.39309497478449,0.6272789320886918,10.142577257686908,0.9183515917602366,3.170302597714096,-0.27174767275647266,-3.1222183012976146,-4.2411178082204035,0.17853337716880568,-4.263861639514465,0.5678679630845727,-4.946826096160834,1.4323194666014372,-0.054876876007532195,-0.043021064808184094,2.6956533455964204,2.8790720934334164,-1.3868171759883685,-15.044687125516491,-2.5587889532095547,-3.8948578657581594,-2.7189159083581464,-20.09635310878215,11.676266018667121,0.3304025296239744,-17.627455455669292,8.88975299902653,-2.2981448714053254,0.9284951246062884,11.88248628751814,15.233895978455744,7.641610241688607,3.2004132023459944,1.066252822764847,-6.806578146059373,-8.147406856159936,-1.0212928716482872,-4.578920110428834,-6.371327978353895,-1.011477997784827,4.012391565446094,-1.5078703408223377,-1.483394714603066,-5.450261150077312,7.0662134726542,3.8550005034244945
user_290,-21.832694366318535,4.438786378401596,41.197482809511975,17.928339598592213,8.300819531035089,1.1644721558347528,-4.819733539465473,-0.1985646981096114,0.9940542531851566,0.630385737892539,1.167497658940614,-3.09598442046491,0.5208889350930083,6.363287265881215,-1.60060802305454,2.72911206341001,0.9360262697733988,1.8768813903494592,1.7048232207800287,-7.185983964202346,4.994232959622284,1.3186343819737194,11.34141291743776,-1.290263581256574,-14.685542617636518,4.568901026097137,-4.414669984491803,8.531348902985467,2.9740246518857956,-15.377154434885746,-7.59618632533509,-7.3929695155979,-13.045613052454389,-7.852092561480477,0.4096223029796468,11.915940933580396,-0.36091525841859196,-3.462370196569011,8.265194116073525,10.449096163477648,2.87911616765257,11.520810024277317,3.018283116694036,1.8981913752415065,-0.6233729628193845,6.898216997589042,-8.975031639323934,-5.115222969026302,3.6109016220945,5.711746382753706
user_291,-21.444705185735806,-0.892867852382289,4.903343529879509,-20.092444137532713,-5.644588982081001,-0.13383139822639992,8.15153825725755,0.9107542213576817,2.9693618610455617,-0.5374317860937183,-3.752970062824651,-4.240494937756506,0.18309920130059823,-3.110501158134501,-1.380278018413064,4.805052780011571,1.403530232328574,-2.6541195210800295,1.6848135527755268,-5.218456600878097,4.909807911418858,-2.867767822241378,14.399552094073602,2.51399733605225,11.332615557766369,-7.700562070262122,-6.646172561969164,3.5646891256300237,-0.4964366876210918,-3.36862471722395,6.357129808192729,0.9019138527678476,12.14481498596957,-5.100833347239994,3.040634039226163,-5.237833200804623,0.04920891987467742,-3.0865583034932342,0.6677624235360676,6.862772640348095,4.638537299159625,1.7409319561157082,3.9746652810174146,-2.083264319670317,5.862988057694618,-2.838217193529277,-4.444936004069124,1.896729283325067,5.5128201203644,0.769359428669597
user_292,-46.76933078326343,-21.794841426386522,-72.39141122091429,11.233989638812911,-0.9553510357110637,-1.5853647046689334,-10.112011451136985,1.0693392349803494,8.616613711048867,3.3006968741459985,21.89838734762758,73.19721403883419,-3.878361197105456,-27.727868830289037,14.357603570833405,-86.72656812445216,7.316106367216757,-14.207692078911222,6.648905918564501,-27.555598600274926,-0.92063291011207,0.25893801722670384,11.143622229377428,-0.08301635153080575,4.589863533616503,-6.272411249048995,3.6773575123579834,4.883573427194581,0.3258678123353616,-10.491472855346062,1.5919497262535849,0.7228277328615332,1.1828004589015075,3.731899455585957,-2.1158446164256004,3.7705078556779745,0.5922094253450164,-2.5136452110291985,4.536772376686777,1.672418776453473,2.4610975412563714,5.174187283684763,-1.809110115333696,1.7614296000288177,-2.8908223557966712,3.571392905042473,-0.71714733941766,3.0369322641612664,-0.49966295490285,-2.842736753993475
user_293,-25.92322293393936,-5.067743228950983,-19.532761441687896,-29.859103734828924,29.275532450690488,-0.6706546421165859,-2.1269768972036753,0.8900620268473357,-8.058919119610888,-0.31789974322061093,3.175516219821558,2.4910794849255717,-0.10757528751006608,-0.12405351446372227,0.33303789475014245,1.334270454231413,1.4982355153459854,0.21222850026485426,-4.205666034398054,5.431419999333362,0.6184769498123774,-1.2860925602747075,-2.015711347414941,7.944091405928645,3.9366543916405408,-5.75468605891648,-2.1555923058408375,-16.380652513053736,-3.2404721729818586,-0.3537877242592053,2.5673486251260877,0.2956409449493963,2.510415076031447,-3.8507768453972235,4.319098708500981,4.815885116265035,1.9640300986435824,5.935643946758701,9.328171374714229,-8.004786830268886,-5.125305116992895,-6.927127498058915,-2.164592439732822,-3.5397510149584646,8.354322008948008,6.18823774920995,-1.8715525498604488,-0.2718185143808882,-1.5832427422236726,4.6615890359897945
user_294,-20.013232589067194,6.685444058527442,63.07128754663869,34.90634950862407,12.817609734487291,0.4162251762923472,-6.210161257349673,0.07257162554612798,6.1469059991875366,0.7713570293002798,6.339431172894185,-1.474324620525758,0.07185889429769338,4.226230511425211,1.334490564606512,-3.619332142076434,-0.8984226935053812,-1.741143532795954,3.772210525248214,0.924621508459664,1.1036868406283757,1.0974747753146872,6.418801692540985,0.9711556053652389,3.5527347246115517,5.712200484802302,10.866610941020467,1.2676472212484002,1.7954652837581295,2.2995469810412072,-7.029049058337985,-2.093051268311609,-5.529448538052523,-1.3509654724717821,-12.346587949680204,8.04887012152327,1.8188574769473107,8.329555998700137,-5.0129947645070585,-8.32790595407692,-0.7328147122270422,0.13012609344248413,2.2822770684214264,0.13265490036213068,3.978323978768242,3.2391560667315265,0.7476153818519123,-4.51981350669863,9.600532264550766,6.786847500645991
user_295,-48.58871260255522,-22.00615703591613,-44.10033940347577,70.66761903795499,24.85742600076104,-4.104262060626033,59.973297989444234,-2.377794678437709,1.7724568420113282,0.09603302760397354,-19.762400428619465,-7.338647748620626,0.633742989740091,3.7992821149645555,0.12327316896842964,-0.8976244348953187,2.8159995691468165,-0.35711281160749797,-0.4969495753915895,-1.6430211733081737,-2.060647416359571,1.0263167720027837,-1.1672559249998626,0.1757502216187215,0.14216245713643685,0.4784121215986238,4.163758129808812,-3.636328146033536,-0.7839739501707503,0.7046553270114894,1.5876084719814874,1.5719517648044217,-0.9394720580026482,-3.64526542828325,0.017074550573439384,-0.6859741813989431,-1.1604040494437546,2.1404018655420627,0.5967781204039723,-2.55147782740301,1.9389858846667594,1.812199776561384,0.4633328285753059,1.6968347809957778,-0.00537904410192182,-2.5050489177795017,-0.9533585500588315,3.3059669263304956,5.470942915834997,3.9792594307233697
user_296,-21.49841462616206,3.5478780547892423,39.42042323166175,17.418390925066785,8.291347565598578,0.22332209622497282,-3.990937745849252,0.7627298723983144,-0.40173860262753724,-1.1862157218605156,0.17926083884532393,-1.872311730116183,-0.016213740872862585,4.093481080836047,-1.10958848981845,3.649819490716647,1.4458556738683348,1.3187307644800919,2.89414309698176,-9.12675391856941,3.6479189833804826,0.17771985328785464,12.99093679757778,-3.6430932655741586,-15.619992817466905,4.440132921318272,-11.025384073338373,2.408956226975219,3.1315627273238986,-12.095463891581714,-5.998284028790685,-7.986869060575242,-8.223416365797721,-3.4455819707198936,-4.782733275094145,14.999346277364308,3.237725807138656,4.841406983797845,-1.9243698118661867,-4.642631249980631,0.6484753780018957,5.033039674010301,10.300925845737044,1.2259206856844973,-1.614639218814371,5.796941947148271,-4.135583750718108,6.6354465780848955,0.46112977499643476,11.164376595763416
user_297,-22.394294064981786,-0.8102998789869956,4.985779086455838,-20.049018375671253,-5.979832008791458,-1.297659684727537,7.925573419236464,2.120370687703953,2.2829425932179337,-1.4426199906857593,-2.9663962512503708,-4.203721145224066,0.49994819737359014,-3.457967720580467,-1.9153438623529113,3.3210605216335214,0.44336111272908085,-2.072943988557155,0.4995047609435144,-3.230969018821688,5.717048197047454,-2.009478373069995,13.232011838046013,1.056727291607136,11.953082769173461,-8.604349824536238,-3.0784841709023953,0.826722365756724,0.35131328307001436,-1.5394847242279288,5.819735600337035,4.370797382874729,8.792656718432383,-5.314541258274277,6.476559980496023,-4.278426364422974,-1.6213019478490471,-1.2364963152380084,-1.4794937059803461,8.222619742717926,5.166549545366932,0.8240351606083546,5.644945838726289,-3.228245766024266,5.846660285351141,-6.913148710293668,-4.356994388539909,8.852481956189289,2.944532288633131,4.75804466161574
user_298,-25.82681938917367,-3.967044386947982,-7.659740296919325,-14.294623996819979,29.523196102867256,-0.39491105390911896,-7.035802617369854,1.2804704731880099,-5.738812015090978,-0.6669207665258837,4.641937810920822,5.40808626475777,-0.48172019179675857,-3.0267113025193417,-0.7927408598221987,5.903394864182183,-1.1844370598686713,-0.949753034227502,3.3650820970567654,-8.811143423622488,-13.050887397739706,1.2474585056111676,-22.53742760072546,12.181788282197921,8.83623638296105,6.165082881760942,-5.830647847764991,5.343186710935478,-0.7171577150888027,12.181100335339524,8.399114736933003,6.705836804348012,-5.965784378976741,-3.387938932760546,-0.155709567938669,6.205858945153726,-1.1688358406369466,-1.2142943286820278,5.262110673982528,5.495123554653292,-4.702708200234363,4.074206689803495,-1.2716032930259071,-0.6575853193251104,-0.9124076298898329,-6.216047878973746,2.428731706436655,5.633145736781732,-3.7621601443850903,2.2554818318918337
user_299,-27.60965066871971,-1.7009876814141751,2.570007234671871,-5.480454976307975,38.08975316373271,0.3732847414863838,-4.486454562189728,1.758589935155738,2.121965135119755,-0.12388208076680551,9.463394427719305,-1.631557784850636,0.09796306095860485,6.76140443152717,-0.106859097410267,1.2890105222133106,3.94011930703609,-2.6050467627020857,-3.272774073647425,8.955889342132977,2.0633014635921274,-1.0973891524059514,10.974254275722666,6.0718062643946,12.541488975412081,-0.3091719807366725,6.021423667582722,6.354938174476119,0.6442396694955652,4.9912406725200205,-5.380835127087095,-2.6114781071783137,-11.160327862425232,3.0464178316795336,-1.0484006508915136,4.248393513323561,3.6954497362791026,-3.993996286361944,-6.875478538726145,-11.65667982047725,0.4335044779085962,-5.402115077310974,-12.570447135580984,5.488468142735403,-6.046166632770644,2.0010262267013745,10.113390639971923,-5.558631913913357,1.3617876961092716,-6.854327256102871
user_3,-20.934751145030987,2.8908197930764583,31.737433494445074,1.517520629581259,-16.462217822539998,0.0910873475177248,3.929401357649224,1.866673302362329,7.3599785537143525,-0.6474060964641881,-2.034447177053841,-5.887040390807829,0.33973625910688443,3.9549873360799674,-1.1970640534102814,6.767216264037509,0.6694969757573518,-4.139309758321057,6.008105916624665,-9.569567285753676,5.683921825484673,-2.7169554790591666,13.781475159594589,2.322487790194894,13.216395935892315,-12.827430516819087,3.98396821011685,6.904174230124672,-2.2586847008686215,-0.8721192247942119,11.334061177044992,5.052160487383094,-1.3362590666700358,-7.9076796583334,1.762773729990239,2.8240316453114906,-1.7180388491458973,3.8447275534131418,8.724134856257898,7.337195774635919,-3.0703635906930185,3.8517123329331024,4.715902631240231,1.6376452671694337,-8.411845659085664,0.5314498708957391,1.1149489805413735,-1.4665646387724862,-4.818215253296776,1.8806805719167778
user_30,-25.036668050217152,-3.5047274472865992,-25.98640723737839,-37.28703677042188,11.307609846272998,0.8206894221520826,3.7959578464302,-0.6544794386814453,-5.921547653110411,-0.11804274747952241,-4.609111352419217,-1.6416648107355662,0.1864902427284878,-3.56893628922655,-1.8042416033445816,2.343244670519743,2.807735559321413,0.7265372322385356,-4.583359527133772,1.1045150400353125,0.3617283484889284,-0.3006198095248258,-0.4452620751223223,-0.24874715993675808,-0.496718595255774,0.3710401442972218,-4.323057504859945,-4.372419770076788,-1.1834256670337255,-0.010184010495830675,-0.13046614912359408,1.0700343695658958,-0.24137511989303737,-0.6578480862031449,3.0029397686174355,-4.906483358504302,0.0873257907116735,-5.784996370158992,2.0767755967275394,-1.5504880220179325,-5.6846931923224915,2.557263738017017,0.14901468445672283,1.259520420594792,-1.6902378677187466,3.165207955071399,-1.6258241413533803,0.2629929420071387,4.880405155700153,-6.649625693853526
user_300,-24.74277631721006,-3.756265786669052,-20.485158223408895,-32.55745825142354,0.8537612876198162,0.12855787925371137,5.474684276386691,0.966510535851466,-4.190402525455527,-0.7420569751512887,-8.007241120402263,-0.8065325508393808,0.4108057687144653,-8.408432314782457,-0.836706683122525,0.8061439754497592,1.2782155730231877,1.4748177272095353,-1.831025185039938,4.194592072102503,4.27583997028191,-0.1754246616918584,-0.47177339307810606,-0.5826229483341697,-0.9322604897382107,-0.6161560965994508,-1.467567117250408,-2.7097698702170185,1.7740557575227935,2.797602222505045,-2.925500192595057,-0.39757553663928635,6.065475302966691,-0.9468456082372854,0.9335744732379305,-0.1570837569319697,-0.552719746788246,-3.175102114521783,-2.9160309422901607,3.8562179926963007,5.387281132032601,0.2692393443613768,-6.068123811426281,1.4419288173222062,-2.237834901475734,5.0849014524864415,0.09346022293021641,0.2412006956506001,-9.051806230139436,3.691913903223561
user_301,-23.503398483455015,0.5520839608952346,12.623638437714122,-8.643989321519452,15.372822718785766,1.0125227496685378,-3.803663334071495,0.3674509934507638,-1.622578555854496,-0.4163078829306641,-2.7468035360752263,0.3795250340101256,-0.10160044189251757,-2.4139199609763264,-0.6713383350539162,1.3643155660372832,-2.0941640748811285,0.25401018948505966,3.619103183702673,-7.542096022544675,-2.4769325768915014,0.15795196518012528,1.8878373817354133,5.310873565916486,-5.270848897256783,1.6232291844247941,-1.0201989197197405,-9.803216998485258,1.171297288484049,-1.4955602777275314,-4.2435148119057216,-5.855999393568663,5.4095026358211395,-12.611059535992243,10.863403180591677,9.051885677248153,4.29817599138965,-14.063717854817032,-12.578025460745696,-5.635012711503844,2.288847786784176,-1.1836633840489659,4.878044321619157,2.795321543026775,-8.918458669263583,-12.169543516295727,-3.8563241849831424,-8.573113741713613,2.613362562774063,2.2451850607546655
user_302,-24.142698074413634,-0.2352081834526372,10.819962959977262,-7.940782765005359,20.452509554962504,1.086272222250752,-3.226642440864654,0.23891667945148476,-3.605391072150093,0.9619996352579335,1.9538240323458533,0.4359870270363868,0.2709099317699637,6.413189936516669,-0.57323749179326,4.3803163884638145,0.29237827582629616,2.131754920243853,-10.784487486489269,-12.976972927115833,-2.373872550283752,-0.5564690761219556,-3.5641428260086863,-33.28947761640107,8.629064504998379,0.7800412333320265,10.442262908975433,5.693229858654952,2.531256123638528,2.517365136531386,-1.2099744645521473,-0.9412327946634347,2.8333833731132976,0.1742149269091531,6.352341011014005,-1.489986326601785,1.0168676367477314,3.157877861915913,4.091313171753135,-7.686687794168915,-1.2648801833921937,-6.318738118600874,3.3461467476491737,-0.4776295723325137,1.6961427875323705,-2.8497571408052913,1.3238367322206828,2.3572657854322965,2.676008184344886,-4.3190319167486
user_303,-25.52990071977816,-0.6784815092729155,10.942954687569307,0.9188436128903463,29.075266965974407,0.797679700194466,-11.035631210503537,1.612784811373211,4.326847224150591,0.863040597476065,8.829051262638972,4.757644541207326,-0.0705550600205719,7.824064953022221,1.025679107139662,-1.0446047206379818,-7.480107079188831,0.2336985343857023,12.76014451250442,-5.538838246873321,6.69220375301421,1.4426217692465355,6.8659582929202205,-0.5365345688313748,-40.009404757563594,-16.895001921512687,-6.227553191417962,7.213392640826743,-2.632491964071977,28.96858914687493,7.279222608705858,9.447311560942284,9.900391646223461,12.302786263055044,5.157148343885641,-4.118170160285239,2.1764147448860798,-6.654726696584591,0.30696769200682056,0.7846072062714912,2.0112970799762064,-1.7703304601595833,1.263755237460457,-0.5369347808819301,0.7987733358335533,0.16592796644171787,0.010451317669545162,-2.563733705905155,0.9928399161837188,3.8732575507441487
user_304,-21.78696342673041,0.2784602344301008,12.103947777422242,-9.911737630316493,7.297605929450584,-0.7982347809640494,-4.058647510999085,0.6929938471184158,-1.721150952515298,-0.2054638280996902,1.2007289879615342,-0.5021154146597607,0.05320067914811754,-3.555077108271478,0.11730087769088644,0.779065627137511,-3.313163156726327,0.5508754009398721,-0.23479631865058997,-3.1879848653652414,3.2737494827308438,-0.4599690922185118,-2.1743600158544623,-5.5412847036776,-4.905568973993829,-3.1235267023106066,4.502353331930607,-3.5410733354020554,-1.5489545700067764,-0.4332290437738737,4.701641236332328,2.395163222697966,-5.844572667935091,0.08880522921505722,-1.7615834787312274,-1.324945844909033,-2.8333907202674964,20.472958950748986,3.2214042006191925,-6.3891229750873935,-2.663050989207956,2.298010893421878,-4.951523228369899,5.692044473349232,-16.604470375824388,-13.543911287243956,-2.473917992790052,3.0946293005593586,1.8969682150357312,6.276638213183829
user_305,-46.938971844559866,-22.814550667342687,-45.654092209354665,71.2332801304425,25.399377594977885,-5.505196565846699,61.47874628385564,-1.926113992287714,1.3971091316370372,-0.16431818583797286,-20.2641066742191,-7.4677309172740545,0.5057194927569457,3.10825216437691,0.6156872154789829,0.7342651948879678,3.3747178464413095,0.4099816279636917,-2.502849941944204,-1.7737810669627867,-1.935226168477028,-0.673263314652356,-2.6901779642233636,-0.09887236593863367,-0.5897768936374697,-0.21629374370452253,-2.1108204927821546,-2.0979500501590675,1.3821066550043077,2.0974829282889904,3.5179275737083078,1.2262657301801096,0.9385714824223393,0.4132490439430098,0.3686139946971174,-0.8261962396952529,0.006277868975430925,6.009095802001626,-5.689350633809733,-3.2969456260322865,-0.4458492314234716,-0.6979520357512939,2.329128119373581,0.6055626842624632,-0.7851899711920716,-2.3986064454257576,5.166939647075505,10.24941903479784,-4.431125074612057,-2.312257314833045
user_306,-24.459559608716592,-3.303232097108317,-20.36168086827422,-32.47080904491742,1.075055147077547,0.052809178589888595,4.973100366632293,0.27753800950383356,-4.064051459411363,-0.7678487753901052,-7.92016281425874,-0.8080234694383521,0.08957572034861892,-10.008066656613902,-1.2716999701233214,1.6726916518413888,0.3632530073921067,0.8553554055493036,-2.041348676593453,4.2963965720936566,5.463211785983786,-0.3074439155295568,-2.806466971547157,1.1987408171812526,-1.6647276324097453,-2.6548132055865383,0.9474265263850343,-4.031800520416198,1.406006403199343,4.253741057748107,-2.8344612416713217,-0.5960073769422622,2.6765961839309016,-4.52291694124693,1.1755828053332489,0.6536585978589123,-1.4541832690517822,-1.134504387045985,1.0833049602477716,4.823844733350852,4.383261673768821,-1.0712797837879735,-5.081085048284712,1.363559581865805,-1.963922441485742,3.5230039359381995,6.341856428563714,-4.876345693203148,-11.943524399404115,6.1140334309566144
user_307,-48.43332945630383,-22.266417819297892,-62.574386022375045,33.9429403801995,-20.216076925701497,-0.7944362134546791,-14.276977266117875,0.4881252035683026,-30.002773521728574,0.6403657841039732,83.6620167015797,-80.7747070942223,2.9806558409183244,-26.77477830987098,2.0286882485780193,-16.254469031378743,-13.162603500943922,-0.10542530512626416,-1.0285776713532955,3.512569357361839,2.672043281095743,-0.4502198375246604,1.6696554102006635,-5.738238166498683,0.21032605700360654,2.5626055323344845,1.7401809177134953,1.3077522113185096,0.5739000113209193,2.7724479421436583,2.1868339824975274,0.9387026525280528,-2.647150007855115,-3.4375934937659065,2.5178663987330308,4.987287390262633,-0.9345804016687099,4.578900278976188,-0.46533433495284077,-1.7522818170366103,1.2878436501693031,0.9472554577293996,0.8399134472764678,0.03161347817744962,0.9306017181537213,0.8999237804077176,2.7036426490126226,3.316437690351309,-2.6257232825147154,-4.851362293706257
user_308,-26.57051247910411,-3.798682047550763,-6.74360219334167,-13.796487891525544,28.446042336919724,0.07452707332138539,-7.38995836205072,1.276154047592842,-3.63736302622162,-0.5725386553626055,2.7706679686427798,1.116560259027871,0.04365099671865082,6.63493003562493,-0.5106139789420047,4.634804755237235,3.588787812604281,2.1649729299887883,-4.130101695242931,-3.3889079714320975,5.521734903976413,-0.1931726119691148,12.61349748322949,-1.56912948617688,-15.011611673840935,5.185650312913294,-6.995659294377705,4.9793367951631335,2.1909516461653227,-11.245928980646278,-3.39235539567706,-6.984380166572484,-16.35747588821202,-2.944219649228252,1.1209521197896954,6.189063975249326,0.27638738160112475,-5.8113124436877515,8.896974392569911,7.297917306417992,-2.300620612251728,2.4784507021494626,3.5034017160337765,-4.563401358888303,7.499626727328254,0.421585202415796,-4.175198694913435,8.127849423655514,-0.39518599432352736,2.396153488916474
user_309,-20.900329613901217,1.379582753645843,11.105073741569067,-12.756868947684255,-7.415493588242677,0.17919087117437177,5.797561992805223,0.3118893230127589,-1.2531705373595678,-0.5205214423700032,-5.959589110433686,-1.9211339621087504,0.09220294552805382,-8.042347914564631,-0.8090046499799648,-0.6654907421744455,-0.7801426438301688,1.266786489525439,1.4060467887290036,-0.22183212016897322,1.8147241604896827,-1.1725361898394533,-3.3941589651908677,-3.4737102525569625,-1.9969345589467242,-2.7916392679184154,-13.197698733747337,-0.05463991795266575,1.340760181575507,-6.860621752986027,0.06344820219440352,-1.9658712857916778,6.967998982036558,7.9733013592583974,-0.27635236422562315,0.06004883749959248,0.8646075709651384,1.0377614644487392,-2.4410406563444513,-0.8649508042294746,-4.449497638822506,2.2432015466753517,0.47506757947225126,0.07005605453840749,-2.6357293028146254,-0.9277960006055039,-1.8119527373290771,-7.05948842926913,1.467093450699059,-3.6911183496505595
user_31,-26.200842265934053,-0.4027269140394398,18.663782195550052,8.501566599052978,35.76472339409095,-0.3738222769529469,-8.062812453551013,1.2595431583646948,1.1153741029942998,1.512837733943369,14.229658719931196,4.329512783196409,0.07817542645846823,19.117854512180088,3.2323288389849076,-8.547296880825918,2.7039891418721127,1.0557088329338877,-11.030765993415148,18.62665575162623,5.316215074151185,-1.2418389713898235,0.732870490669149,3.6444341698790996,6.382845506289351,-1.932159291115493,-9.959268785857034,-0.891749140974689,1.784440359214951,-4.235091409517403,3.048871980838806,1.8256701230839538,12.530076990544444,10.006658951345557,-4.224122236176486,-0.1710541041435706,-2.0782720893628035,8.767638126605915,-10.265373284007003,5.050444428193525,3.2921497239743944,5.807826550721712,10.730205994289285,-1.6883841905975523,-2.194451568471944,2.46859559089289,-4.766673734401999,-4.456613082752297,-1.5875612925106972,4.049863019493731
user_310,-20.8054590743807,3.6515244342491497,40.1341838063784,18.32008266490557,9.324322803627625,2.006342225662758,-3.5600067667475854,-0.3011300669056698,0.7470890603551062,1.4076550766428078,1.139229546068917,-2.6893845464524055,0.33164608973437304,5.0788031016837225,-1.0676417106576066,3.0947785131803025,-0.31752653904747535,-0.5532839777267017,0.9453541702463946,-7.009219392365643,4.887688626049769,-1.1850984134551201,11.60813174582614,-2.7699251518454058,-13.123516473237983,6.157394523467341,-4.039624837312458,5.538737293255808,1.4690719415812994,-12.814603963136486,-4.1482789819211865,-8.902269676314416,-17.93851387971252,-7.270626408573541,1.019175034554625,7.429978969813929,4.124475550976244,-3.521297339420942,7.120035167608275,-3.7222262284358907,-1.6234556147555554,0.26685231679464294,3.2518007054933515,1.8631668865663737,-4.846738104766852,3.2771274372094004,-3.686649868760261,6.6445774093898144,-4.718489833626068,3.215418671946353
user_311,-29.355698443017577,-1.8338965695034208,18.3161461752376,14.974863923976404,-26.556613118567537,0.9823986158371469,0.3696750949912717,1.3223103320052154,6.2599527202308485,0.2735421070898607,7.8658448978909865,-5.8840517676105355,0.3897836610578617,12.692059908947808,-1.8978844134510993,8.539627663377075,-6.846137543299315,-6.208755470376014,14.263745787811782,-20.0888639608008,0.9174756027548305,-1.3482535036533314,1.0995740314923241,2.271051643947174,15.345492764638651,-12.183482010999743,11.311758549035252,-10.325741409975487,-0.12938555468030208,-4.478910848809019,-2.7700971725516483,-2.6628172726579855,-9.85649048745461,24.87503596939208,6.1752731981341515,6.068518414880881,2.9400306988833598,-4.29002543911198,1.7817002599646383,-1.8522119853557653,5.930512454141282,3.548047967531721,0.07782493983763031,3.2945871251818217,-3.3115646993596264,-1.9243459313578448,3.2035260465757798,4.673327083585575,-0.17890515713897417,-4.6676191741540025
user_312,-20.42741551249764,1.9467569501266835,17.33892722522498,-8.155904923100925,0.24285776136867787,1.6206395786308676,0.44644205559740996,-0.16989527746878472,-3.9904684752064976,0.8055581909991462,-6.632673835943937,0.7984932772791398,0.18832608765356576,-9.58685655155093,2.631175020239699,-8.713565242810633,-1.1286744199255672,4.572018985105803,0.18158195611406103,6.430137607291058,4.641143192158979,1.7587703723802572,-18.39091909630403,-7.8052469150743,-11.83371464891882,1.7452738154194227,11.001061821026228,-8.265125371271912,-1.3118000325619557,-0.6973980567636219,-7.19752496456624,-3.0637418858403325,-9.071458735258066,-6.089856649843363,2.2734950094707527,-3.7171634302759404,-3.092871247504171,7.171290722786676,1.7139534663057459,4.539585573574003,-8.533993628486362,-1.9622593774365018,8.41901713613276,-5.284591241297502,4.74287547792942,2.056314682126684,-11.647077128620994,-5.8156052785714945,7.8373537367959365,-4.25356944714311
user_313,-47.12352618438918,-22.480845123534035,-45.36904987250842,71.02401814764146,25.355454388344015,-5.316031441348768,61.93151336304347,-1.6434206761467474,2.3552628946014162,-0.5596637007623031,-20.456147660368362,-7.990133518509554,0.880181137189119,3.4695031026150147,-0.2404164917465756,-0.7019372177363499,2.8370329778257153,0.04308972245745236,-1.6644196622095042,-2.601077066820478,-1.277009690732556,1.496373428110757,-2.751691130534327,1.7875090119302808,-2.434051170611057,-0.371284259571421,-2.719288364014094,-0.01872079010566922,0.5640725481517576,-0.2823919358288005,-1.0802815575112221,1.5998374874578323,-0.910468643486173,-0.3570812975580387,-0.9255601461608423,-4.80434511043306,-2.259490035149854,-4.3181431228957665,2.5854181337622064,1.6750821328169545,0.1729664690009955,0.8786817694810358,-2.2987843286335994,0.3641147139240279,-3.457721378449474,2.6399564113292757,-0.03747840557270304,2.45237184462323,-5.164115432406146,-0.6067885876221291
user_314,-20.589568435106873,3.414791048626426,28.888788928016602,4.323951167874609,10.584904323708535,0.6373069918516682,-4.09074313538143,0.5154099475492178,-2.2262876199200896,0.9410615884761343,2.911387594012212,1.0234335362965588,0.17857940532719146,-3.875936248224452,-0.5870136036448659,-0.7364892998655671,-2.544344921928834,-2.4526487611729144,4.6174005651183405,-6.793563952068633,-11.837959125209554,-0.41162466455717406,-22.658890311708536,5.953187220287675,10.91394672428854,5.497329588276519,-7.4537248343595905,3.1595984979250527,-1.697316369199059,6.574905194058756,7.5542749440270285,4.3417540377911825,1.1530941398787113,-0.10848708844829094,-3.7246096277318084,0.8169774637750035,1.9424761335147913,-0.13573405430230776,1.7684616792541592,-3.964880504638171,-5.285889080747041,-1.8361802824483189,6.861271116319693,-2.755382139394231,2.9092163643178464,4.680285548707773,-3.857377345024006,3.191766710419213,-7.003298377007747,-3.061439180584543
user_315,-22.23094905603609,1.2045027716493473,3.8317361741764007,-18.8899616519751,3.9858734157898636,1.1677804159440217,2.500908444173852,0.3482510574414605,-3.453163620252051,-0.793778431633244,-4.624970507999809,-0.04857537703654307,-0.0006362232202915237,-5.115218031611744,-0.5436032866079715,-1.778730930838362,-0.989595193226626,0.6200146204049563,0.6177494043639469,1.1478424747927871,5.149504619724364,-0.24657204035560912,-1.3767780714029636,-3.880157346644001,-2.796529813758975,-0.7414025228456691,-6.454010707780877,-2.6368213674763794,0.0924642686597125,-4.101814388359152,-1.1537134000221576,0.6939774395221145,2.750575657297253,-3.1210820394372853,-4.679615899731753,-9.953233246642954,-1.8591699928782768,-5.543064740356901,0.8465328346901628,4.969280036580684,-1.2385420783459844,5.951411049947483,-2.346000484288411,0.6141069732764278,-0.09768817626575566,-5.938653921259189,1.2959571061992792,-2.0026064265562398,5.311253609848043,-4.595611577091124
user_316,-26.043174960822263,0.3703523881100652,10.790129714431705,0.8401793787823336,29.650838404461147,2.3168582665770754,-11.131230665711676,0.4872349329718239,3.5370075069819564,0.9447673841886702,8.168138793866255,5.153367156530863,-0.3320932193957499,8.305931556771748,1.1242344898153265,-2.7425298016962327,-9.495259633753193,0.13479999057078684,12.128061293605732,-7.85766571164065,7.706526147192434,2.0815360263223726,6.267374891498284,-0.6899796515411056,-40.05429027636221,-18.016067502925164,-5.559927658218189,6.002157628847389,-0.9609762455750691,28.68256444363246,6.038867374790447,8.101722897023478,7.268483475087515,9.866596229049096,7.098169357691056,-6.67117044206261,1.4208548549307443,-8.759925360391563,3.1387582309139783,-1.1876215775143126,5.1511996072356565,-0.9136907312063363,-3.609311665024565,2.6694274954903565,-1.0076350632700066,1.8975208581400673,0.7417722329117332,3.7943879581985533,-4.63428995974905,3.0594937016656605
user_317,-24.104958762886117,-4.122802535957579,-20.29771736553523,-32.19940365993811,0.15414732617833027,-0.32525042561857376,5.79184514130767,0.07446294527346813,-4.536869753023771,-0.3128618820049489,-7.4259074930220805,-1.228174149833773,0.25950859355327455,-9.405278120168134,-0.5935693250059845,-0.38289278240656477,0.9371896536079888,1.8641747469164018,-1.502189340160266,1.7820126912157275,3.9260716843845733,0.05278406327819036,-1.589413411567355,0.37558669360037983,-1.3013212564907053,-1.5783657094356518,-1.3058603279826744,-2.6158927603480713,-0.28587718862650413,2.457188020364657,-2.5769529187687517,0.09966078937231254,6.120389630569206,-0.6883311174887428,-1.4902992159657944,-0.3472303724876897,-2.334043745310966,0.6702517970970581,0.5284196955690903,3.150609712961646,0.7065150492870185,0.9668819388884696,-2.9604598005048257,-0.17801524225467424,0.40765461174446416,2.14794016855215,2.528413339703058,-9.572720034922806,-2.858921638918665,3.471687805704946
user_318,-22.531919091330742,0.15539767319027628,12.037604543532789,-8.524972977006215,15.545335325150075,0.6035022300163857,-3.724837475358864,0.6662910000247293,-2.912343340594915,0.0661953479691952,-2.8667037825121615,0.8905839690301137,0.17765840581073258,-2.9452459756869365,-0.48742974522319965,0.8205102163554132,-2.467599485557665,0.22800987609641776,3.0615198139581286,-7.458942290973117,-1.4384943425037184,0.7685811593267922,2.063997352193492,5.983154582756544,-5.447469908314116,4.4989064978554705,-4.776868828591791,-10.534020032619136,0.6203769998764467,-1.7817096146077165,-7.293996016584997,-6.422430478437121,1.503691656477226,-12.050392736243971,7.349639552303188,3.718778811235601,5.35236800410905,-17.879276552725294,-11.029916360251605,-8.28589446617773,1.5518708089762818,-1.5651296239708476,6.528476839280976,4.279132819740236,-8.692530522959945,-6.886761386317827,-0.35966691735757256,-1.3685066661975342,-5.8671577619368644,-3.9397222163077616
user_319,-28.09126289634907,-2.684046646275716,18.61127758976969,15.601332900596907,-25.78078615104097,0.1647732781556174,0.37170403812738,1.7937468274733852,7.32727248578694,0.7024442349840999,7.694166978277859,-6.570265533135843,0.47447274145464374,11.334728390726063,-0.743589536409413,8.43005631548367,-6.653832585352404,-4.475133426234878,14.25640837644162,-21.772005388115353,1.4062806903125749,-1.6010562712434548,3.975109214442249,0.642534678725723,14.860269621574261,-11.748308124408618,13.685071323859487,-13.026369111545275,-0.25843615880507587,-2.5670249975094395,-2.49573284777925,-2.6560234465847357,-13.398629125949824,22.052992662529057,2.980418159975049,7.254876285574203,3.2104460379287976,-5.914203774527018,4.356798920510362,-3.1768595994054607,-0.4379750996541091,-5.717023828887967,3.710956362493044,-1.6249301390482274,0.979299429497538,-8.601548561838086,-4.11493038735073,-4.4113263625596355,10.557355313576357,-4.102876781604729
user_32,-26.048610484224305,0.29293996990974613,18.54102298103946,9.053280162041396,36.40255914102922,0.9507075230580563,-8.324260780904423,1.1561824327464327,0.5468790680521083,0.6168286739808917,15.273541303419321,3.3186186766626293,-0.3335185523364757,18.87151283709624,2.848931941523777,-9.40724663787989,1.6353503414353736,0.8904481261256995,-10.673922075613557,21.03885550467207,8.51233731068277,-2.572983049930535,-1.0675302463043954,2.013902525310892,7.536680620196855,0.7108206421757297,-3.7239743695493517,-2.5331901176399105,-0.019905230972888325,-4.7836554785454695,4.77546733075122,-0.09660779531425621,0.284631934121161,6.3856806365823875,3.6631857502530534,-15.147493988796175,0.6358531242314335,-3.886728658404728,-3.351481092446556,-3.235364925478618,-1.030389019855758,-1.1966805251937105,8.639867153404522,1.2335030066531167,-4.640234410255753,-0.2415909758504749,-3.241418784785287,4.9834420440917375,-0.4535558817750919,-2.115731092776262
user_320,-21.1928609975933,0.7112899130545406,11.641989742055857,-9.843736837101702,7.975251351668866,0.9890735646386631,-4.846600471277403,-0.24989171116340275,-2.749874629238963,0.37765058335689344,0.6375776051417718,-0.9450077851446608,-0.1467240799877007,-1.8307152204816008,0.09521522191016668,1.3602131805511768,-2.8805695172829324,0.6792200061711396,-0.19927092683674666,-1.6461977248623163,3.951291161368985,0.23495525185550045,-3.4875811830865673,-5.456913261609958,-4.058974595180031,-4.3906741240972655,4.246860153639833,-3.5147451686151228,1.1099277096629736,1.6373854836345922,4.318692619948056,2.366931439499821,-4.817123505007177,-1.5321322450058632,-5.295888787292036,4.440239119583214,-4.744087135539744,24.69382943640926,-3.117904981811495,-2.0032887031577578,4.23310597544321,4.969263416844118,-7.334378091900959,7.8167054834965795,-18.718924987027716,-11.05520760732967,7.74269226909586,4.272989029775372,-5.70007526951013,10.739375426678448
user_321,-26.4799495606523,-2.7355118468030892,-13.71699990251434,-24.631293167162855,8.691899810477159,0.9055362241655669,-0.6935421754105843,0.731066011662587,-5.797853212287793,-0.35640761949762984,0.6733857411322989,0.2503275660872206,0.05404124622931366,-0.5567683210514734,-1.9596365676394605,5.4060161147737125,-0.6488044648628164,0.41378040251366044,0.9143867968817462,-4.813883334523935,-0.6581891943078196,0.07967372887983593,-1.4968870571631128,1.9596306574234021,-3.041857018441181,2.634732840765974,4.841300409622008,-2.1944957462565466,-2.0083628148232515,-0.6668877083841892,5.391586732024927,2.552120411132761,-14.36704092868815,1.568821563176288,5.494606103909653,-6.249144765408469,-5.893425510824248,14.669833051213587,-3.631298615953099,0.754342592354734,-3.7781110556042106,9.079489224093226,-0.060102621149041635,2.892204951544647,-7.606085979671778,8.614516138023124,4.76242438402076,7.715817098356765,11.256083658496426,-5.078292688645175
user_322,-24.35349164014254,-2.405140705893154,-6.148371598809621,-17.561164828589018,-8.882073322903134,0.5292862000350295,13.581078729405474,-0.322036666893745,0.9649029664461507,0.23586057027663923,-9.414066138454201,-3.175142838503575,0.25569517466879493,-8.073522613980131,0.10407078741715894,-1.3590930277477358,2.469734252060059,0.06868364441070174,-2.48797187680143,6.936196103488327,6.908528861472086,-0.809109552004313,-4.277393967147849,-1.106966994718458,7.224278095640181,7.973096565428849,6.535161530912444,6.220216539311004,0.05572392725609155,5.400858600784115,-3.032227869135593,-2.3899557464608874,-10.821067234341799,2.097522479840433,-0.6608047939817179,-1.1901113424183314,0.9352500572522867,7.046310394148991,-3.1856111535824287,-10.88488859373081,-4.030741951682202,-8.269072487479228,7.485523902433386,-1.6010444592328676,0.9277133865092898,2.1393092023023423,-4.968796770840509,1.8787949119851763,-0.9085249388361052,5.706520060221895
user_323,-21.01287291156536,4.437616180417993,23.56532451053504,-0.4393877147369875,-27.345631064209385,0.9730608310491474,6.6649529321401255,0.8849108595972274,4.79009453915257,0.4794348836543625,-3.9288568459691477,-3.2199498621321414,0.6359683756188493,-5.783451842984482,0.46138421334203067,-6.845135553513757,0.14533636474834824,-0.6093367980733485,1.72965236018613,5.11350927537633,7.106860913677662,-0.6566747106272491,-0.19588451119846195,6.045776388656382,-1.6634518410501935,0.4590727197314244,1.2827928038898477,1.1804724727460225,-0.18958906149274643,3.7153713180071137,-6.10159105402597,0.009422132330597563,4.213061732846225,0.7561470079838728,-2.1532599941177533,-7.07254252497424,0.36719110930031396,-1.8167382607913423,4.989590912644512,2.4033667698490673,7.765450211391227,-5.792905696949263,-12.03128365111638,3.5253355673862954,-7.3262032343255,0.8224378865316687,-7.934820750070691,6.202580734138747,-1.2683526414386113,-2.7650609817895115
user_324,-21.016051417682124,1.766735752453725,20.806415458196856,-0.9389700373736775,13.072632602087781,0.175106955628255,-0.4603083151739985,0.4972605535179175,-4.0015239529993405,-0.5628226329877601,1.527164647145328,-1.0302491323608403,0.05650070239426448,0.39064440303164905,0.25321163943405844,-2.80813648951029,0.03022703275316667,1.836555232579898,1.2490796609760058,1.7098020204966617,4.84561684812115,-0.6968529125798686,1.5877105898732713,7.582933659690454,1.416255284539257,-5.130103782351896,-8.77012078075979,-20.53434492867791,-1.847564021269318,-2.8408661740063206,-0.5478063789175169,-0.06241094947959902,13.717673962068684,-4.501394278599058,-2.9572515611022183,6.450101865424718,1.519044183154099,5.00757506687247,8.979131388987923,-5.18981783017467,-1.292324260177275,-6.317644883741192,-6.387842056404579,-1.193677241794215,4.89822790277628,4.000126641235984,7.690724441286288,5.302018405707865,-0.38129460804170817,4.604262140902039
user_325,-29.567513330837993,-7.081578155753731,-24.813903757042556,-17.621045225499728,-31.876316653735994,1.4510598674785062,5.031631609926741,0.1188254403863835,1.6384472150829346,0.5036638622542238,3.549116594043183,5.839216110883188,-0.2977213282129549,22.387312061501845,1.1611473792379163,-2.190992219106422,1.7567640039517873,2.9263142299704303,-7.574735396860481,3.1670829914589773,3.2475629836751914,0.09784393086805043,10.059067289221465,5.323044772987306,-4.257857951125131,23.151462569446167,-1.2270179008551627,4.895132237700117,2.281837248164056,3.071219264635801,-0.012259620296746047,0.4215168938290132,5.668535939705016,4.182978112687022,3.6858276949350617,-3.153351993753616,-3.2148019945823556,6.2290005863374605,2.0017873762789544,-1.6618042513344147,-9.700069699394586,1.0406144540906725,-10.591087782238443,-3.0039401117165263,9.003094666746755,-6.633664429005834,5.232768286999696,0.10794723702355971,-3.4126844536711523,1.577374588430074
user_326,-42.933744480919785,-19.24501727671083,-48.50366571331307,32.49050043791809,-0.5157673017587284,1.1219629614950326,-65.27827535176796,2.4154125964016258,78.14837888162555,1.218661057041848,-27.686655663635584,-16.95518812752503,0.8788328171577199,-6.070725715549488,-0.21902111022033466,-0.32826346290337677,-3.8993226969802577,2.7121981019689283,-5.98357298430585,-4.4442122920536296,9.23583026719198,-1.671836619834724,-4.9297856791098456,-4.45272340297204,4.998472022706777,2.5524976199359966,-7.1644293200073035,-6.237140952253076,0.6007531040648889,6.071797802754206,-0.453198990427106,0.2396151046759964,-4.131697169173987,-1.5312681119045113,4.603415825103998,1.3832689242910772,-0.795625131716282,9.030094084779831,-6.32858205925804,-5.660764005854485,-3.4161060360422613,-1.565767020500866,4.0998274373622845,-2.560281303372015,3.535560522280664,-3.4431649905502666,0.10078433791859859,5.5951847908681165,-3.7893974161669637,-8.450224056306004
user_327,-23.39912684019916,1.8028204180465532,22.665595126470354,7.859937497113393,23.76222737695936,0.9440060283903491,-9.004480723666418,0.3598868259081552,-0.13864005258232223,0.07946843548833117,3.7318071794777,-1.8252091440655809,0.10371207372640306,-1.485691182595131,-0.7280424567387879,1.484491241623799,-1.3634892433291976,-1.458250055418227,9.220710589628768,-12.489888053882074,-5.4053598480550376,0.44855085189699684,1.2737505191749396,11.663058607432403,-1.1042654635317126,12.72838038340639,10.266311913829265,7.7401083146925505,2.3044825682029395,-8.906936731139314,0.9755746404424855,-3.571704515681946,0.11441646792172769,-6.086308640172363,11.495737514508468,-12.334480183882752,-7.0587447125473926,9.535937854427708,-0.8008996710392566,7.446446127870561,8.124643991692956,-10.366884995011139,-1.178156011210042,-4.4488120376836955,6.953811184806934,4.137909065304424,0.6476697266825874,-0.5758921189551315,-1.1677908292258394,-8.084914174891086
user_328,-46.03593439354939,-23.371564464134305,-72.16277494206068,11.412947749774185,-1.2404986730195586,-1.9560301151455153,-10.357293590936477,0.48720005785760473,8.098098167109791,3.4624439582898447,20.931395276254268,71.49246786353181,-3.997279476342171,-28.071780390155176,14.282763791430828,-83.94224216430999,9.445529819204861,-14.104323203225638,7.69309401385622,-26.233118296700606,1.8125961719751467,-0.7051386976038884,10.671979583917132,-0.6946408955477723,6.907454396022339,-6.246703519453113,6.93973617660232,3.780166413142682,-0.035241339740908546,-6.036717894942987,4.366241172554074,-0.4122809549862898,-0.49036758513295325,0.3625759692285602,-1.5113831425233137,9.707123537467316,1.6244790538096365,4.910540890014854,4.477099242116074,-2.921946281556653,-1.240631073637938,0.3239193263354225,9.276540929627803,-0.8306099747528012,1.0979612761546202,-1.3519840578369016,-3.6840698287792524,-6.035307005566201,2.011513452657421,-0.1305545643995511
user_329,-23.55775125348091,0.1201480887391429,9.897473566968063,-8.094426899600169,20.474707295915042,0.3318027348082109,-3.1067772967456992,-0.22275473255843464,-4.274678140485351,0.27514327276026324,1.6187828733725227,0.8898070681515704,0.08426056580519453,7.391368327841188,-0.16241187354684367,3.6137573730862194,0.2634281016336069,4.318418812115655,-9.483125900108348,-13.255446696340218,-1.1546420918441254,-0.20599103020446047,-4.417641141023965,-32.58205843146705,8.581945062304088,-0.01840232949119723,6.07057465890754,5.776107203029444,4.31177975456957,1.7137636556153877,-1.3464198044661522,-0.9643848129016325,9.645462133898768,2.9142783419203906,5.108575795322507,1.3083908860161113,-2.1217347752017996,6.7032264242623105,1.5257061754723804,-0.5996405947911462,4.920770271676402,2.852121185189671,0.3734630926342782,1.6772087987779594,-0.2529312828903343,1.0762102597985754,7.079006379372847,7.331915051419252,-6.2317195006813835,-2.408678671691501
user_33,-19.17772573508225,2.715197035396541,12.941153303171536,-12.780661104176477,1.786773314921109,0.2739234998474497,2.944791908986523,0.5374778226030663,-1.6281621911626087,0.7616180411093495,-3.800417213895211,-2.398135820865737,0.6840856567914037,-5.8841952148033805,-0.433245643297121,-2.1805452673855186,-1.2757826526521392,0.0768374175902645,-0.6892321215536432,0.010721205321409704,4.74597099530115,-0.651229252995887,-1.5059006356630398,-2.3911688850827777,-0.5757858654793734,-0.04719989644880288,-3.7142989197720815,-2.655056407515688,-0.6507420967074229,-2.85786394462572,-0.2512177001644611,0.47426915279871534,0.5955899452750151,-2.26840165187775,-3.2015155311551013,-8.491862937382265,0.608182137877902,-5.139071858787191,2.8782220675603325,-3.3085525681331,-3.9780528430270894,0.7847213833614813,1.2259185695266976,1.5215662635381053,-4.445492389358962,-0.6295107818347188,3.950210778578033,-2.5414412488246154,1.0533949398202036,-2.3331324654936374
user_330,-47.69968732871817,-22.352664356208056,-45.1227809368132,70.59994851283867,24.946085098250286,-4.905301934902707,61.02889721655361,-1.4508318733173715,1.377641702424847,0.10572990492648301,-20.701699285943235,-7.572046164188928,1.0185458675412422,3.7873782361890793,-0.10846516401829857,-0.6969203287095037,3.3737579067750683,0.9298274594917714,-1.575960175239861,-3.8801894451834524,-0.7849535942179611,-0.4452675670964032,-0.6377441732036461,0.3534946758702304,-0.19960950651185094,0.19356858062288018,-0.6994615702964808,-1.307586367951,-2.9716409464107443,-0.8163943337329873,-0.9387014606895508,-1.26342187933823,-1.8166677165040428,-0.91124560633417,-0.6438954198816035,-3.748405579025609,1.9192310098531562,-5.499913543064345,1.2422898512928227,-2.6298180487727625,-3.108403880209798,-2.8260291105884923,-2.2319814694693507,0.7555026440203525,-2.3402043570095716,5.254003492949392,-5.2991404189159255,0.1499784149764406,1.1398983337446122,-0.22640660803157908
user_331,-38.82603198581561,-12.589781622488815,-14.410979075258355,50.348972486028515,-21.087179870820087,1.5383383965629331,-56.05429022350881,-4.457748578779042,-69.39268564388682,-8.027802268697378,-41.98813961450628,2.5506605725020037,-0.07163456448274179,0.001222235442589304,-0.5125554970740557,0.68350756325944,-1.234698084700096,0.24514339679000588,-8.163398181093426,3.3880585731210706,3.624241568260758,-0.005204225608515809,1.4620390878076837,2.021874949168688,3.245039502332741,-3.435694240751326,3.512922533365438,4.801303446590629,-0.5303863067895691,1.4036519351708112,2.594840255829387,2.752401304225557,-0.8925480820469154,1.9464857343726305,5.192237849027803,2.340159309470716,-2.098795873159416,-1.0406395101518955,2.279532376932874,9.07492977016312,6.518907562515395,5.37818511281819,-5.147256300936379,0.9330835002547389,0.7177386695948653,2.947366417341507,2.490938465776792,-1.474702714015183,-5.5760563959823575,1.379831984502525
user_332,-25.66483894172867,-1.0692118396328771,11.458183719950991,1.8765506505411296,29.784160064715106,0.11220165586828146,-10.816846869011014,1.4705768658447933,4.600052216519394,1.283442280378822,9.327645776644903,4.421349094866862,0.015112233183701737,7.036504180323205,1.7191917296346806,-1.9554799067607636,-9.436738745038683,-0.4201160495524814,11.533460955773299,-3.3542417376698963,12.133815599143139,1.1069280004406878,1.303146400730516,-1.4190538920995754,-38.761715091641335,-20.279505414634286,5.392527405455346,10.716727915067793,-3.1373680525221026,29.702017074200757,8.167289522340065,8.710654532534392,-1.4374153204592681,4.886325766218573,12.992838130987797,-9.295913644672614,0.03821506237522161,-9.047054318477844,5.84225278038709,-0.2600343478544359,-2.439690320076144,-4.643664934517663,0.0964353974616853,-0.6902008961986376,0.24442295679187256,-1.6387754020649825,-0.418333452105417,-2.1408707841710086,2.2343598727758325,-1.0880433565659478
user_333,-26.220821811812833,-2.0795376216983046,6.439671389360251,0.62783672262061,-39.30475928169107,0.880886282538663,4.010652994215786,0.4117647482121572,2.604792626004754,-0.010801105510675004,3.0217836795749395,3.8308726755417006,-0.25083772598914983,16.382290323941834,1.440313370744692,-4.265632654076594,-2.0075651071470473,0.021958041316417,-1.1907878470706412,-0.7271678364502974,3.6795405039222766,0.6797789715519282,6.635348999841739,4.289063488156372,-5.51836550982539,21.534514492909707,0.7658633180945884,-1.7882748382758902,1.825501586487438,3.5624826873393634,-3.658523064123727,-1.4687545738913834,9.035082673277072,-1.694187122301052,5.004287020633778,-2.962754671441879,-0.9841115180198647,1.8384212742672765,7.120504708228118,-9.393444264599758,-18.380350479411167,10.625027798148704,6.087928257951973,0.1896262690767013,-1.7758407594828984,-7.800328485599998,7.15275016562914,-4.087398952554334,-3.264915269911405,1.7378823411604114
user_334,-25.344176498270514,0.06492988094650136,11.213864298154789,0.5484546606916123,28.99982955281858,0.4949655885894388,-10.45518159727603,1.9966773552992396,3.5433950563285843,0.6200132135508223,8.91624915929947,5.061648529304246,0.06799844089974973,7.579458526871619,0.897075322578934,-1.6959264603141506,-9.524445443859864,-0.27426056299681123,12.541976450070518,-6.822092096315043,9.394497503510033,0.9461047005277486,5.74654467600868,-2.168066802827921,-40.27838677865352,-17.762733732698372,-4.025434365001168,6.289967863458568,-3.474596755667078,28.733024812730307,8.346443687945005,10.110093224790296,4.932817486374704,10.404123518917809,7.130382760746207,-9.22031195165059,3.433253959242926,-7.650904697641759,3.8122635901525506,-6.232599293642969,-1.8769063567672133,-5.4670581772736195,-2.2431522704094893,-0.19356523897291852,0.1900667488006556,-4.908047621654364,-1.9125959629737401,2.326665787812772,4.755923764386627,0.04410531009386836
user_335,-22.432650628140113,0.19539794586225015,12.228055885653523,-8.898344105638019,15.866284872365222,0.51450417881141,-4.797541027734875,0.3557923267526151,-3.0627136547118976,0.4371667707957533,-2.0421690920628555,-0.12911432015978816,0.33954115584111066,-1.8936469027971574,-0.580986080577365,0.18498804589001455,-1.575595201397401,1.1506708409401976,2.4715519274359203,-5.791471363842578,-0.6564735194003323,-0.4930080243162228,-0.8488682168391661,6.0913658990069655,-2.7514851243355896,2.3259963094440446,2.738053866923102,-9.45937114494447,2.213080424584373,0.8396886052774636,-6.3252889573686275,-7.086164057330761,1.40785274574255,-15.826346768839556,10.574805024565759,7.784560897240135,6.4957226614339945,-14.396046472979677,-10.728571474995377,-4.541020023006564,3.3188031081252523,-5.12064690555628,7.129472670926548,2.7283979813467703,-9.435355626942037,-4.672638860697336,0.6007082237102118,-2.8227208848953604,-8.998269460695585,1.843121304623632
user_336,-33.94549305058111,-10.761347445246503,-37.23946094047184,-17.634864585888256,-8.475970759320115,0.2015018975977,-3.4074850842167437,1.7752869080546514,-4.11812248954497,-0.5781660478699111,9.265082696506468,0.00391507584991916,-0.09975278414220523,16.391809589111258,-0.884846580681988,8.679976549563298,-6.0730540748612665,-1.6748562822067048,15.937288812639595,-15.742443475151607,-2.615958239745325,0.19371187727329986,-5.805132556171828,5.280178548597809,7.702259891018545,-5.152202162827404,9.033691765241619,-20.684449896865015,1.783070396781502,-3.2362430223749614,-13.787962365332676,-7.17014695750114,-4.785302298207266,27.145776063944766,5.5321832421302535,-1.8191017359827917,-1.1685345385322259,-1.7422903420711104,2.0474248662689734,8.00397574314768,2.4871451779752047,-0.5952232307121434,-0.908230875991288,-1.7095437679447794,0.8883965071068647,-2.64690407313332,-4.876602464370254,0.8940558577322643,-4.754789646037033,5.901565270649109
user_337,-24.087674132254357,-0.05606619229262673,10.256076117826076,-8.620754239390994,20.55183176211623,0.6539308619855478,-3.676329439020911,1.004784842195909,-4.777760413670052,-0.09785123974363102,2.066481891216116,0.11889496273775059,0.37811024542862137,7.943373602274802,-0.5306104935159695,4.86693526339755,1.0732130840592338,3.48891100980469,-9.822075285754243,-13.187086283478797,-1.3970755658448633,0.30422233361820766,-5.041537690088716,-31.240611030282697,6.632348225551232,-0.17447460371286236,9.40198792155677,5.297864951059738,1.720936586613101,0.7731241535293155,-2.6301120856483795,-0.17518863808894702,8.887096681572,1.7566517497154863,2.187807149401396,-0.5362291046919356,-1.9998904524699446,1.3076258154322205,5.253432112373531,1.9481223545657882,5.63549273465822,0.4938802478900645,-4.503776125294245,1.4136645653161601,-0.9435386150016748,3.358346147452836,5.628832139315377,5.04432484245531,-5.704744451171862,-1.2194768505685178
user_338,-18.366956431592946,4.5296090377781155,36.37011063016101,7.413739142689573,-19.795691718255686,-0.2207095436108468,7.497170301864133,0.7099105598584244,4.010915878907593,-0.0788022661242863,-6.16184109379289,-4.42149358371566,0.48970567159965883,-7.926947757301102,0.24615375255691344,-6.341988908286415,1.2486498482455277,2.900567357404024,2.211486737451739,-0.4257674275445208,7.0714416874651755,-0.5046510275645847,-2.406211882949292,1.3446329076536911,-3.0143897688912755,2.182279010463908,-10.216303975627374,2.945784219884791,0.16169563614811183,-1.5567249174468223,-3.0911956812643373,-1.3770924370073587,6.889636512202209,3.4544639282345484,-6.559363062118818,-4.26461481256095,0.9321000991943753,1.250141570969168,-2.3354801499145306,-1.6816408434602739,-2.7511734782906845,-0.12121768810750723,3.877408214293411,-2.1168999161253805,5.606419416489319,-1.2316404774074918,-4.368667455595404,7.7480225551366155,1.7041339609831256,3.614351600756025
user_339,-19.567208950611654,1.1663497722243517,13.269116568905265,-12.957933387149742,2.2460907002069805,-0.2335952207041938,3.155720743975972,0.5226538590925386,-0.36959376448340103,-0.7959397387971435,-4.234846748287126,-2.2032456739920767,-0.01648431661735249,-6.925778650474079,-0.27211298287835084,-1.1708165835059448,0.38598579196269817,1.7742073631577628,0.034841737842675656,1.6170897483016933,5.7908397003208405,-0.7276128774708451,-3.238625540214499,-1.1515434493726913,0.7333481347748355,-3.786678265116728,2.096645830503502,-3.9652001603978633,-0.4352815695286185,2.2704483285343517,-1.0154521295984302,-0.925327636150598,0.899805780576556,-3.6699242360244577,3.5393144443098015,2.5163825474862223,-0.34618631190592275,1.6503379647591723,1.508414298778511,5.0753343716237955,1.455485784778277,2.8972416658102014,3.630539715364868,-0.4746382515776355,-1.010825643344115,-0.8633391045359783,0.7959502573428424,-2.8324904676173945,-0.7836222393640724,2.1297322163307246
user_34,-27.580245843839137,1.959941750744805,18.860212660546928,9.049781621345101,36.95210663271405,1.2775748302586047,-7.3422321576673975,0.9403525874242079,0.7425280270383028,1.8239454887222242,16.220832320019962,2.8709036014939624,0.1688857938687543,19.126544208657005,2.9009005308462807,-9.945560006694153,1.555431575739685,-0.875583159856332,-13.393374632173074,20.86184553585073,8.922529909311505,-2.3748798348302604,-1.8905088547440696,2.8766288667076267,10.663288335729533,0.519012946388572,-0.2785662631237222,-0.7043901048766377,-4.152792075213105,-3.4272253953766327,5.336709660623181,3.0688153782274656,-4.406139257959095,7.366399896029631,3.621639140718452,-18.63650230708532,-1.634089992797035,-6.738203724414059,-0.25149930650651414,-1.8197728751288744,-2.1199514216034707,-4.452204433366625,5.918705435298527,0.0036513705871355153,-4.38524206333187,-1.713234303126561,-1.6338099670635253,5.278319989415471,-0.3862445774074609,-1.8035925860359325
user_340,-34.866854396159226,-11.12390364189383,-39.561093162886074,-24.657515857564018,-37.24345986297775,-0.020755786194424343,5.364915263663297,2.0581755306362246,-0.6694457541330805,0.43750917686866125,10.952041025652102,4.394623161937592,0.22039803016456458,33.411003674706166,-0.005233117144011431,7.640057601897179,-4.808662193961164,0.7297662924587199,-4.248523145720387,-12.298955622883994,-1.3625712790193574,-0.6187614389926546,10.306477068614537,1.6910184775598898,0.5113168313934644,-8.951968031788262,-16.068771663280064,0.3926477656401833,-7.437617958665421,-3.3061475119502695,17.95614493261294,10.014930954107017,-12.61202252716316,-16.68431585914393,-12.393985149099262,-5.037984560279556,-0.8519676090202262,1.1824953889068166,-7.5118779388096195,0.4957724332204321,0.8094344512331275,-7.529666408415838,0.15810848887259027,-1.4335656445847174,-0.3351812281577388,2.9871487802157928,-1.790192273678368,-6.428558208622614,-5.176675793584921,-4.258769480098692
user_341,-26.579148657425606,0.6419173259555894,19.79730930729117,9.714353504684794,36.83795388825522,1.1473843480409336,-8.038805318255147,0.9766162189917098,2.054732685409135,0.8610096818981215,14.836568450660396,2.65055486294628,-0.4240151396739882,20.565094526589483,4.256905349921487,-11.361972085717598,1.197903793821809,0.17209416214809123,-12.239525410499377,21.607872213966107,11.247562198511732,-1.374221837312422,-3.2080358259221806,4.393693517597143,8.035818025250643,0.4871626315353789,1.952539720976076,-0.31435798757694855,-2.284273329354304,-4.143048094478917,4.206305796592989,1.5436300949392554,-1.2931027415089684,2.3791307377211943,2.8261154766344148,-10.626563605879968,-4.12248227643167,-3.3577585138905244,-0.40587955515118934,4.686125315406255,1.3630829269725493,0.9493810625488336,6.000412946448801,0.6993660228895725,-6.196365679565298,5.62716511773111,-6.8658238571092784,-8.625884199186807,-3.9863592589327226,4.882313480162691
user_342,-21.060085218970077,1.3147644951962036,21.623556510339068,-0.8120971185539092,13.09790834898964,-0.7081527363831073,-1.4983960252316517,0.24626989367963317,-4.524361150911928,0.9044440021594903,2.093847608255237,-1.7122444280895934,0.7593810774269966,1.2234843951319054,0.6552820679636978,-3.1774069321384353,-0.032754535963514,1.2171328757923712,-0.07129963519871915,3.0924575440850646,5.072219753191621,-0.20072616676185767,-0.05296538629119393,7.331929263539303,2.9748999092522355,-4.635055529387707,-5.775444726897361,-17.617747381157855,-1.6623028335035133,-4.671760742106475,-1.2245270658362124,0.8213722823103804,8.520917073979055,-4.391881430807975,-3.8353409557945533,3.170595239670635,0.8925812202029282,1.8650893980356034,14.86674354938546,-2.4096235710228786,0.5966385963158772,-8.406462551535494,-6.659068637096205,-1.2818202009059834,4.537233868896144,6.483501320528622,3.7116884923111497,-2.6878062657692627,-2.5951053977768335,1.7520475832857834
user_343,-24.392335931371655,-2.078378868544701,11.31972591038658,1.4977508210749393,29.145293104319684,0.4916172600331636,-10.886226768688683,1.1829995694837512,3.5270860263366184,0.7507352710534635,8.287406977046976,5.042950032319241,-0.46636724511184335,6.723701269214601,2.2296665168209335,0.3558808844282614,-9.775208556736224,1.0834351639799744,11.209913828658168,-5.906346896179487,10.514670112712942,2.3281904110199183,2.4253510807071383,-2.198577881028365,-39.854448509651625,-20.877294280540852,2.585912709732028,8.824510495959794,1.4514600428357782,32.67215685614396,7.237056769348603,9.229665766848006,8.406155845658814,7.16578272080962,13.391633387055633,3.1383146166879867,-2.4823447216315087,4.724050072732674,-3.704655114608898,1.7021265121685742,2.069693608748839,-1.410207642854876,6.242467990870208,-3.6498272902882656,5.487590053362158,-0.1760962518713797,1.3062789250538582,-2.0036981527248137,-4.51525690990561,0.8592857952172352
user_344,-20.161887761130227,2.257338678875134,12.092438568005935,-11.476899256517983,-7.0406687972053685,0.25656751073258605,5.6298164247244715,0.2531374439680166,-1.7457587151616365,-0.09723701218195341,-5.222218784169431,-2.3356697003648716,0.3201736618908673,-7.456513436527954,-0.8676531110492843,-1.4036973959841081,-1.309766094406694,0.09538255105434995,0.37992831834067387,0.22294139496912382,4.821646473373552,-0.5139087309228927,-5.477974539664968,-3.8301585405490073,-1.1464385998273035,0.6630550368790825,-5.57501494129038,-1.525711004483971,-1.7077394259119645,-6.774732125860381,-2.4636665809438543,-1.6222269607503939,-2.973027360392503,2.1247678470011135,2.3593649173848372,-3.442230333451455,-0.2893741844943311,-5.983379541559234,0.4924816792358094,-1.0531530909422278,-6.009622307513517,-0.3182682900100293,-1.9037491189188909,0.6564378966100333,-5.796628129185158,-1.2851623099346532,1.2453325673934532,-5.060791692299201,0.384248513474102,-0.1967153405244294
user_345,-20.854602952425644,3.2098958038577727,43.959700438946065,24.187578779775695,12.829746504377615,0.7629330289366427,-8.683621432864163,-0.40920551621419393,-0.6330096696466596,0.42753808871404825,-1.6655432224714806,-3.8479637832469873,0.23472602344625978,-5.059265191734241,-0.8956919038185986,2.92402815887123,-1.8611971885819296,-0.21792673500772883,12.424728323629722,-17.622693932456503,-4.339014629029637,1.0551620460020585,4.667101514259036,10.375544599871958,-5.938727024054524,15.668052159244935,5.132900242396867,4.803904376174511,2.873876601142514,-3.3837475420109024,0.7773489666987041,-1.6922669684964973,2.5329838297172858,-9.288889846993126,2.210069015079076,-0.5906334780985695,-2.2261188177879516,12.186110659117062,-2.1961925054433906,0.2511620942645631,3.9954269844229566,-5.244993520368689,1.4461119905853381,0.742054133530153,-3.0950747455635583,-0.2525518045031476,-1.3111078930524365,-8.990077336144129,-5.900268352788534,1.8553668807529895
user_346,-25.60397858936757,-1.4627701515628024,18.96670411363914,8.916339231931314,36.43747875336501,-0.5531049701626384,-7.622354090055732,1.6820265794541005,0.8393847372727956,0.7983977238999452,14.672727283239885,3.8050785611617997,-0.035793284507100606,20.313169268057212,3.6685515236133863,-10.037622065417885,3.1873595087042808,0.8388175409064171,-10.330288940357631,21.24470515373047,9.100631355157661,-1.3514085216688285,-2.214889134784565,2.6424870105168154,10.127718155642,-1.2743371189649861,-4.218048838392194,-1.626741662849391,-0.7333083368362505,-1.2400704470684933,4.114402737183898,2.8746673236948035,2.5047712439487375,6.223087852496263,1.203950436966857,-7.703110417685361,-1.9324896133708742,3.227768816829566,-6.055819986014393,1.463958920485914,1.9579959406298921,0.6542812994231132,8.230247619138023,0.2646518513288629,-3.8177942002244785,1.2340988158161381,2.1971326277105234,0.4557396428064845,-7.250899506638997,2.944956572353994
user_347,-21.756486410873087,1.5953807060839504,21.21136543748956,-1.0444067927009686,12.882428369856802,-0.5308303378315451,-0.9771387530379432,0.6300118841403499,-4.169105114327248,-0.38188560755735834,0.7850606782970485,-1.8045784312786504,0.5074717325007124,1.6704927940655325,0.0008771842400987444,-2.4648806043669067,-0.30353420329220676,0.16472466990197507,0.2396003339935538,3.2101081408644805,5.5204517767528305,-0.3847478197758913,0.6617718679080493,8.5512743307719,3.701368280119721,-3.2593599323119595,-7.2221025517632675,-18.633201883747546,-0.43026715080321243,-1.4015507275081922,-0.20041251923295808,2.1111877693454475,9.081412731136258,-2.8739020450471124,-4.219104996775716,2.4835221166973214,1.4350802331063839,5.512017099422536,11.444661900797172,-5.432234726944408,1.1711377067962272,-9.028234775228457,-3.6159746181371637,-1.450192078313301,5.7796593712115145,3.921600817584469,6.409854634927317,-2.445607875133918,3.8533674851807724,0.5930044296117162
user_348,-25.230804510461397,-4.270849546902138,-13.696115019855064,-24.779705626599743,9.107781785969419,-0.12585466704791148,-1.2215533032133292,0.8925640494810932,-5.539340360290377,0.06368362637446207,0.14571373322660788,0.41580297649928555,0.3729426804972992,-1.028655177428911,-1.9760259333911487,5.885154427890084,0.24886713786399792,0.6762619643886976,0.39865512908298467,-5.483881861294291,-2.1451652390608578,0.3514433111965962,0.7369704715434691,2.975961876619527,-1.9878353919284548,1.6166005477266523,0.7141675398165768,-0.38376442283147894,-1.2795134536714539,-0.2825003689008304,5.618544232031758,3.964883329664283,-11.630608964147665,4.79966841168818,1.5232852115815894,-6.041483387286223,-4.771662691644702,12.726316557862779,-4.6941728730331755,1.4586555677614839,-2.1582113330624444,8.875100724693414,-3.459178282234,4.433711888229689,-8.690377614879413,13.901191754039468,6.854765780506631,1.9270616726880585,9.47864196863896,1.625236041643398
user_349,-18.58933959649431,1.7163535043089417,23.49063114973395,-0.3180515137795757,-27.55927854054886,-0.6003119325042433,7.195547366247112,-0.2732502379508839,4.7155193593190825,0.17935983482567583,-5.751144946620338,-3.0641275443584473,0.2091208107872048,-6.070296862441845,0.90243443408717,-5.361925721423524,0.7868501483377326,1.3809126500729958,2.7797104801650105,3.7421804916471784,7.447332614589144,-0.21110366207149406,1.3944426766301223,6.636837709509431,-2.238819976851946,1.4191128460744165,-3.5078935812727576,-2.594504124923361,1.7600234001383819,4.35110208937186,-5.15183324911481,-1.4920277225487115,7.857986900788781,0.41857724188351036,-6.6047809940270765,1.6098317938019544,-1.0294989120387739,6.890278681047222,-1.4872179131812713,0.551930755563058,9.671287840601869,-1.0801039283503349,-3.8417877010150385,1.7923779038436576,-2.547516567900301,-0.6840876689972474,-4.545370746186531,1.9265033604046014,2.740837996272065,0.24278605712098744
user_35,-20.759123055369553,1.7848222791708936,21.41060096015951,-1.3913822739153088,12.552726729317344,-0.4770644738027421,-1.2606692004650102,0.20012915160670236,-3.9116827963093406,-0.6278446988579882,1.707431629427535,-1.0548389132207976,0.20335049515527845,1.7637093395522947,0.43914497641572314,-1.8691344376911885,0.13548365448220903,0.8318025854409425,0.9305073335649701,0.8320279993721742,5.330195022721334,0.4354953871086686,0.8135519769225275,7.499124695602403,0.08369044788187202,-4.422870528781903,-11.666681892279218,-17.93816179918631,-0.14001202641946797,-3.491241950913426,-1.7691547755815575,1.121942354013362,16.522482649574826,-3.8514641115049826,-4.304436764339552,5.986437596618417,-0.4585016614734514,1.3832432304184596,11.971631941008518,1.4986140352365611,4.711828476004005,-3.0295418913165357,-8.113004525737244,-0.3084906739798345,5.100964303629568,7.090471002528151,2.8540800588462303,-1.459428640501155,3.417060229735729,0.12450937176033108
user_350,-25.047567031748066,-6.301606423068434,-35.21681553607885,-44.35060338387169,11.211646279021778,-0.5256370688918748,4.379826492427919,0.6757865625860527,-5.731215512970818,-0.7687968157725552,-7.207896649465232,-0.9160429341193062,0.1583147905911727,-9.878927894211298,-0.3911172841290958,0.21452606451420872,2.2105078348115725,1.2938308289350018,-4.911445718066276,4.782563647779356,9.185422128463028,-1.1422229637820218,-5.355286594735861,-0.5967659715303526,2.73216060242967,0.4775406643567226,6.222061700484751,-4.711700530199728,-1.829945191706736,0.23922934284250583,1.7892099137955109,-0.10440983745371434,-8.289939155133506,-7.218918158877395,5.912710092715437,-5.653984333689741,-1.983868621473392,-2.497938321080015,4.894466271002059,3.8072003169237223,-2.608138925808686,-1.6866784197810711,2.036245582124535,-2.330823082913892,2.5382241273222763,-4.146674023025156,-0.9984425565779258,-3.7447675056160463,5.033030263453556,2.5360849550949096
user_351,-24.1280731440505,-4.218916013053297,-19.86756824951594,-32.27168909671359,0.9679822469140771,-0.40241336060985533,5.386020852382738,0.16582376739112992,-4.205883272678225,-0.4964984016472996,-6.806287757851699,-1.0244794628483165,0.24069658928933418,-8.980313950197376,-1.30165714054378,0.2865082988869911,-1.04466569054798,-0.11778894424069664,-4.152629127250793,1.8615713966995993,6.954225474940846,-1.3192698380071515,-2.3071357423569965,-0.17398885734980404,0.3284788069592138,0.280445037042283,4.013219039285141,-2.5938350237617174,-0.7845435614075656,2.734152939754077,-2.019867443309144,-0.6176840748839117,1.8056295275716183,-3.766700618782248,3.486113356076334,-0.688915022328567,0.4473381229278403,-2.960154011812693,2.3227853261160325,1.5819735574372056,4.30418494442395,-1.1473897033453826,-6.4146297708427955,1.6802257091558623,-2.3139325551086434,3.4023063129199453,-2.026032862748849,-7.19406312910046,-5.188782437756046,-0.6830674487019426
user_352,-23.26571490955848,-0.29929372320076214,10.614349542623344,-8.556068986557344,20.035706235182094,0.3015902173894098,-3.4818688141745153,0.5615779534239765,-3.77560476748972,0.5512600497411965,1.274490713457607,0.4508431049027061,0.4385918546206236,8.251295234112453,-0.8533277000248112,2.53260027228108,0.2506189798636601,3.5108458376385,-9.118597853481742,-15.417123023591587,-1.3877736265801668,-0.86815668106749,-2.3748076320390465,-31.420371122779194,6.757626975724889,2.1807073852993235,5.461118108758247,4.597564969161596,2.316442790894667,1.733752008326135,-5.6140407537447885,-2.4857907373592742,8.623301299175546,-0.5647708379768313,2.5569456260160752,1.3937256812030812,1.196047248149914,2.591362418850965,2.9078103959414885,-1.6481183662628613,-1.248025666316475,-2.7892097091146644,2.281599453258389,-0.46377804481906604,-1.902612492213329,1.3717513971535218,-0.42418410763095254,-2.6924549411490935,-2.2741897644875895,4.185589297457679
user_353,-19.32555408079565,1.5052956892070775,15.94071802745737,-8.950219069545238,-0.07622692317667065,0.08793237118884567,0.38963151969872106,-0.43480283470087905,-5.344077715466204,1.1960577839378377,-7.691649070726911,0.6383170411493464,0.7218817411990796,-6.6397186379005015,1.282583092662999,-8.038520958576463,-0.3735245036881887,5.836106757287827,-1.7930643091052518,1.938596474296269,2.73326184580647,2.434123663732404,-15.366918833405363,-6.593280863424871,-13.540504368780317,5.69710047832606,-3.7781168252521713,-12.22149137647696,-0.3565767618099046,-3.192335237892678,-8.297927126012283,-3.2839811632384808,4.528357032400429,-2.238317052882304,-7.038595122318136,-4.821236652589182,-4.445304787070015,5.861265283666156,-2.0642813555217416,2.924927379423652,1.1724661310547049,6.155944167346496,-1.1821136778263364,-0.16843533133223126,3.23892095946763,4.380596847322909,-0.9559109550291678,1.0439117695688702,-3.297369701913421,0.3343924693107903
user_354,-22.415625861135414,-1.145896633765199,10.567805532664785,-8.74408781730164,20.006992814332104,-0.7919241889341583,-3.692829768119717,1.2900978736189723,-4.255524474695171,-0.38097557603078286,1.631430482518108,1.0212939453083285,0.39989418443779523,8.89415626476449,-0.9888066595709832,2.743149184758222,1.2554868512868405,5.142968976857097,-8.239218037737173,-16.78868234179969,-2.156877530998699,-0.36803738664477537,-1.448594663936786,-32.15970150557859,5.363685305548201,2.4522219537578724,0.7493131035132906,2.96063791054695,4.296677461386351,1.746121146405866,-4.434545172970166,-2.1201092645613824,14.025936203966559,0.7088408321666058,-0.7938911480403832,1.4667344960774178,1.6261657842945658,3.488489275365784,0.6906912813263689,-0.43804718148355143,0.6912346654799645,0.3653547837416192,3.234287595333005,0.009544858260110523,-0.2506329729278296,-1.0972085311631252,-2.265463795344435,-8.05266100316574,6.00996028956471,0.9365761691352527
user_355,-19.5552339789634,1.8268339760712036,13.177952170767465,-11.83607175980265,1.635456392253501,1.0828833899654329,3.187911858895805,-0.27352651114566956,-2.003046022979483,0.5580491355258519,-4.18813544761549,-2.3662176663774566,0.21386574815931983,-7.376275711219344,-0.5618373467871935,-2.308890050524992,-0.28873458698385884,-0.583363357668371,-1.7402160289913045,1.8920941681008427,6.369258734407035,-1.0919897196808808,-5.261112404312058,-2.8310149051402353,0.8924625754221578,-0.8330306647627482,0.7306723784659722,-2.90697340196186,-0.5659294311002367,2.2560602568696004,-2.2113866614861784,-0.5942796464282873,-2.195225208157249,-1.280763031037241,2.718263558067138,-1.2182389339244868,0.9209720017754164,1.4781502140055025,-1.5944462755797735,-1.3324598663083533,-4.349003126048986,-0.2664686448303652,2.2788113701323462,1.1048218282195508,-3.927307304289322,1.3015144681375244,3.947621256053361,10.671442686751034,-5.531955228374323,-5.85417344331314
user_356,-25.812335568110523,-4.460753798590814,-7.726429468810243,-14.672125398127234,30.186997225191,0.235218476819828,-7.408508306033974,0.4240459079353848,-6.437134159518814,0.0034274836684957946,4.548238837631926,5.496239746889176,-0.3345216879509159,-3.5061540492984475,-1.94564971497571,6.661543691231538,0.03053927117478966,0.11297987060693201,3.620921214573509,-11.795644609355582,-12.008376553172535,1.1095000738675134,-21.07580751303391,11.35197110532023,9.684351789402752,8.23478421950328,-6.430070277583689,4.9034578620063805,-1.130780392838951,15.591803247143835,6.348034448267401,6.447724014024781,-4.670776823619613,-3.2931239122307447,0.20519108477831782,8.916272857360653,2.3132983990330116,0.5657796962037426,5.669715050437622,3.694578986087169,-3.1497554387915034,3.2221915149877103,-3.2752913122097658,0.6964833742323167,-0.7094221613665483,-2.5242454828375567,-2.033194837552331,3.059853001700016,-1.6646960576160705,3.1917923983524825
user_357,-25.218782445273913,-5.326525664872055,-35.88638175171426,-45.23316356215068,11.040345544147547,-1.2085714231606977,5.332257239754449,0.39960983866297073,-6.9028506968658405,-1.9318396718153155,-6.332706392427262,0.5164991940233485,-0.0768727460027585,-8.93061691969907,-1.125682404446883,2.577877309674736,2.3052213612683055,1.5044834823868827,-4.598068487450673,0.18618036921713715,4.9307075937919045,0.1601196484565987,-1.5664704530405047,-0.7059586332903627,1.7996248031473014,2.9275402815139837,-5.696255926338206,-5.852533332477094,0.2499148686597899,-1.4771226493603655,-2.7825805874332104,0.5272343972593301,4.7348536323955805,-0.8713858355222519,-1.70502246372496,-4.800345609398084,-2.310757376720305,-1.5227970451665345,-3.9852558339546564,0.8921675147429227,2.265125036744785,1.6358097655267108,-1.477404459937101,-0.722331360798122,1.6608577705965513,-0.38350390267084666,0.4201236742189334,7.270082699915191,6.364975784172808,1.5031288454826601
user_358,-27.169471213540824,-4.217495943869507,5.121226290193224,1.451257933415746,-41.393910660679104,0.35854002306459737,3.1387216463954637,0.6880604492272563,6.168621772760635,2.585243469981511,6.056575460856741,3.427016575043278,0.43485825244911375,21.503193260092907,2.232946418864268,-6.017123695868742,1.583151566656262,1.6160753862352344,-2.1071705126462885,-1.2500572412750457,-2.5119741226543626,0.8069893550089096,-5.301288299065303,0.12376675061953672,2.7920630196542935,5.343850529971093,3.455736370261731,-0.6257544152315702,3.2472148518366555,10.296428836256226,-4.383003888379408,-1.3625628952054252,4.443808130075209,-10.29695850836582,11.209915042481947,5.2542783029573545,1.901065863006956,-4.519290723487581,-5.176857196187647,-2.7185737565756765,1.62113728671148,0.40431945332424274,2.532751021018484,0.8661327401616749,-1.2388976647365046,11.692225819051952,-5.790333664824751,3.9946666075834085,13.188114047397749,-2.6988467376070235
user_359,-21.69816744011358,1.9843736741264228,21.79577103167384,-1.3430914358892099,-24.48769565260652,0.789038862296624,10.670972757335646,0.3445894429835578,3.4679319359898884,0.08102778771729006,-3.5117080341421696,-4.8698415229175165,0.054407747664937764,-4.443921992427889,0.9234372700230764,-5.636785144560847,-0.17854906767948056,-0.6716700702481972,-1.3355240787990161,2.9930909531995216,6.867552996283578,-1.8653041196375664,-19.62724208160035,-0.8164572357145252,-0.7476327215478596,-3.8197691064660324,-18.127900557871083,13.668232448636934,2.3938976237053295,-16.539926220140845,9.288256136424396,-2.3761020495471943,0.050945395231872935,9.98928099683416,17.345030494041644,8.282912236034461,0.9285384205096968,-1.8402888558466999,-5.847306114585108,-2.9904405222588935,2.258360670484448,-4.176310892912698,-8.62915992911415,0.3289911614503806,2.99916644801196,4.251102395994631,7.432422877237481,-3.4439872803540292,-0.5711269128348272,5.852185654763766
user_36,-20.53370083320259,5.34247100999591,38.20141648057656,9.441239988517,-16.59298348325819,1.8164528029462141,5.954862175375555,0.129034560523237,3.6091646717452393,-0.5232389632952837,-5.611637410142553,-4.6091308025350095,0.10300685516687291,-3.4251785761382023,0.07047166189567661,-4.326934351144605,0.5842629709043821,-2.0169390612354072,-1.5096775426767512,-0.8586749264912462,6.5421712880715255,-0.5775691228023098,-10.857892295727257,3.0853124408772032,5.797727890934991,3.4743169331861723,8.590606326195918,1.4497701592526107,-2.820684106623337,2.2819683888395166,-0.4390878664564819,1.4620654879453243,-8.674627894717226,3.8797414838003195,-7.548327774522433,-3.2559302090357907,-0.4752099086807295,-12.085893543814338,12.12003646266816,11.702768979219448,9.095148880364015,-7.744451232369581,15.843499411963215,-2.9318280649383754,0.7041212188454306,1.1306713891822975,31.956418392817174,-3.3483400993141834,4.729254070445043,7.462208111900449
user_360,-20.96197445725372,2.1981805469635374,31.57218553860994,1.2557754630972795,-17.215445385689314,-0.7050293455595161,4.978437846275467,2.268005159198373,7.22313297694238,-1.3479723510745591,-2.945110273537849,-6.3232072835069735,0.388104949940539,3.371261662998451,-1.6168066961431804,6.937357626921785,0.1971256574817765,-3.2586930087167096,6.1739017689989435,-15.853380486092016,5.764020031203137,-1.8492770084882486,16.690833943211615,4.719183072196097,13.121995277893763,-8.832210076031338,-2.723139995684948,5.427861999185981,-1.6399150515059286,0.6530711307782737,8.246576327377202,5.207598168072588,2.205171649822582,-5.7102013875891195,-2.4973822897447775,3.1312132366814165,-0.5187636042465734,6.766081384775166,1.8249067519009612,0.04898954780207355,-2.8268806086768516,3.475139950921641,8.043084429302299,1.0352664492728803,-6.478737916795387,-1.211644506298226,-3.3035298323495668,1.1151071278388283,-0.9018063896076679,2.031527725670341
user_361,-23.399679113222344,1.1218079209344927,10.441704589017812,-8.637238642743183,20.168899996956515,1.3140553012940068,-3.0637792829177215,-0.31384804691275187,-4.964405702134918,1.4304002989800835,2.2836892932319586,0.5770242911778329,0.6447819583388972,8.820983373215217,-1.2835678635597607,3.610521275429314,0.5705829223248676,2.431620841889152,-10.342034254411802,-15.312659585309424,-1.4096595922543875,-0.32374642952684707,-4.311630382451669,-31.730454090830097,8.50196485527749,2.411746077036662,5.671101872282962,6.344571514069024,0.14418676405798408,-0.6108614121882794,-3.1467155242586404,-0.5791272049825827,6.409244693846366,1.414732773052291,3.164143772647258,-6.449535676540008,-0.6797829549215829,-5.922248264713311,7.184513910558757,-1.7366346551322476,-0.13154686666890436,-0.0714322778864397,-5.192738263257651,2.954809283492417,-2.441751817824857,-0.4765415224153197,1.3803794866371246,1.9718015965452809,-1.2670325909180489,-3.83857598025568
user_362,-48.19348915034869,-21.93976670441784,-44.441778254644206,70.62213524968982,25.062090299109144,-4.49784512738191,60.1176250510527,-1.6809389911669184,1.8005696152738253,-0.8302527072579252,-20.315865861959498,-7.887561388119014,0.867759100771609,5.90238919913989,-0.15214771919868036,-0.8860190771653882,3.0235394435001424,2.2010172799595376,-0.49463465545170143,-3.6029730499265433,1.0995202355963125,1.8849571969811145,-2.8296062645461597,2.301606749160806,-1.3371297644278113,0.5214242292130677,-0.13795495405554217,-0.3212004715263543,0.9555037159247532,2.346399500097472,-0.2981185896623355,3.3119283382093445,3.6848919181412585,-2.8046306215877075,1.5808286500231246,0.49028955760955956,-3.9556835844546865,2.4771883710242535,2.655948988726527,9.617520854689039,2.4910800030434004,6.357227611431538,-1.018439322399447,-0.1648718754929323,2.1655360010379705,3.752073676929932,5.62226050234875,-7.944384686575371,4.210972361853453,8.797287919109666
user_363,-21.94448052656005,-2.479589580931255,-2.336314780702061,-23.072689187855644,8.808346377084472,-0.34813596838308514,4.168127229440911,0.5401881699477817,-1.0311576328614482,0.2604915037372234,-5.057558567247012,-2.4986913082190996,0.1963908184988376,-7.234100304375297,-0.006140557645226728,0.8943133601005674,-0.7652280373440126,0.12273531977214039,-2.2784746320077525,0.1491288305566424,7.479436309102646,-1.3358931073033598,-1.7030213951438908,-1.0777066071517851,4.690082160118202,-1.658165599681988,6.3145384957370565,-2.9831124483440004,1.1680107038983762,7.1070562015981045,0.5108023884437459,-0.2796620619393108,-7.69263713941487,-3.9610222604400556,5.839970143887968,7.3511834307103845,-0.0603003284382629,8.43647883018701,-3.0335953218773746,-3.5184380662737276,-3.066388757963246,-2.1926811334390983,8.373698888606627,-3.490099580967227,4.34806841870327,-3.0564424105779735,0.177233635698824,-0.7326182346921747,3.2899177419896124,-3.698685455956583
user_364,-25.74432135832579,-3.8102853617043557,-8.053083650568762,-14.979574699309921,30.079271275155698,0.907984402059618,-7.294521238735948,0.5663702649936769,-6.808583070767721,-0.21630276296815173,4.543164028106906,4.7596952372014,-0.3018976070534481,-3.356906921927116,-2.104276941093194,4.79821628310914,-1.2294413935174988,-0.2508061249414472,3.146447803413724,-11.906191010221574,-10.366000903908919,1.2881688512561031,-22.02799021348259,13.141285341456113,9.235380145213957,10.013284967247374,-7.806220556282688,4.579805646348747,-2.290131055078844,16.40429955541989,5.929495062082836,7.5111867120370865,-6.21679606018591,-5.443364484093628,0.055949418322813,6.827608921089517,1.2555222257310812,-1.1176810471852228,4.978223111903165,2.405011797777175,-3.6667439979138914,2.7441926723038326,-5.029997224049564,1.4513480315246663,-2.4971651743137766,-3.256757825124995,1.1541897328660895,3.34919803864638,-2.687603013543458,3.1269244757988606
user_365,-24.775325486940464,-4.510009451210267,-19.91898471182755,-32.00726713735123,0.8476468164286157,0.8481937852169834,6.243459873797068,-0.1744296894230917,-4.667000001777229,-0.2944193392442032,-6.852976820454,-2.010438210972959,0.055003621309465595,-9.552484460654533,-1.229386192183578,1.3454522819628338,-0.3388180072983064,0.14778447163187217,-3.610316061467809,2.094732508206915,9.130749486448732,-1.060965447952467,-2.9776674231538043,0.2189007969160012,1.9482813667308394,-0.7445458102850856,3.1647184419760115,-3.9908303529601765,-0.8844120294291095,4.8606260921066875,-4.4736032347195245,-1.2100812010922422,-2.7555248168056092,-2.7453537020641177,4.254883384098783,-1.9611974504655827,-1.3727280701378517,-0.03245090172029483,1.3581491464814341,2.4466615318201614,1.6907037686329274,1.5689352424163026,-4.866807672882392,1.5463407770901298,-1.531721780970053,2.239418094547409,1.5384672319994472,-5.8504952933575085,-6.834979389142374,-5.237224226096308
user_366,-19.079699911998457,1.6610619458451612,23.449634288000894,-0.8446526183877634,-28.104553369489917,-0.025505716203945778,6.329240413628003,0.21866759204014852,4.642079562794508,-0.6034108363111236,-4.9149548145370545,-1.8477039804638038,0.1684154098724692,-5.288984853093669,-0.31402149723709805,-7.5745343679901005,-0.10158139424466135,0.19774001517618595,1.94980202180435,2.7202062126607403,9.658589946298175,-0.34694278776304627,1.0329301247567073,5.8912987778527635,-2.183897768030176,1.5251157304066656,-4.853452670223033,-2.0699425019003495,2.2986598689337727,3.5894488419997206,-6.54802264173729,-0.9926793122204657,12.1967681300669,2.1373873741337612,-3.593365236742743,-0.8913735193396414,-0.8966696530243651,7.5444820337292375,-1.003502706937181,2.4980546322009687,13.766442541513786,0.41022310944094453,-8.560473690118584,3.877132739312991,-4.207094099138738,0.654149349535927,-6.559837135850613,11.045435657714465,-2.305019540709053,0.15500918397935243
user_367,-39.202014918051496,-13.203313504485166,-14.513471968119202,50.47648005261212,-21.251798378490328,1.7843692732503385,-55.68753172405153,-4.197799374546061,-69.716756343376,-8.546985384399633,-42.436697674349624,2.1070916471381915,-0.2948423938302167,-1.122071750132016,-0.533913064246512,0.9260239772172963,-1.5818374207793544,-0.15676578178654746,-9.140273428075302,1.979768422681104,6.5052645445655495,-1.0193833476273422,2.4369502334938766,2.1152823181219658,4.443405422108149,-1.633230780258752,4.109386605330667,1.2047633564351659,0.9605946268501994,3.46648363056661,4.278183164431247,2.2608561455305187,-3.214891706602634,0.9185716412525565,4.173268851011474,7.684888521768501,-1.5285539762787625,5.324413934712557,-4.679601755957504,3.1368613649179062,-0.03340529009597406,3.200960793922297,4.9900520928371055,-1.4376378623440143,2.134182037693025,0.7849844745926411,1.0668770368843563,-4.201290943654796,-0.6450611942862102,-1.6896682174247863
user_368,-18.217268915278467,4.087153499728708,40.41856107842379,8.650256681690086,7.54150336628466,-1.1852593376882805,-3.2338699306954606,1.2374240742610618,2.5394156662181118,-0.41496254506769836,0.6834629367581517,-3.294924678581641,0.38432237211609777,4.440289253716626,1.7589950717616352,-4.773032013926557,-2.620322778169163,1.3975483261784798,3.023073831916257,-5.636992394111573,5.777143170801656,1.3794009006072656,1.2665444068465488,2.173870586392871,-13.805129680582525,-8.210723090359865,0.31984864789755185,1.210695727255348,3.1441268750681584,6.3241778389324255,-3.050173684193643,-0.2666563906820348,-2.1318989837056703,3.696550484095971,-3.8385004498989246,1.199907468193914,-2.98953339726831,2.4121737944547372,3.221178659629907,8.544349852882325,0.2364361920028274,10.627272128161515,-4.011112529785836,-0.0037167083883536205,4.338912423907389,6.349550123823113,2.0719159568400682,-12.49712300776146,-1.6329484878892857,-8.433849021538444
user_369,-23.716604958213093,0.4116364623603532,23.81189900998016,7.821757251097515,22.611347866027163,0.1844865461247523,-7.936983080794266,0.6200381093623235,-0.4783896281761265,-0.690120755476835,2.6794689707939887,-2.1543658561764314,-0.011781982656990835,-0.340896633822702,-1.1914771687933152,0.7324952877395307,-1.7868054530519604,-1.71773189091467,9.589853170792262,-16.213408630016186,-4.912407171737903,1.1313890773168238,6.092178700238464,11.694061939526836,-0.8741050489903153,16.906067886547838,4.657707548493112,9.326574227758309,2.778573003832788,-8.490028869263329,-3.6207344186398056,-4.388385174652192,6.120324409641498,-3.8011915910018086,5.889576684946644,-7.966680034220972,-4.428616240006861,7.6750864133700505,-4.825269816885271,9.091020951236239,12.31555700038231,-7.641587680616662,-3.349522562276412,-2.594909459715045,4.956278925641935,5.793149897739881,-10.452305603012082,-10.460734226865394,5.563199632906258,-1.5939410448395261
user_37,-47.59381478143693,-23.161726897071915,-44.19543384141411,70.60069154494018,25.70934675224992,-5.222322393439863,59.86060194897258,-1.8713774280662185,1.5186446440790824,-0.389091378245737,-20.37740781941675,-7.239168482431614,0.5763789090523095,4.140643479947532,0.0365201113067862,-0.325510982442253,2.8398381294104404,1.3051724116491228,-0.09944446775799823,-1.3234228017727605,3.1891194166468297,-0.6642107912264741,-4.323977384325962,1.0053456412189399,1.3881541381063989,-1.147632600653147,3.6553467959377044,-0.8251444507736929,-0.05219487038932618,5.890353994816295,-0.27048063843570885,0.16603462239911052,-5.164748216953329,-6.444641461776161,6.642299600431843,-0.7860501244356762,-0.9266554734514707,2.429479747154855,0.6539953206461268,4.199948062453567,-0.9788931132157735,-2.248550835697243,-0.4008066931976849,-0.48746083680473157,-2.0177715944439663,-0.32700114412367265,-0.47579737722693494,-1.2083219578276592,-5.899882448473354,2.7323897591362036
user_370,-22.630813472014484,-2.35381060224895,-4.060243676363206,-21.531089090743873,-4.115584865310437,-1.523357215438192,9.721320618176673,1.6170014987345966,2.14476063728957,-1.3027542892687127,-8.545579523719606,-5.095865154047709,0.5769198569001917,-7.280425512829688,-1.8830467042723575,3.009986460794152,0.4665899502947945,0.07089670365191854,0.7684780099103571,-8.718252904591113,10.587462496641566,-1.5451158614250091,10.87897301607141,3.719092501031012,6.786394869884223,-1.7899204749767548,1.2742266386260659,5.347819185119509,0.6372919498270335,3.1734063861766533,0.6353107733246451,2.2310001920312086,2.0891694911855914,6.750877316862216,-7.014962317840872,-1.7899882031250136,1.7828472750538964,-3.016581443258057,-4.084907630572635,-7.677688457682487,-5.661102206858659,1.3539782466396664,-3.15613790711682,0.4565189272809587,4.547841498192286,15.678149294205861,-2.1337641410269725,-3.473953001919825,-3.7954483146595064,4.898895453719748
user_371,-26.272283635975757,-2.399008175453591,-6.603898290656962,-13.240497216039955,28.737645152576235,0.5566274592314764,-6.9003249311758985,0.41512357246459136,-4.210138928827357,-0.9999278913235039,2.8244895079323062,0.9848946572738653,-0.0617259507045177,7.3026941871516104,-1.6760344350453475,3.4993023487188633,4.055602364113659,3.1629028319635673,-3.881963895590468,-6.582633215893063,9.217290603535963,-0.0078178039533181,11.463968701465612,-0.42556514585603095,-15.462012615149812,6.165369556269263,-12.133570681731445,5.49785423118817,2.49336172954248,-10.914038456397723,-8.885776266196373,-7.748546222740261,-14.535696879678236,-2.3169942811246065,0.5833430955729025,5.22071421538913,0.20382845244790396,-8.038898832949466,7.083971534238262,8.36990761281245,0.24843178487463335,3.7818098831783598,-0.47790456707894763,-4.003030477006799,7.661199935487014,4.4179522438942564,-1.2779326188534605,13.638838527510021,-1.2635717415057215,-3.283927860865631
user_372,-23.047180220593336,2.452185099824225,34.245109757594754,17.727243790785273,26.93068149615725,0.3697363029400534,-8.050316716655846,0.5288853189290984,-1.4387279419079364,1.03167479067641,13.436965168699908,4.951487123062215,-0.1402536346648057,15.788177475720197,2.897841377934834,-8.121512720773286,-0.5452844418758814,-0.1677596151302588,-8.44306510071425,8.086740800397417,9.101116712589402,-0.23838398176643777,-3.442456514062065,0.2248291773712133,7.4250027675097465,-2.5438827882103032,1.0262328760399204,3.737542120317351,1.912730058811519,4.823666031194168,-6.153893352177646,0.008810593853553662,-7.275201675574674,-3.2752253102344486,-12.606099907478331,13.734136777795568,1.7679462750301724,2.860829215045159,-1.1790374012756932,0.5146058010841937,6.342996308176298,4.711039782441186,-13.845363699143586,1.0708302838730335,6.981849349056941,-11.305487434338655,-0.8288365018712295,9.670265334871312,1.963303930224352,-5.519703970796429
user_373,-20.898488537780594,2.1125692408748433,29.131353575821297,3.829191818657813,9.942555008520209,0.6582836977891066,-4.330597839939772,-0.06877435447336973,-1.3470875225647572,1.4945889790206501,2.3814566751241824,0.5651020408863404,0.2449765486072645,-2.2962851783997396,0.0698160321470793,-0.17304229434463653,-2.1893053106539253,0.36819153604461313,5.140614884609237,-9.697465645284645,-8.337239531016321,0.522259581976346,-20.648507924951133,8.251342757181714,11.039729979723067,6.635874554931151,-10.089204351162598,3.303527466057225,-1.5513214769497579,9.424579344221915,7.36716265570621,6.09759886149389,3.4085691609053046,1.0213771835809284,-2.4896524023005053,2.312464741559199,0.641210805020805,0.003416430494672515,3.443399951896316,2.417202094113774,-1.517551040067233,3.4301335417579817,6.964755193854776,-3.1114640384328665,4.2776687318697375,3.252872410635904,-6.033191985474165,-1.4045885192565581,-1.1303976400655795,-0.9733943279902163
user_374,-20.40054397189739,1.7706129332324914,12.166949279486214,-12.083823253033268,-7.006693468141401,0.8307610031842191,5.553596073153269,0.10254076614500428,-2.330050958761614,0.09165201036813754,-5.62053252358834,-2.815261877236501,0.2697473288291643,-7.664553004790949,-0.5323093738098331,-2.3922264054919147,-1.3775466862383896,-0.07251528359887265,0.2742433744197102,-1.1506837863268466,6.767401754389155,-1.1210366617134244,-6.539280831581539,-2.588017619713747,-0.06375737214032819,-0.7525534009946733,-4.332892589883597,0.14932765729916186,-0.6495348621085194,-6.3891356984493335,-2.37368941503382,-2.8247399804247557,-1.8761862389784487,3.5141185905645074,3.3569685815877244,-6.022349169476232,0.248976030039058,-5.8083596432482025,2.8862095342409226,-0.8182320769196614,-1.5822392984561935,-3.3343193487443066,-1.5541487758466423,1.151650455606648,-5.506081839158356,-3.077701744478088,-0.5899676529470871,-3.039186197747262,1.9671472675317887,-5.439209314218175
user_375,-20.62848949101266,0.47552353087916427,21.907892363997295,-0.7842982690284599,-24.597386278207978,2.0059221300003123,10.994562696190808,-1.4178222393023905,2.7173931575211068,2.4995908009685754,-3.9412821964662017,-4.940984795805241,0.38802154495565744,-3.7144642427119985,0.37923689158735174,-4.719898720348989,-0.8887079100705817,-1.3372425982278024,-1.3599410943942212,-0.007098512816396347,7.7917236760051685,-1.7307280997664447,-17.022998584482284,0.026092044610606477,-1.976904690363202,-1.489945435710228,-20.32413234895369,11.65525615052215,3.3662822943865804,-15.273227062049509,10.375857956458562,-2.184992819257184,-4.260694993256515,11.966175257563302,16.534552952100764,6.150033834676222,0.7398741246693253,0.2667928882834275,-6.781479690271253,-10.200858362511145,-0.49387542219546443,-4.008939396665067,-6.255162358963628,-0.8455089595810306,6.372607894082382,-2.2165175297999746,6.463127715957547,-7.598622858714217,3.6195651433444462,1.8727777271694657
user_376,-22.61410337762088,1.376058693392553,34.703798837010694,17.746531333229086,27.130103485050306,0.47487568781322154,-7.68867161391261,0.7072285500375015,-1.3070929979938386,1.664391689993812,13.135743574720042,4.249735816985737,-0.1358495463005004,16.537630632968266,3.46059388199,-8.48387129986209,-0.5017244812350947,1.1892682506392538,-6.573566802570398,7.967231337144893,8.455690156044664,-1.452504877473181,-2.2001052429835846,-0.27804440401573816,5.5881331129167355,1.1988011794941276,1.2004065088390046,1.6106772363648232,-0.7946716838820345,2.5211683453643836,-6.6550844091760935,-1.2706091449956542,-5.54598901176493,-4.5024000636365145,-14.856109965237815,14.606895255209485,3.1368314092760827,-2.9284798940578063,1.3740950025691798,5.84950176247292,1.0831002779192935,-0.9426137247699045,-17.231431457949252,-1.2444300327948916,2.2796551443218824,-14.188178702347896,-10.387651903919984,-5.78027731984708,5.555748750143356,-0.4950331523713574
user_377,-24.94983298706399,-5.861540088576752,-19.585470081332883,-30.368654567835435,29.532091886753722,-1.4149049452198836,-0.9887856421399016,1.0364726511584799,-7.908189698476294,-1.0584489207798338,3.0029456403825856,1.5607576900976563,-0.19809770907312538,2.1515842656052886,0.2528502358336712,0.7587033758005123,0.2510877479871336,1.4992023211877226,-2.909898629000627,1.4815755515526072,4.946488973878067,-1.153935338629097,-0.518590526139034,8.484903904094882,3.232799784681652,-2.662274198106117,-9.304333487198788,-18.132610280821552,-0.11134282523535033,0.9545167000641446,0.5273069156865179,0.5709441123966909,3.6676862085941857,-3.2250639046633514,0.5924906615166281,-0.15945559225336117,1.4074083908847899,3.2186576886455955,7.15813953027237,-9.06963200388636,-6.778728827349149,-9.904842213336766,-0.18497944466102395,-3.6511380934026505,7.700062276036731,2.6411035164231063,4.184372995888848,-2.8081344250379057,7.621977913749676,4.325602221823727
user_378,-21.301574793589317,0.6536827328498457,3.145271237726755,-18.923638259698787,4.0670908169914,0.8134877408050272,3.1533573315257777,0.27784320418260455,-4.449022788322891,-0.06312792392131726,-4.935030245126008,0.6651589579045669,0.3207290073932616,-5.540781555339416,-1.387657247773197,-1.4749914178128616,-0.289176063357615,1.489147906085764,0.3116846041292531,-2.177413264600814,7.329346509644728,0.033798634260430366,-2.394578495608005,-5.07056720919204,-1.485306404585092,0.028902675153099064,-14.486508034521343,-4.235722290841751,0.9131909447092066,-3.7131945082363886,-3.516183139643705,0.08766721305590308,10.886874813735773,3.5647591749635974,-4.766532081793683,-4.640754494176251,-3.0116996190321963,-0.6604811464960938,-7.8947302434299145,5.361298496746669,3.4911050797310774,7.1751314670185655,0.3012540345748575,0.8965829036256688,-0.8715565403151752,-3.648057797037715,4.658219031632171,5.029041048233641,1.3198083740766526,-8.941110900288175
user_379,-21.31206686209334,3.906834677478867,29.067641773497122,3.585254206764777,9.553095722225317,0.5683153747202857,-4.306441780972956,1.2274605337207432,-1.7274100614314587,0.5053652451313468,2.6540429075011427,0.06119247673675063,0.4002342968460671,-2.451764702478953,-0.3222687471666639,-0.9782949110207652,-3.556986941002949,-1.1195371437667996,5.539499528851472,-10.902919243382287,-7.510455440776703,0.4256005346796234,-19.97950067224426,6.421361914254449,8.958101444152417,7.725091655895015,-14.635858892331585,3.9763856150599914,-4.124042305654197,7.412775799093892,5.942147325498203,6.379048376212171,3.5042473814324153,-0.3761119904163334,-5.002204600850638,-5.342544343511005,0.5030417883900953,-8.25147929370589,4.218863946927845,-0.9027675372170098,-5.676564977099951,0.12375866332434099,0.04776711635773411,-2.3745063660856713,2.586685604124858,0.3388714568953517,-8.282748784951094,0.9836807415280222,2.4734623227415096,-2.0411061382911675
user_38,-25.835582691145795,0.21203800943138154,18.96905429092364,9.4095979351512,36.67687340340973,1.7298542323186739,-8.021484502149656,0.13761274771078338,1.7085365433687467,2.3727564075981795,15.044998570237984,2.7817854914496922,0.03101677990945667,20.666432573200908,3.3660984991158927,-10.918458917095547,0.8898135900511368,1.4990085076012254,-12.197361490746783,20.68506665206194,12.771779429832534,-2.0693521900685505,-3.1612722328869194,4.680227051102356,8.587259371871351,0.09192145027910373,-3.3405903816085614,2.5831868626149452,0.2965206059139742,-1.34711004208784,2.3784141789460826,1.3543852623367052,1.6106162822247387,6.084071043998844,1.4948452766378209,-9.896957210313575,-1.8131690499250783,-0.21210219076562448,-6.286593288486128,4.984396192735369,1.7225781077100697,1.44779622607132,6.602173972050412,0.7812498997652338,-4.9232743420385185,3.746381219255266,-0.6460423171142332,-6.0053046196568465,-5.936132919128676,-2.135123272179967
user_380,-18.718150705567936,4.670625867659784,42.408216961112714,9.577293838922477,-27.978598358784595,-1.0323271305906003,10.50335744085379,1.8680175746118057,10.097104078558289,-0.742319802537474,-3.274341324817872,-6.339314582701691,0.49598404608708596,0.7148267108740485,-1.0886568957892695,1.3048888954198525,-1.764999815430617,-3.1924603577267066,1.7128925724629531,-3.188347497217439,12.368573014455139,-3.0790886725203492,14.325009043595553,1.2384365117388534,10.973671467761838,0.09237196173923856,-3.5488958332659397,11.680927694602781,-2.8077589264181335,2.8945810368096367,5.6456486928374146,3.838827482814261,-2.4704892819119464,-5.210249704982922,-0.6051530756050022,-0.8844758582588182,0.7336015882296082,-2.9914008536030945,4.8445427033944375,-1.3331557982713638,-6.948610537419369,4.239857570558921,-1.5939543987040752,0.9407091912640009,-3.0418514137658073,-6.838337835276849,2.353963403368341,3.639565448485001,-1.1357293380933595,2.317777300525583
user_381,-23.31021152018538,-0.49885056946336687,10.495667980383645,-8.730659733667217,20.36713244724403,0.30596634582304194,-2.9223460653570945,0.37467757763072956,-3.7985339897004184,-0.30750560450301373,1.4508265859573386,0.6481797485921922,0.24845538607143344,9.334484984109096,-1.3879064259364435,2.975058990727099,1.9385232029946076,3.838124229800351,-8.459036986420873,-17.841221900958455,-1.0737172936087636,-0.45963062229448043,-1.7778725704634402,-30.92854180095751,6.5574703438886335,4.594606879815831,-1.986188868403532,5.304309922344003,1.2641291111837907,0.18658847185431865,-4.653075071452363,-1.3562787574943482,12.145021035861204,2.2102420411996144,0.03706952252640473,-4.418231660921033,1.5858372561138752,-5.320955091786301,4.4065167714901,1.317296344624463,2.787437797910079,-3.707850854294374,-4.899514755559914,0.9820411694026805,-1.2664794345406893,-3.108015665934008,-4.498804891475968,0.19332545352974526,3.347209064932291,-0.44999498170399715
user_382,-19.50741710062684,5.369004895769194,40.204930217901946,8.776044904683141,7.664713085259059,1.806254274247884,-1.7654312585069147,0.33762428848497483,1.010621313983969,1.574159943237733,0.6205122146437082,-2.554792033512009,0.5411459648904947,2.5931184977719615,1.5425413876529341,-3.800046862637448,-3.6824602389146635,0.3711755132229829,2.190557647544501,-5.321417192227234,8.34464939157808,0.08830739637366333,1.948805562702985,-0.45930504936975297,-13.094018285536945,-6.30371075728267,1.681582697098994,2.128461750806672,0.43597704465255427,7.44503690113169,0.6828095404373096,2.0444977796554715,-9.78319159718536,6.6993612251065215,1.4638975423493652,-5.100692841628092,-2.2462570330916005,-0.5207831896464337,1.4409586629842905,-1.1126172134467371,-8.51865161095536,0.03123634320789332,-2.0056944690831133,-2.1046452910398386,4.781736425763997,0.4919224157553281,6.731178774281153,-0.2685396287214965,-0.7260708651220127,-9.754984661984484
user_383,-22.539513581164655,-3.5929698792963727,-12.020305664491286,-30.248507902067978,11.931700586349523,-1.0987039738367388,2.1687125367176407,0.7638526888262555,-3.7936614380295537,-1.2821471320162827,-4.1604020363552054,-1.3064470141278661,-0.06828468049048174,-5.890957571553424,-0.2423976458372256,0.590471996806377,-0.2741395543846495,1.9884320751975835,-1.7216461975577795,-1.5430821942484245,6.266112758398596,0.3695076107833775,-2.4947463406897934,0.8716976741090987,-0.018417212124428105,-2.3775238967174053,-0.8645620058729755,-4.769972535562945,2.052655654732833,2.084935486029164,-4.083924700660648,-1.2121789125401972,-0.3671584559243434,-4.184370679298287,0.9946353300571947,4.025817743654573,-4.032137106826235,2.0590477585852383,-0.21348698003598796,8.2671272035667,2.4988072713669216,7.568781347033457,-3.3424108179115493,0.26910890399530507,-0.37401443881876945,3.6118901954720113,0.06259868754092433,-4.615105710021052,-1.1410609091292454,-1.4935902062623967
user_384,-20.340008112405652,1.5096320912278063,22.504103625698466,-0.13398347630262375,13.589429152509576,0.5600514273393321,-1.9650876222471338,0.09072954309055876,-3.2806735828429643,0.0024415737123099548,1.9888345944070418,-1.8730894320070623,0.10025639484313512,1.1818011533393424,0.7731209911035526,-3.401310265172,-2.2120375859109114,0.15272570475883748,0.42778087017617955,4.027103199132308,10.594613998282975,-1.283964414761854,-3.4978768760179624,7.938482297096053,2.936618382100588,-7.427251125164141,2.8015776677595223,-18.209839595616305,-1.033906438707309,-1.1314794415112923,0.9706029189517437,1.0056650502626467,1.2479380878324837,-10.312132317261437,3.819820418023201,4.593203279168111,-1.093948188569572,3.9831154860080598,17.854652322270773,0.49366484126792914,-2.6182266715982028,-6.166029393925077,-5.169679129685699,-2.0855170884529297,4.233657304662721,2.2189510800031353,6.668305103651646,-3.594514079187253,2.9450440837384235,-3.3289982970022645
user_385,-22.298494046724485,1.0598896158743496,35.116514136405435,18.013918072460342,27.174935314529378,0.9743969512657153,-8.026527445213016,-0.23207132877603176,-1.258454816889024,2.2454072645126546,13.177777574471257,4.152322899518147,-0.20885326017940956,17.089523904670415,3.559739381552995,-7.838664170576404,-0.030234778566878624,2.8565571780403607,-7.949388910606385,7.785684554710042,8.621326612731115,-1.0791822074159634,-2.9311076345622373,-0.24505518186489586,5.801756321348921,-0.20239576697654552,4.320652014090599,3.568035159479271,-0.21937940177959905,4.330999142002908,-5.8333142553915085,-1.3736471666719035,-8.84569766799764,-4.957158195391112,-13.050805870331985,18.864041011174294,2.926465763957638,-1.5811945344849605,3.167138305718469,3.9673033905079857,1.587343397419716,1.504821674386758,-18.50041327809053,-1.0051938168033698,4.037231542370002,-12.189990951444436,-10.341594763729303,-1.632321337763508,6.520101072146116,-3.5539874689038697
user_386,-26.79044953308146,-3.6000125822939055,5.036797152574104,1.7006696197527607,-40.25795493205225,1.845402148507024,2.882070144483233,0.5855883546805793,5.477497218851171,1.4709401961882802,7.083474921227458,3.1516920074083585,-0.06757800484824525,22.366929736786744,2.453975704187623,-6.610630765826444,1.4703866424566225,-0.14736827532453045,-3.108136344322793,-0.5436714970508985,0.8138112171453429,-0.6920726215424811,-8.007553792291679,2.5592018103633407,4.355520311602782,5.887153723009757,3.198305224618722,-0.6610398799311838,1.0604633448243954,11.439905384204705,-4.635630584592169,-1.9010144785368353,2.99918423691272,-9.212960296297872,14.106328452122437,1.7425185988919816,2.7227981275256194,-8.66835524965803,-2.4435018750504307,1.29410274834602,4.235985733027196,0.7456590975189366,-2.8651226402890595,2.3360825760741135,-5.306861426702383,13.088672090072345,0.5031598698661843,10.151795608685067,6.892343477346406,-5.02603308300118
user_387,-23.400605262333375,-5.588601833137726,-20.0735072911607,-32.27767855174132,0.573845734105465,-0.5675692783966088,5.436285119759689,0.12340900875479281,-4.140676556747614,-0.8824230413134688,-7.715651708088348,-0.6894724471923204,-0.08826861540940868,-9.289052238170884,-0.28084322538323453,-0.8972025580785487,1.0972485410720272,1.752989743296831,-1.6487528880965845,-0.1318601097472709,9.296336845501514,-1.1388726607596749,-2.386039947311725,-0.16847871114173457,0.56307749235577,0.4164279239557138,-1.9313107071270945,-2.3550782106451957,1.6750811800469632,5.42072292931542,-3.0314404054215633,-0.5717429905662531,6.164243151476201,-1.2175583712851308,-0.8200264057610158,3.1190320701757965,0.22415969665124874,4.268829925007632,-3.558683471598838,1.4407814769921106,1.3539807059010283,-1.6178062665827275,0.1343305756776039,-0.9867871719664529,1.2130251114532167,1.0130037035623125,0.5124712361281585,-12.92271137907262,-2.556898812299151,1.34666748038318
user_388,-19.18378559544797,1.9072688814030148,18.772941398639954,-6.220630167165713,-17.908889837953318,0.13460210588719854,8.231164263478366,0.5051268459370597,0.6436769373935126,-0.22976380676936264,-5.487901293548891,-2.272217825001632,0.32595469661287224,-5.2100567521149905,-0.4629785842178232,-2.908751104522714,-1.203823831244088,1.5787458429050505,0.44799840911293487,-2.0748574041861727,9.573250405652571,-0.6385634324375623,-0.9113477656567627,-0.6393812376640066,-1.5921843840181338,3.2486748971193236,-7.493807468307801,1.0505645719100485,2.4636284386458085,2.700399880653435,-3.862223598923632,0.09506104043265323,7.420426922125133,4.609450579135916,-6.421000968657017,-4.315170742007962,-0.528459958669708,2.967162129715511,-6.576535092835202,0.6464325378211038,0.004154577861579829,2.252104098818048,-1.5622360216960736,-0.21438233353163152,0.41648136016441434,-2.446744763776664,-1.0240976401416957,-0.9980679447180764,3.394147899460729,-1.851768034817114
user_389,-23.657531871032912,-2.968708295850637,-8.268487469725134,-23.26310871973311,-9.984906633791159,-0.2782732196440924,6.5733760531206205,0.5043318288116574,-0.3638633245910613,0.04202849582073587,-4.19390919698394,-1.3169947831019448,0.3575012912419358,-5.8397269936244625,-0.12946174732162555,-3.440273342839685,-1.128863592155648,0.2133700234662607,-3.46219678212167,1.3146615872654073,8.651996139056951,-0.26946952949630504,-6.64661654258218,1.5392777746794613,1.1970857004550386,6.006470349977106,7.798438381410966,7.585825087114139,0.3385330360190566,8.840356343837046,-4.1789334578697686,1.0856418183508638,-14.918647848770519,-0.1728365156870289,-3.893777694919212,-7.723682305133559,-0.7784991057878885,-3.9769550025147606,-0.10455033048431334,2.9731901986438225,6.961358390812182,-5.635995530958591,4.486214339311099,-1.7497085161035077,1.2079346335212449,-6.878018295498243,1.8698990342122357,4.705806148632011,8.55614665798926,1.6232492311049327
user_39,-26.003464762920114,-2.6927037327074084,-7.246187267495837,-13.556371886966138,28.685340362694564,0.5405620186109799,-7.10887453208146,0.7353717769219894,-4.731649967978769,-1.0540365368092453,2.1045870535416817,1.1001511545312082,0.004853599536114459,7.992943939252465,-1.3612145003753156,3.4882322102388987,4.4175823859809045,2.6717052474542786,-5.034595897465932,-7.4946843290846346,10.491902816677158,-0.3315854915928143,10.91193237515509,-1.6664225070891316,-14.32322237463117,6.634262945693801,-11.530554567898033,2.807122304405634,1.8473756749546926,-8.796860853436176,-7.13111052476233,-6.230067257583864,-15.496172540457824,-3.4864447016045883,-0.5354829709121458,9.172888381652227,0.2760875802836566,-5.308440044302772,7.344475474803051,8.585372189158122,1.154182544702992,3.703539579733799,3.2259167549160312,-4.161836122302147,6.162498670521384,4.785796370689513,0.6988600083411057,13.066498486554384,-3.4034441808251,0.04182029485696595
user_390,-22.873774442387408,1.5398643500194484,22.029261977982795,7.023062454827752,23.30245611591792,0.7818370672526047,-8.834731515380968,1.0841820929748227,-1.5038758273369046,-1.1577509597025473,2.4376908924920935,-1.5258431813027782,0.03370125844957011,-0.9578558938273152,-1.2630256810046472,0.8780004428739684,-0.9958474477864163,-0.48357058359724575,9.336752121135227,-17.26969466565068,-3.162869196339428,0.3560273906617785,5.311811208826985,13.166109693833542,-1.4798774928674276,16.492310834411562,-1.2033013888902397,5.670490360087676,2.936810904075905,-9.12275032694201,-3.124059263149466,-3.8055000156588448,9.761563633329638,-4.466570833740633,4.8405219313080385,-9.602952220654242,-5.956014601770073,9.540370045200028,-7.927769394662929,6.109522277571999,9.663264158173765,-10.859069021503233,-3.604669958258903,-3.9412046028057546,5.400482600317745,4.339171587566804,3.7913148698530996,-4.592305363812267,-1.874830904802237,-1.3411264994714225
user_391,-24.048671485446306,-5.524954037383054,-25.357624933328687,-37.37216684343685,11.1592703297715,-0.23269953229004767,3.543164302579605,0.0635901856761216,-6.429415639240689,-1.0615083117298716,-4.285776701814165,-1.7009906366947665,-0.1767610922104033,-2.5156900243591895,-0.8383607252769043,2.2950360929676314,1.976765845249026,1.2356953168225373,-4.5868548167046255,-2.3763995604740087,6.259671317175399,-1.196022666992092,-1.9841006420103158,-1.4252490500629267,0.3667898265369335,2.5866870444305254,-2.5834958407093493,-5.547534948770345,0.8362701630305874,4.837516037063512,-1.9618352754109605,-2.2914349955615627,-1.9116937878699598,-3.4192346354194614,3.6224859098554725,-1.4213565111670827,0.29729729348876294,0.31015367744132655,-2.2888458387468664,-2.4715700587499607,-6.808760653224054,3.294107641277289,2.781244347674667,0.5699829093350137,-1.565811146616978,2.5662416519803948,-3.0318493297610805,-7.846003863591279,7.60160414545677,-9.9045809297441
user_392,-23.732765306331434,2.2839645771298858,33.79457715186434,17.830319844051164,27.443761512821943,1.378835302329184,-6.993705351132711,0.06403843867261144,-2.1466602311106704,1.4481740157953222,13.661113728435748,4.0911690653088835,-0.22912007436344717,16.890549373872428,2.603337374023664,-7.52183701643639,-0.37954873377739384,0.4928995320000746,-7.406486617866267,5.395723253682336,8.280699846766657,-0.9357352167948688,-2.1591600038007797,-0.8142999411484652,4.02165560632938,2.575395680203239,-6.5872239579706315,4.08435512341244,0.3973944562478093,0.9722299733243887,-6.972916853034466,-1.3015379723676503,-4.516489832787303,0.4641314305650746,-16.700509276320822,10.19396321885316,1.8039042721253953,-6.132102731802369,-1.8742256076188557,1.36631668171894,-0.45581594816723964,2.897458896652923,-15.65555529623464,0.7730423118151041,-1.1961537097112265,-10.223722714592821,1.0053297753762216,1.4095366288860816,2.5147382283765567,-7.57454911814865
user_393,-22.70245308951968,-3.7130555985762586,-13.911329421007474,-28.88604470552123,-5.671488358621135,-1.8111345986416243,9.268220361894134,1.4220385173405694,-0.5385330057028198,-1.8826182413134394,-5.85757805470753,-2.3004980315749797,0.23321691991781393,-7.376382959272714,-2.052900581829195,1.2029711368499512,2.961142593193416,-0.9482608614125114,0.3547362308882578,-3.2146140166480337,10.262486836490499,-1.579996450025909,7.0718345756170615,1.040450243719089,6.581719584387899,-2.4192277078230036,-10.171637698022597,0.5270870012942979,1.2831172658779562,4.155210857426146,1.2856031916707469,2.6342249037592262,6.657506362588653,-5.721957618204243e-05,-3.692078775061161,-2.6492814771567974,-0.4719776313092642,-2.809531646855842,-9.025780885895866,0.26931191179107433,-0.7617986624450321,5.8187422243322855,-1.0889322698575794,1.1239938640133038,0.1767156455884131,-2.162143539306308,7.170053451015976,9.346151689043369,-3.0142860013762576,0.8899110564708992
user_394,-29.116007377613315,-5.822619680122103,-13.880619078793348,-9.565593411489314,-37.41681367310165,0.7592746851667764,4.296872658667469,0.7563916549577845,-3.211512156412639,0.8448108008472017,5.918513685036659,5.9600052036788,-0.06749637214821345,25.889303501693664,2.5478740767077745,-5.185428797971587,-6.383042003225234,2.7276937519875206,-5.165903475551113,-8.023589905767198,2.6950040420852948,-0.1467352244304609,-8.486984546336902,-9.022614956606967,-7.802629702239523,-4.922561795187176,-11.99299360124263,-5.207124491389559,-7.369236907278723,-2.9103257283896404,8.558370364854508,5.388595817904293,-10.032159387014943,-13.029011832339304,-14.690830697709728,-5.19508145003339,1.094558656184134,-0.08045275670982419,-7.062231215415695,-0.5599459305473137,5.153586584194596,-8.387069805943275,-3.8686269981052797,0.17497629691194247,-1.68900075222511,-1.0915664574666326,-1.2904114551076058,-7.293862386361686,3.347039881389938,-0.10478700905570507
user_395,-18.44382514611677,1.3096944846563805,16.51789804840075,-8.540408151014049,0.49249018127497124,1.284436985739054,0.1720662153330949,-0.9435477628379478,-5.361761783745221,0.007594828548761656,-6.569967954170379,0.04383679663785009,-0.21577251127462324,-7.590923608957512,1.1834203556606078,-7.456849743784855,-1.4028836149548745,4.218972549919814,-2.211062837876691,1.3667592855559862,6.38000012676095,-0.43194363544204983,-17.290237931669886,-5.610815084514772,-10.246079563165395,6.741881644929077,3.928570833962736,-12.462924075713717,-0.9234666261314848,-1.0916951263067585,-4.320933996797971,-4.466238783945005,-6.511573717916111,-4.845971779721513,-0.6237557565177733,-7.689585409861889,0.26700246293872415,4.76502752196086,-0.03483741194501406,-2.6311200938630384,-0.951945305597745,-2.6361944264186765,3.243527204405553,-1.0550716175723396,2.639729788472942,1.831701058132658,-2.987129370479815,5.511150826512097,4.124162507796837,-2.869736808882505
user_396,-21.119784111442957,2.5066462667348404,28.86955620240217,3.5967092261904554,10.04818053447808,0.8221445632881692,-3.9929322057561896,0.424894299663447,-1.7133713723902133,-0.04362074971569919,2.815939386147664,0.009910038194426244,-0.09716951546983313,-2.3953706681869265,-0.8356909265586692,0.10393684672100961,-2.2320218364487543,-0.9343494627339684,5.461332482610727,-12.72098493576997,-5.734491247971524,1.2580480725601602,-19.686951127080235,6.966556237185415,10.513025218587181,6.025207206892166,-16.45654571019714,3.314173082239259,0.24412143190372051,8.300763482968582,3.7031632172430786,5.998559415557655,6.684895618678736,1.7126638924785014,-7.7622917333638775,0.6199126656366689,-0.7630253762136879,-1.4828785755587826,-0.8811556591348035,0.21213897788239477,-1.985653335945841,6.05144865755711,0.06604751251280325,-0.5372255540233876,3.167824223955618,-0.17997332471967173,-2.4531418541779475,4.103149404511404,0.6374110519014969,-4.8631049854470465
user_397,-21.395831952057957,2.8430764569578715,43.46556452202388,23.451586006371848,13.029612684794333,0.3797244892889358,-7.05844057721276,0.17652055434973926,-1.6326804342967534,-0.027875610189641683,-0.764428873873017,-3.93807386388009,0.29056006157821634,-5.83611382219801,-1.5764251172893948,3.347309255153657,-1.7585530661272692,-0.750670462933593,11.529755647831408,-21.185011991172285,-2.873541699522246,0.08745879809814568,6.609566585462791,10.547261617937984,-4.350618388862871,17.48948591650858,-1.3668487272226073,3.6039826285408942,-2.318082512428966,-3.9166463358191264,0.13681646917597134,-1.0244192761152506,2.8357092536639814,-4.351898459301443,-3.129509308404991,-7.679193937573688,-0.6711352600772776,5.71433598747618,-0.9608953870576145,-4.667037385728251,-0.12222469883056947,-10.60810432352992,-0.6919639250110887,0.15062221266003975,-3.4741103477288178,-2.711144208021751,1.955501882530983,-2.29342119156646,1.3210014884400072,-1.1586251703460453
user_398,-24.450752021852157,-2.0542334410596816,-3.562889899104885,-21.181931576506408,-3.296542919536858,0.4850887536113585,9.642954826448443,0.6822715733715343,2.013031484776572,-0.15572210414028778,-7.906056893897629,-4.627003956272718,0.6737927752555335,-8.074755489643277,-2.4368093798357306,4.001506839986434,-0.812933656570262,-1.08636142641876,-1.3490000725631102,-7.508381229958102,11.917763960692954,-2.3412604948240188,8.81960023494413,2.3254627163653234,9.07829730603445,-3.3410951735258974,6.9406840092536415,7.509610086233319,-3.2134407603428587,4.857803809527499,2.677292085679398,3.4553501469811163,-9.869008268511395,5.33990341846106,-3.876625528701597,-8.483336838352775,3.171457676739545,-9.978205028675347,1.4325943681799902,-12.403296751469842,-8.673502747898754,-0.5889082684594985,-9.013614992577436,2.5785380819365664,3.5798707273653676,21.506801013017252,-1.84683720813125,2.461889420341426,-11.076719924376373,-1.3806692864548824
user_399,-18.777821128376694,4.563784995532894,37.765073148637725,9.154385146063277,-16.194535998446955,0.47821048777193564,5.62053392730104,0.7513116570502549,3.432029974361753,-0.5992451886265937,-5.77405527365805,-4.326649454426785,0.2671069513021523,-1.7192623002218337,-0.03514182682788107,-4.091316744840866,0.24148568516332014,-0.34972286328130664,0.12280423431475644,-4.060815437203811,8.73528881561596,-0.5366727453018167,-11.833462851166196,3.663260132894262,5.10582123418379,4.640054184334171,4.458633888928771,0.034138313556687575,-1.0738402501044322,2.0218413107768862,-0.9891417237184207,1.1770209080008813,-7.439157053084907,0.37613068666888055,-7.9463934944290235,-4.323804100076009,0.8454714083760064,-12.234100597467396,12.832055982946404,12.139189781596347,7.901790496323177,-5.147879259732696,18.148947916764268,-2.1858198955513717,-1.2772756929350422,4.025228209530082,26.535061600651794,-3.3555447119952606,4.132968411182389,8.957889331047536
user_4,-26.81404784501287,-2.523826589754727,2.231647230210193,-5.7546996266586365,38.02359611475805,0.09957751395237062,-3.9995445053356726,1.734087548916803,1.14765859601272,0.4251213497141667,8.358844320971258,-1.8245218524651692,0.4154432866099634,9.013444482431348,-0.7196745079086819,2.8200616150777846,2.587717395257652,-2.0429949643188827,-3.854555606039735,3.6944338068887044,7.524842865403376,-1.876444456611757,8.892105404214906,10.241422059998103,10.761755803469406,1.205494562817306,-1.7636862257040071,5.160550129496936,2.6963111246115297,5.765735382723596,-4.519616393473242,-1.1190542407865252,-6.0615618412516135,4.921705483810895,-2.2028869283282684,8.55476616271996,2.499497669843201,0.8893539403424978,-9.282730726168172,-7.201393540876837,3.742598296168858,-0.29804031511679424,-12.242461632030436,3.8057096335242515,-4.402726182546941,-0.19715493308872084,6.15656170732179,-5.811357720933557,-1.7594819610636416,-6.624558295574004
user_40,-25.993086712683926,-2.566186252616786,17.426387817423038,14.755666386523728,-26.23927645058041,-0.46121425782783365,-0.20144122686814153,2.597086675591823,5.78661370819829,-1.4281964410699397,6.835088190114047,-6.403260085350851,0.19792959315142913,14.680068440216003,-1.2661631201050627,6.836218136411263,-6.641760057197428,-3.4644559721116988,14.663796960148565,-26.42493115733689,4.963929345453421,-2.0755238708339783,2.276694072337857,3.8546503603689035,11.660172905341495,-8.908774841001302,0.6871265728987521,-13.871262715849332,1.9684626456887286,-4.542927630498563,-5.502040905676528,-3.4738562294303708,-1.7641330360265013,24.020582793421063,-2.7705716736175714,4.219561871531804,3.8229749991634185,-4.603535770318181,-0.5422366533671275,2.2827277789249756,1.9032539160810376,0.37714178557907696,2.2519640558062917,-0.3186510997853602,-0.28409093545422204,-4.387588268660716,-0.1067946543447498,-6.4174993806953395,10.488178880668615,-0.5230575617805945
user_400,-18.62980662192337,0.9504456351962108,19.178216722549518,-5.976121499354403,-17.303296557901643,-0.2292277778005125,7.648455556190101,0.1279837424424875,0.38690328296412907,-0.4171583297864428,-5.730785986932298,-2.7421415890120575,0.18099219984455023,-5.645665173128358,-0.48018579252359506,-2.2422368880048307,-0.7246176412335759,0.3634944676789191,0.27376120562696,-0.11667969533085792,10.32055172454185,-0.7001567705808466,-0.9787772490114947,-0.6814421478357394,0.3450541873967414,1.003682121733498,-4.638387352062164,-0.28197110743375453,0.7214108921061455,3.4405430647655386,-2.918640993109005,-0.03472404799080917,3.0653504585323206,-0.5348185327682518,-4.556446410331747,-4.287381788225892,-0.5083552553470053,-0.421155739567895,-2.3522288174224597,-0.7420058665684915,1.775775367341478,3.2125459155928966,-4.6205253176884575,1.5132397924369374,-0.3500456910417675,-4.186020268112302,-5.09630528534033,-0.3384255516474524,-4.185695196128876,0.5270083915176885
user_41,-24.236316953290263,-3.647009682281487,-7.574992848887482,-23.403022140618905,-9.79477575642515,-0.4837048803305018,7.261813716171746,0.3974658540597962,0.6167422054409203,-0.3642313456724777,-5.6173954280704885,-1.3791524260178516,0.2630154487810585,-5.410201539702871,-0.4163266832973395,-4.634990938682987,-1.2337882574849555,0.2896048340228836,-3.546681861954155,-0.24181609604535204,8.076704679148037,-0.5731332625644129,-3.763757948071569,2.563715214526262,2.9691238326794944,8.464635803623725,4.562455367533772,8.149378798781589,-0.7929564833888,9.15787115810375,-7.614957537553253,-2.664929753137339,-11.077415204320697,-1.9063437076713028,-6.358464405226645,-7.7315062509672865,2.8818133719229047,-9.763945795214994,0.3177156008755185,-2.6519863722308563,4.276743342988865,-8.056365604888871,4.991028827889328,-0.7632113454541873,1.242637791437213,-3.367570457197677,-1.7475257329304523,-4.522825934730861,7.028680440918871,4.716922898903613
user_42,-25.214741975552478,-2.6009716983330256,18.820680928439845,9.173161129340489,36.530294693286834,-1.4752824361374353,-7.2246412662740775,1.4626239190231296,0.2102304470543265,0.27399250431660005,13.564856072332837,4.124443611442612,-0.23826719898770388,19.669432877847626,2.594770882902592,-10.274221265824536,1.4575255868318362,1.9588916484308954,-12.172053985793843,17.40230750757454,12.099888768633075,-2.792659190435113,-1.42779955999761,3.836778184805915,8.245689991806312,1.0873589444405405,-7.459802120429988,-4.690010766053292,-0.46269222939257354,0.1060026135681935,4.086978973446435,1.191334677752502,3.915025998676259,7.350799592211322,3.475490775048211,-7.619624598052244,-1.2064391614008279,9.996005761167305,-9.588889485879653,-0.956601413004494,0.1640106264085788,1.6133267760036465,14.992520464330093,-0.285699349784248,-3.796251034760562,-1.5807744541536648,-1.1026304433848757,1.7147005525177543,2.392289765646143,5.107035859921445
user_43,-28.434700801830232,-9.021339671624075,-43.93991145969619,-40.114415889618655,-7.874479142819006,-0.5706876987781113,7.813905946896606,0.912756414040161,-5.595468404658489,-0.35600359182764235,-1.4006852665236442,3.1631234010501035,0.18205971263220214,3.200282543840276,-0.12013375823891519,-1.8431977880860306,-0.30138972201770997,1.2267072608923577,-4.164824548879571,0.5995310899761362,7.602270443162648,-1.274444565886571,2.3936844787400102,3.1540592945564394,2.257504815290374,10.75006974090569,-4.372137308228692,-1.533315874781276,1.5473627452786376,7.052406324849688,-2.036056346192727,0.5620398808837437,5.217592561345817,-1.5886182763556576,7.5730477964883836,-6.160675386253248,1.1344381997538524,1.4406109496770323,-0.4460457405766432,-5.046856340233723,2.2165858911790117,-7.294358058463672,-2.563887566541996,0.8308285232056434,-1.8449648216599153,-0.9073597543224531,-0.9628158734388941,2.753917374411072,7.399331581321977,0.3612841067271642
user_44,-20.963967761509775,0.4332443005555631,5.050518376914017,-19.919151302744257,-4.913583920101674,-0.65508122891458,8.032762474744228,0.9792102648656491,1.8237768406516572,-1.5800782186687565,-2.8782163901745443,-5.4748331822849,0.2983846279030803,-2.2461169106400014,-1.3925919983990596,2.9682771792946334,0.4804093155450254,-2.5083991851185496,-0.7788331621316401,-6.175631828259955,13.224879165257699,-2.8650461342555764,10.876123097133702,1.9329755134030915,14.705284829315081,-5.899167648849825,-0.1981082083524536,3.7806399563059814,-3.040635965562816,-1.1987281331974986,4.286703349137024,3.231535310740125,4.727097602213804,-6.524838237286678,5.443712757677175,-12.212904564966507,-1.8087170299146487,-8.1530570187228,4.260643669649998,7.919184843297665,3.4216738193498424,-2.874484634556662,0.22578670969595765,-2.540617500717834,5.22943172885594,-4.488646004070964,1.1391680721344493,12.791812403660204,1.5274280295573992,-3.175893740295842
user_45,-29.65857266552768,-9.207398308196591,-24.230953834681625,-17.724106942799555,-32.08396791833799,-0.8614348834784828,5.920161718233997,0.6527929678303295,1.0968388054410756,1.0912425662694272,2.2036000029750253,4.686911084410558,0.25150623206421313,23.63646899354918,1.776863445731294,-2.9466687780814067,-0.4369378495251448,3.7426167495255154,-9.197302595848907,0.5859388908390357,5.990739895443832,-0.534581127979294,10.417060724685438,4.36139841568498,-5.077767232152036,27.457476148729317,-3.6447645179448718,3.029300229076913,2.974131697401698,3.532182344982068,-0.5709591315260505,-0.2411794251684269,3.697986275083761,2.9793902266262373,0.6152752871384033,-3.8363582121054485,-2.1941827565543557,7.080596772042419,1.8678551763349882,-4.363296065023695,-10.315865127880153,2.8257206095691516,-5.768147845574572,-3.0677472807761577,11.52742927693043,-9.28508549466314,7.3323791666193845,-2.721392722410994,-0.3127612541778279,-1.0290116884176943
user_46,-20.528687611908953,1.5915017384614099,29.430429256568686,3.925527422865304,9.964461697791412,-1.5284110120439192,-3.9127421465201064,1.5106023533472548,-1.5673914354629073,0.05851027529401436,2.0195124822646973,-0.45674532183442723,0.43412323152848636,-2.1788780163783112,-0.21680299265824135,-1.7363421863910113,-3.1228115243937458,0.1715140057171114,4.1388630438603,-10.610162637824391,-4.306690474306328,0.6953869986075519,-21.677631252622657,9.29476049708434,11.647079777882245,7.800350242138157,-11.079074616025961,3.49220979231633,-1.1466134772773757,9.323844382343808,4.571415370522139,5.146066717024335,3.7675657289371616,-2.0712953811492714,-4.022925561856483,0.7363186497426144,0.43915897550136507,-2.8172226214895453,2.5294953438629526,-1.3559015856370746,-1.5912383010217417,2.339481519477629,4.670540407152809,-2.379053456444448,5.013419120703827,5.161273151456139,-6.269737895405424,0.9214545417973883,-1.6972853396861498,2.1287654998841123
user_47,-24.875678806153935,-6.720907084423048,-32.71472936464685,-38.55906307355043,1.6239713253459953,0.32240011741826485,5.3400398358006855,-0.11900689376332026,-2.884768214020769,-0.6379219444437678,-6.429445922211509,-1.1789059577735705,-0.008621519376849062,-6.49542602277569,-0.7768256200714315,-1.6425209479575646,1.2938553960375092,2.5865275032372606,-3.878329579901189,-1.600809348421844,9.002233732443617,-0.7010651293306057,-2.767045498194734,4.193200287883152,-2.3193842831409053,6.201458235725604,-9.116320964903721,2.8923081474040218,3.16193717772969,3.749071727111904,-3.9591905283645814,-0.5723904750287562,8.49975728685346,2.8792072366826202,-2.5184434563881717,4.10157351958899,0.8766873478708399,3.2981637938951107,-8.418949798238994,5.931392192684401,-1.6482076952014095,3.3268498951846093,2.5118746410561337,-4.946943991414535,7.135074986559137,-4.6000773727706425,-7.463443620664614,-6.987263914488906,4.613184967787007,2.585954550398921
user_48,-22.118594490133024,-0.767796742867377,12.765406253154238,-8.29550244219027,15.974450240766695,0.773089115918065,-4.36799348718959,-0.1133128896144235,-3.121199743089421,0.811747938613728,-2.0047707928774257,-0.46353602391930454,0.4400563520058438,-0.5794665238775316,-1.090693407023867,-0.40088775159464013,-3.1909894666278853,0.013345079822832555,0.9810268541909282,-9.403040664256086,5.434827292214856,-1.0108508322140395,-2.1511100376287917,8.415834701410493,-2.330846190214967,5.256401199115798,1.833289717722912,-10.583875416622961,0.8084339159038547,-0.021876407130144927,-5.606134648935432,-6.355611138632681,-3.347125756376467,-15.577824540680028,13.20141116450504,1.0924605465955117,5.637404324252701,-18.28212060961046,-11.072654554550228,-7.058865543579881,-0.9385181887148456,-2.9911750487651223,7.110122164865496,2.3965994787199514,-7.675442870597271,-8.39240919697215,-0.2849689202616042,-6.101830612825526,-4.8986458188704765,-1.5463344323650388
user_49,-25.65492187281161,-1.2046075515842918,19.150394940636968,8.833218175517226,36.791699867020284,0.6674391123854073,-8.102198971006542,1.4972725189044434,1.6076289747942123,0.60870171567395,13.912251101368556,2.4206186955239333,-0.15149089021549714,21.19425112011267,3.8164562018450288,-11.703343609915812,2.0389232743712586,2.108338878568786,-11.94487841332306,17.691979863847028,14.33231816598378,-1.7922552545346644,0.36545523733719426,7.224882088418276,7.6135010157932586,0.3508433581183525,-10.032438769826243,-1.0830771985967873,1.9273193667808064,-1.3972689551888717,-0.28006532882951646,0.18047006040478172,5.564671959374586,7.922153669753341,0.6889285852821493,-7.434640858656565,-2.6453637987656275,-0.1421411116833166,-6.786556812783781,7.29016983528537,4.4100212979346445,6.181979641641121,3.9519196155872,0.7883677882362378,-3.8328717914461228,4.808080320710869,-0.05538306214762108,-3.939365596575417,-5.368279221707342,8.04229205930664
user_5,-20.291922116693442,-1.1068223477463388,5.466116078344266,-20.72231085313481,-6.056382658823695,-1.8926864108271453,7.645140648576621,1.9207869450586967,1.7363486313346614,-1.4911203859061517,-3.6531824423924655,-4.991587439278604,0.6186265548322999,-1.2156608560747195,-2.4066387154834166,2.5135398688512356,0.9284311149832122,-0.8416311708328988,0.30427416031071325,-9.432024168292473,13.240108068124599,-2.5931104325893255,13.811242016688814,1.898708554198692,10.864741460349382,-7.008195188675725,-6.812925058593088,0.18528311718549445,0.6964184873552366,-1.1160409932325182,3.8582172328324305,3.458793386273008,12.42450967434661,-4.749905156925426,3.8194486947398607,-4.732866114868781,-1.1947792966643287,-1.7415632225765918,-1.939553366791293,9.286457717494335,4.528848594655494,-3.2117503614208136,2.263713002499717,-4.307094665215061,8.333189555132408,-6.92584191417801,-3.1917472044191806,9.907047888695905,5.065326890711462,-0.27885855116543146
user_50,-23.27153543872636,-1.0095051456073065,10.281078118759584,-8.780492539180333,20.845163944893983,0.22581331072282365,-2.7919718770555857,0.7598841558968971,-4.273385668835198,0.1623578215764391,1.402412389240817,0.41139617791214717,0.29438349725916546,8.528068168591165,-0.10058594056254733,3.1358024640606654,1.4871625386055083,4.407402757918823,-10.769098578629187,-16.346883475067294,1.320603205638761,-1.1039269939888758,-4.182121454722548,-32.881755950858604,6.7098477124426035,3.089058269971392,1.3386319495808743,7.184474513185824,3.194873791128636,1.6722307728380006,-4.679869241705778,-2.0788990614273852,10.090638720586178,2.2980794566023093,-2.164552336701005,-0.7747278160828124,0.9211619652973149,2.8496962184425727,1.7465376352807291,-2.5896325266049067,0.5994595422534477,-5.107278728441427,-2.023464369234374,0.05548130389051217,0.037138859302894484,0.6808350117813794,4.31884468618045,-5.167948624162569,2.475869423197693,1.447936973134303
user_507,32.50170089185436,8.517941485822423,-4.412228716056663,2.4442404062550787,-0.10043616505944564,6.975057545073946,0.3835446457711893,6.17889422235916,0.09740068788464512,-0.2407178924490773,-0.5689636546559843,-0.43239876311287584,-5.159448548043778,-2.8735980893523836,37.457068456916964,7.21489721464546,0.6904993820723746,-1.754360863153511,-0.9123213646521243,-0.5584785783235644,-0.541029321775153,-0.18528754056104094,0.8447899132376827,-0.19576075781400978,-0.11917087425065084,0.5219920828602745,-0.3077628117132294,0.7629195507404917,-3.957948386994879,-1.6790328515862734,-5.603364027430031,7.477663661194812,-0.17926985069522272,0.29349460782235987,1.85513096440213,-0.6748737945699779,13.479018930587525,3.3361279648424644,-1.530276809901427,6.412132663596817,-4.151841193566163,-2.9256161171174484,-0.6900600441887002,-0.5399661305262329,-1.875980629036868,0.8009726963874624,-0.17968008546040898,1.4649150510537905,0.8306843163532579,1.1403592011442714
user_509,28.047717014730633,28.145192473522837,-8.11400737936472,3.174450025779498,-0.26417146124153223,-16.031620288164188,-0.7496741076813811,-12.635304568353554,0.6131174501460601,-1.8101549196409434,0.7729479931319834,0.18366335483314936,-0.3641747639305886,0.49608360342775537,-3.53180830799609,-0.5662382442907263,-0.08107172680035614,-0.06542825894700002,-0.0281852678382322,0.0531245785569411,-0.04090139512160077,0.6549352345736628,-0.0361801034829037,-0.05048942222659915,0.0019856809158620035,-0.1540840886483789,-0.05454132829667566,0.029434936811210014,0.19185927602412403,-0.21011495686364404,-0.49088671564842995,1.0023088020684423,0.0843907906608117,0.18013193778144693,-0.16907223490551482,0.4076197035480271,-2.150754730056796,-0.8018711864566447,-0.18052281039274462,1.1045459771243318,-1.200573102994845,-1.5439063080191,0.14633603551623114,3.268975762211178,0.09154573586579691,0.4231294167804172,0.9445569413293436,-0.014551728807928913,0.803048681609129,-3.8488429310055325
user_51,-24.34703217862962,-4.5933857890886935,-19.69611083207232,-28.50453979856375,17.391167634660817,0.4282881648869935,-1.1286273275373269,-0.2553012697614544,-6.095525302829064,0.1304683430732752,-4.245297940944652,0.45750082828091954,0.11333493947196545,0.3798436048351918,-0.5552539805610567,1.9741953075936356,-0.8256998206690178,2.3537947502710224,-0.438030212902913,-5.744975122093032,9.10170403776763,-1.0853566106387622,1.8130692377690136,2.898332212521555,-6.179476090620228,6.970188049404868,-4.642294684431628,2.8633208735221527,1.977390213207709,-1.8248629070195712,-1.3139908981215829,-3.6606235287628874,-11.336131991258727,-5.09126893737903,4.657579774667823,0.0015912444781773503,-0.9137607117860134,5.197965154795631,-3.5465402031470004,1.6520432831330714,2.9993362104896213,-4.552515585626667,-0.6856067230537235,0.02889205442584461,0.852937190020333,-4.350625778924952,1.0626857220081574,1.89615775626799,-3.2007113663848235,3.2295856802752168
user_513,29.360693912156883,27.157322409482973,-8.13208684482003,3.351333994326587,-0.2686985050486589,-15.510721492422077,-0.7885013989204233,-13.341701269286872,0.7183531463466983,-2.3214309363814576,0.8213774296188022,0.09803239749804706,-1.2116404100840699,0.3271181262837109,1.204919070715553,0.32261262715790245,0.07521475007824348,-0.012485726355916897,0.09274418483749908,0.08256865182825304,-0.37785927758954113,-0.2359003923184898,0.25445542612450905,0.07540984858486074,-0.006211577166171452,0.15961379738001627,0.17766062728798782,0.34926289429550883,-0.9705843230901985,-0.09901743129478197,-0.4156570439638959,0.2723538621689463,0.08938138916059196,0.0715730762621433,0.5123312399006794,0.03451962462487996,1.2440425395495704,0.8654124633952164,-0.23894011590014075,-0.27135896376091584,-0.029460079087979523,-0.0887346372680172,0.8717554423455798,1.3227057541357679,1.1009179444286417,-0.6180040437186007,-1.737207820462909,0.6116020442141097,0.794333647870377,6.528576555771273
user_515,29.02493154688594,28.401931072238824,-8.39912133186942,3.435484807956008,-0.26853152751034526,-15.984922305979339,-0.7548950731570387,-11.934528846325545,0.5375879770113348,-1.675019978088041,0.762935513210887,0.23447556822112625,-0.3094544796043377,0.5721976545759658,-3.6921409739092903,-0.5471153880088846,-0.0858657456848329,-0.08668226833426969,0.018684912077872647,0.13142838541888605,-0.24669674478544076,-0.3777022182031672,-0.011780875806788662,0.037078608468455086,0.1676649640790052,0.012843609163950314,0.29221935577057817,-0.05545121566169744,-0.39323227958907175,-0.04117110830570081,0.7618719174955898,-0.46397330559255173,-0.4161550758901295,-0.34853990922364153,0.21831624379419537,-1.3354978818849839,1.3399990466951266,-0.18698359795971037,0.6590668282941431,-2.331108041646422,1.5410015745202628,1.425169984541785,0.09237907380238079,0.5307955179652496,1.4340607570625072,-0.13495981259193948,-1.0071767995439265,0.7122298189987689,-0.39319865635030077,3.438171822492152
user_516,29.626046618686402,28.71485174375623,-8.58516879386627,3.58728020458198,-0.2766690679160579,-16.18329938175599,-0.8212599678004421,-12.38528458822379,0.6075376768463118,-1.7672203248634228,0.8202297893157853,0.15811991996627886,-0.48204791998120494,0.5862699965393888,-2.840574208609205,-0.41996518146269324,-0.016547135693647026,0.22996567972587453,0.15835596804816662,0.0766876678906509,-0.25242388923580295,-0.3496910380973214,0.10336698492062366,0.04208767810404093,0.016351264707715557,-0.09512489109913996,0.18495134841693048,0.07241676800628019,0.2264330356998021,0.23759995591315744,0.5594211152507547,-0.9771245434992946,0.05082291275618286,0.09692184607438149,-0.029386028833996315,0.339595971281881,0.4252379704102793,0.40121018956902166,-0.17847391908016533,0.40080024801798675,-0.2557424358824234,-0.09177837963838785,0.23072258980827512,0.6027432952350724,0.543204043511081,-0.24086776308814947,-0.48480465983008497,-0.12841977368955404,-0.5679515412992937,1.521625339032157
user_517,29.18182920112827,8.320446668430154,-3.433267600640696,1.6406011248147376,-0.2092953596824336,6.025271917317971,0.4170216557773218,-0.5948389216378804,0.3632761419386722,-1.3705634413800705,-0.4582255090798302,-0.6426024126230965,-5.692701300668626,-2.9368227686174997,37.85843907819739,7.754990864469119,0.29338856460218127,-4.688028915133494,-1.5674640586199464,-0.9869738393204832,1.3947177522875591,13.645107481565214,1.125951346483866,-0.23186920321002374,0.40946230815168233,0.8358187140479525,-0.6033613965598721,0.17769060656451816,-1.993938757174698,-4.522915385763297,-11.406417421433437,19.880162565975905,-0.7920297199491195,-0.9105192278143986,2.823362177894599,0.5227762760858772,0.015479617074244046,-0.05977025146653201,-0.18180660694879205,-4.976940238677571,5.173816687361448,3.43721711253137,1.2254141272482424,-1.3598783657433808,1.2424563527058776,-0.7600830633382065,1.5199730910033544,-2.3576551562957584,-0.06693689384820253,-3.6565734774577314
user_52,-25.2405851563068,-3.4673172788780846,7.099807502260541,0.6723158554877008,-38.98979866998231,-0.09538495438894125,4.302140831683034,1.0362205875243469,3.0132021697173643,0.7832857984799765,2.7962914288653176,3.294134603299468,0.10862644205073864,16.589306142474758,1.861158979464204,-5.154342540014369,-1.3283968557445367,1.0555395266505492,-1.7622080164264202,-2.389962073163406,8.457023971553001,-0.447446062100838,4.762049422610461,5.731431456611169,-3.568041408533781,19.852437899271422,1.2919931197265377,-0.7799485832293842,3.372622906533154,4.3044084255601796,-5.475333057630016,-2.5627959072464637,10.614943577395714,0.7472055078902454,4.649903090658642,-0.9903528354120599,-1.9594480098760276,3.3931538492606093,5.026151942632149,-0.8928364950113082,-16.779804039843906,10.504010125217873,2.531117028462317,-0.7523974800955128,-2.583512130839927,-2.566192925244646,7.085961344364071,-9.119638069384129,-4.873668229862113,5.762874250975652
user_521,29.03158872129629,28.34281072150466,-8.373025808038475,3.4283893951230215,-0.27061424090005043,-16.13823065413263,-0.7568725340913073,-12.267533217748396,0.5869969385941638,-1.8009035356263148,0.7724375755934582,0.22608960688525556,-0.53868876077057,0.5418557817449325,-2.9456248378266396,-0.4352613185909289,-0.06198008760601928,-0.04376748268734823,0.0010322923396820596,0.11935275590722012,-0.26204974738310244,-0.4820719149260769,-0.04483826614418937,0.008663642477898083,0.1073919279175149,-0.03932171017899669,0.27832505058517093,-0.031138111072772253,-0.3870863078139879,-0.048384883158414556,0.6786594662447303,-0.45298152392554364,-0.3918066021823793,-0.318195781897447,0.19127138337845628,-1.3380081402590638,1.6539356721488703,-0.16684696874862534,0.5467728164466182,-2.0248507141165915,1.4972541716557048,1.4235979184381091,0.006067933674275786,0.06663949652842709,1.1555517358590461,-0.052746661058422704,-0.96584968299914,0.6896213131698455,-0.47585362443639245,2.883521599333114
user_524,32.60473414810555,10.062167402583288,-5.093232000672408,2.505980794560749,-0.005678499723871061,5.488221552154636,0.27555428771182117,7.322172734107615,-0.16261846395389523,1.4080858126442883,-0.6248497137811952,-0.3131988143285891,-3.672091784367628,-2.462770363971403,30.029033144622876,5.868974162521679,0.7019535438441765,-1.3943005761272578,-0.7194771307735602,-0.5436717050260645,-0.541814751858237,-2.199582518230849,0.953635930470673,-0.013637728870035365,-0.22677120430736877,0.45867880361407826,-0.5055398331941633,0.7014988977300699,-4.930913102142097,-0.6270857923615588,-3.8330950488791755,3.6770112652401505,0.6764109083378921,0.984540766219274,0.7406228001033668,0.5963790420183915,10.999587888060276,2.993183937756838,-2.0554444717065916,9.014615126525397,-6.516794447185659,-5.034944849014151,-1.7284036779576921,-1.6483289573547595,-4.10098117450762,1.640359774156125,1.068698410162892,1.602580546193043,-0.6590427231255835,-0.4423029692639744
user_525,33.902482643114304,11.30712809959283,-5.561697590788335,3.0398587025584662,-0.10640293883016186,6.394685861213014,0.3058101492064291,8.811344285738695,-0.17837280316525989,0.11054121104608614,-0.5311829882320027,-0.26801382796893714,-3.0474768354350386,-2.145912071262987,29.88730185051804,5.785133121819777,0.39502818604279955,-1.7108471061924384,-0.7585250155419766,-0.4209818347426285,-0.17931134211658928,1.5000094695985173,0.4809036538686172,0.025366085466241986,0.1462300285059045,0.6831937739996107,-0.22016403519152858,0.3128783644305142,-2.4895451168823097,-1.7158866208407724,-3.801067157411394,6.410392832168771,-0.6020195571723658,-0.42426780780499956,1.7844680362705074,-2.133860285919858,10.000893007906338,2.1906615503954807,0.12031212020299695,0.5318590447810092,0.1767513259337129,0.9508735759162166,0.24037730947183034,0.11358387242693527,0.9511065625768826,-0.30803475228662386,-0.8677495503118595,0.6574352684224314,0.22399614258964454,2.6893988905525696
user_527,29.207999122473083,28.45627458501695,-8.430176272812382,3.4902596526504674,-0.2732540141649297,-15.90505251999225,-0.8091155944354759,-12.023678751024232,0.5908208023974264,-1.6450551634233097,0.7848860509617791,0.12247580304399104,-0.43010116291319284,0.5871557153799485,-3.3142160760246213,-0.5403074635435378,-0.006032378872429099,0.3697361815864037,0.21736901839630732,0.07210636413566825,-0.19710184555149848,-0.2155927501968558,0.10363886640671517,0.03707780722353082,-0.02965842734583442,-0.12610031848977102,0.14220898639717308,0.08164136305822557,0.49364150422036185,0.34432330378917814,0.545055163679132,-1.205229993708688,0.18683343682565368,0.20730465120419247,-0.14146240916525665,0.8432369316074129,-0.01315147425207535,0.5419404448098543,-0.39748090460724667,1.1587541409126554,-0.7918874795267816,-0.5935574503852539,0.31027250287822455,1.0160662909476423,0.4269695022432333,-0.3036601811093981,-0.34473109284595715,-0.41310457345503465,-0.514053648151926,0.9660828188350579
user_53,-21.746015622833017,-3.0263728025029293,-2.3855817920320286,-23.054389388202296,8.719516648882834,0.17044672831545926,4.873300635722082,-0.643820857184632,-0.9909624316150693,0.6148227219258168,-5.08040691409525,-3.442224381464434,0.06425420575919273,-6.40925556253455,-0.06050880638632759,1.4356381960527071,0.006453749824341195,1.8902776546835713,-0.7238277645990289,-0.9524226614179188,9.834507851171146,-1.3634718508220003,0.19246397414322503,0.5017950541572568,5.243172323415714,-1.62570370297879,4.761879592266221,-0.11295676001231081,3.2263314448486105,8.39770381478936,-2.945208016189018,-2.464475640107453,-7.470732280234135,-3.124412906455408,2.4169554997001472,5.996356112303455,-2.124383622760049,6.1745883323571515,-1.1615897600371388,0.6404135779658346,-7.487251483136683,-1.0573112949303185,9.969813200712906,-4.982041818500863,6.741172399950946,-2.193769479104165,1.874585613734419,-11.465733824846144,8.328419779839933,-9.033602936855333
user_530,33.43477928119453,8.68211238171347,-4.843761976862564,2.562814654301702,-0.09814214785571403,7.719985278614736,0.42515967726971243,6.566113328993189,0.11501871745646329,-1.4242169683731771,-0.4624724049779259,-0.4128295348428186,-4.940662100113567,-2.5070971321674094,35.82857805013706,6.983620509119387,0.5857988114810013,-2.100931300511438,-0.891567394482017,-0.45121166532886253,-0.1576814346903933,2.4724797689002083,0.7173502149861735,0.07372479614101207,0.15576596642486093,0.9142237123822412,-0.37740234476170276,0.18666937397371103,-2.8940514430198268,-1.6499445191230193,-3.926276827976082,6.3618949924796855,-0.5060687542672652,-0.7087671982778365,1.847904438038187,-3.004705210366841,13.3448518368148,2.5440903512601936,-0.012094493901662425,0.42984342942669124,3.191286641428808,4.089295192895309,0.4420399980077685,2.7817954738345256,3.2682763095370833,-0.5125293971346092,1.3563186310100466,-1.2797757226932456,-0.5589822462452739,-1.2923590797125328
user_531,29.04593130373545,28.22863053303847,-8.330732971898394,3.4387937283979615,-0.27564369108079545,-15.932205633177512,-0.7992134413400801,-12.205821180591931,0.6276220782230165,-1.7458570538558735,0.7804888803081044,0.11228260989767311,-0.6213126738352059,0.5464956510504427,-2.6410911186781223,-0.4367225294533167,0.023883902363420067,0.40988909630606485,0.2008109691648512,0.06755801603084788,-0.22783684343677577,-0.40407094387781967,0.06643659003163446,0.02016798974857008,-0.07558245374416227,-0.16695825376389814,0.16256873647489728,0.08114235961568074,0.5100633604464735,0.36029936627009646,0.5732282914061798,-1.343315927661296,0.16322128943742992,0.19662169948534067,-0.1487652885791291,0.7375797060025157,0.6035262375160649,0.6494661427124885,-0.45518041286814453,1.226547166096483,-0.6433639775964333,-0.36568875322292704,0.24550834847201766,0.40890836437319217,0.3156892058160115,-0.2831917219682852,-0.48915694202465665,-0.3781304885474982,-0.7173052437718811,1.031374981047148
user_532,29.19905471439177,28.433580859777603,-8.420992545062886,3.4863179612216215,-0.27232639195352415,-15.91510777712385,-0.8083173532484224,-12.055278854746296,0.5916301112675578,-1.6581676691944347,0.7817705612252485,0.1186876243380554,-0.474249327088074,0.582019813959163,-3.1809268572905656,-0.5195100868401088,-0.004697750034513289,0.3833066921751792,0.22142790510220633,0.06692863667209419,-0.19699191072393266,-0.2647938162739938,0.10322686817224519,0.0367373696496339,-0.03383984750873554,-0.12274432313313234,0.14473644541840597,0.08321283269670511,0.4717865069569411,0.35250962130650215,0.5608627233253245,-1.2425186370266075,0.18509590827681702,0.19517708088025146,-0.13163968734207745,0.8098752880282231,0.1278723254646191,0.5793698931406988,-0.3939726505321941,1.1249779725063027,-0.7394676087655272,-0.5221945247150883,0.29270223866945994,0.8294890785816941,0.3979702600216152,-0.3107843585782908,-0.3796697327490321,-0.4090642635211428,-0.5688802619407047,1.0824130512220012
user_538,29.660834537913413,28.684916533098736,-8.590163518118906,3.584703718176532,-0.27285695182977315,-16.17695907217973,-0.8083285572502777,-12.348930011479572,0.5924232020443384,-1.799191146981646,0.813937655414827,0.18521598847735626,-0.47366404555686925,0.5756903102064261,-2.7213020350528527,-0.3904535107922498,-0.038145726447560986,0.1373505594803679,0.11117603571544546,0.08006384070562654,-0.25066762024755296,-0.4067701767257385,0.07776853805227864,0.045779187941517634,0.06856462392048884,-0.05662560737107691,0.21469335066684478,0.038184344540190714,-0.025789091034181005,0.14658404457575946,0.608576495199526,-0.8028345903328739,-0.10491278324616392,-0.04258660616947429,0.06774074077721033,-0.210603791774603,0.8587019466800753,0.2524491445446397,0.07749314498114625,-0.4331807359629425,0.3278386373683342,0.4260546567559149,0.16038203528600137,0.4062898072015728,0.7727786125212031,-0.20121582940618135,-0.6592252876255035,0.14394971319846003,-0.5671650331326998,2.183754041408895
user_54,-26.744034753628277,-3.3042852882026774,18.10673431875066,15.069696658628434,-26.475636091849065,-0.4141183683188044,0.2624396861967719,1.7505308785265288,6.407295342881079,-0.3332831757083781,7.437997084917503,-6.051418268418515,0.12276182436686692,15.016223738546678,-0.31269560281904546,7.9414839306049405,-6.985764328752583,-2.8667982037598185,13.429113643890034,-25.594272257579668,6.963231585773223,-1.6043272555980101,1.306672527530594,4.584045525807446,13.920505155935857,-10.167813018369177,7.403251693162667,-11.800026649266462,2.9191792940231243,-2.3694204526178564,-4.168241921608265,-2.7946254516908464,-7.17313500450268,23.152680710261194,2.1560282042466,7.690558601714251,2.1318761725402875,-2.172813504121535,0.5349899439643241,2.336118835611652,9.95071897296982,4.514109764954554,-1.4423646557914274,2.506195350497423,-2.0430052776288923,0.9813045371501853,-0.46494604239643494,-4.007970014549982,0.7361987276112619,-1.3021035491543242
user_540,29.167809796476142,28.410131232040307,-8.421774885404545,3.4625494187448482,-0.26640144448472614,-15.992990055270774,-0.7718133207014791,-12.047823522674205,0.5567969249345632,-1.7247061980233014,0.7683928729594534,0.1996608157832472,-0.44213481927260295,0.5605044407930854,-3.1531195425927705,-0.4790779226091139,-0.06657251997023578,0.0750016369675742,0.07775519403523329,0.09889145038385234,-0.2225398242439279,-0.3808034800712401,0.02408096422110694,0.03620529416107655,0.10670652985905868,-0.02067803901489251,0.23455791945237642,-0.009049053842131435,-0.22255629570627608,0.05951777410621711,0.6702626269064812,-0.6449045407345632,-0.2472607681926663,-0.2016108993777691,0.13613983645701888,-0.7779501938338634,1.1639275976970966,0.05155453177263182,0.35867540759556776,-1.3178055465127831,0.9211332675255488,0.9180320445296432,0.09864662845039833,0.3837662867469061,1.0365826005268164,-0.16409141278808007,-0.7996200456503874,0.38735302740729777,-0.47914139223175384,2.6961314123077877
user_541,29.17605437937304,28.450898328365447,-8.43088425943128,3.4754429331540386,-0.2698971729066252,-15.972069285556792,-0.7843699812085505,-12.026914807720884,0.5654757367849097,-1.6775739930599265,0.7779902890422513,0.17441313968832506,-0.402868163552361,0.5832174653466738,-3.4014664083473143,-0.5321932651593655,-0.0474412882899044,0.1599634537192212,0.12145200300463849,0.08503256672062136,-0.2025672247049571,-0.3061303990281249,0.04368812897542361,0.03922233970894324,0.06719044473056311,-0.0543477547273083,0.20645176251626088,0.018517716199763116,0.052722426489343985,0.15952849186405105,0.6370274234556201,-0.8353467566374616,-0.10443141098851214,-0.0638663992990723,0.0386743774923321,-0.22369723876741276,0.6745197067615124,0.19455070031618724,0.10754267076508738,-0.5162941031469709,0.3429045892951707,0.3971885370720904,0.18971744508957863,0.7042653458954484,0.8775477088610333,-0.21396644896182615,-0.648665753647214,0.12149867020973427,-0.464344056298515,2.1169555322041496
user_542,28.288563971204916,28.349353024794844,-8.226969703980732,3.242136245325076,-0.2594272540985545,-15.965333202340497,-0.7564277345920463,-12.383377145572233,0.5643011262644549,-1.6991111381264934,0.7762685730776372,0.1916198224829392,-0.16274790376977769,0.5502861858812991,-4.196033646344042,-0.6706516386955321,-0.11271988457266276,-0.10281421545985339,-0.010964756734863062,0.034452185841017925,0.017162273119955676,0.7513001937966198,-0.00958266637595503,-0.02219059062699006,0.06575629572533032,-0.09455904866780931,-0.05206150403369608,0.015047303899606486,0.1628126918305273,-0.18856249916236967,-0.4163907783171322,0.9875364277769332,0.06337194617573295,0.14747729598617274,-0.13208719947863765,0.40531230445789906,-2.5048585164455015,-0.8310916669659414,-0.07944931170312894,0.7892898593029356,-1.1505851730277408,-1.549488431597744,0.22068268779840583,3.68909870631214,0.3352622760650835,0.3470576217472594,0.8986050712178668,0.003135379768998618,0.8884757348188776,-3.2786240477817974
user_544,33.66621424496895,8.94577659839292,-4.921134844174249,2.6597762351398897,-0.07671692642364902,7.0656466667406574,0.30465200913759194,6.253029802106322,0.18306110055749927,-0.6054581454153563,-0.4953586957730355,-0.5100701427312354,-4.6518838739452955,-2.485389045143965,34.813756105881765,6.69411763116358,0.7587328320287432,-1.2574374377613944,-0.6469443922230615,-0.4011658815612958,-0.4787828754930051,0.395930118757903,0.8645929094541317,-0.07769558226161792,-0.23017004558096005,0.5526441057498549,-0.7270585609290121,0.6049181949207215,-2.482414705085807,-1.4357408521762884,-5.073586749725475,6.490685531682577,0.3648543616316705,0.35909644747607455,1.485752613229897,-0.04695404979270549,12.551700537473714,3.456546226559271,-1.5611340250459924,6.7550804819519925,-3.6124215602304237,-2.1014243408276716,-0.23335731318804567,0.23875712872728658,-1.0671045648526005,0.15173153290922162,0.3435177600242874,0.12835311104982416,-0.312853231183905,-0.04569691759654957
user_547,29.598532362585647,28.612687615110808,-8.545427674109186,3.572320754659586,-0.27830571398113024,-16.260448776373064,-0.8171870150239673,-12.590933603405047,0.6441180760100307,-1.8617763961068754,0.8275194694010986,0.15174671214749097,-0.6337890449682924,0.5659827045238802,-2.2959703757624323,-0.3415431691008801,0.005873285321100264,0.2557866589848113,0.13470810226805538,0.05684686356871453,-0.2490969529392515,-0.4586353164853434,0.06119668017065912,0.023605550909292446,-0.023966820931152665,-0.13694504539575603,0.1857964532460562,0.07774649718336077,0.26202148847760437,0.24689981194520944,0.5355322296862567,-1.0347874478046433,0.0405428966277586,0.1089960049292765,-0.04945570563443346,0.2977718045784041,0.7687469157519125,0.43741556114987507,-0.25949872817266667,0.5638742253734964,-0.21825929532534105,-0.013073435903180228,0.1785654693239868,0.2571962655560686,0.41851738775509584,-0.1943991373642494,-0.5431136424407441,-0.11446600833723101,-0.670458866767582,1.2995172037927476
user_548,34.20534246558566,8.934490767440996,-5.068447277848058,2.7728271569915472,-0.07105890002812887,7.913646483001204,0.3374498344844859,7.0000253023100765,0.12359418295308115,-1.0034752335752994,-0.4718132316308403,-0.5099182768192279,-4.723432799040702,-2.4365849268459674,35.27877145887309,6.8735536270376585,0.6530594431293634,-1.7540283098111398,-0.7338270228144163,-0.47608078652520236,-0.2512597529197411,2.0244741829438055,0.7794943120602409,-0.029710871405773713,0.0041400732766144295,0.7500861566480457,-0.48065737815674336,0.27039284120633417,-2.2247495927115524,-1.3657426641414343,-4.230632401961557,5.879506817550967,-0.07961934624242474,-0.23008079359690936,1.7204581264097054,-1.2541370683586883,12.380095008949707,3.1058715448133563,-0.757203165764708,2.996111236248424,0.6355665093284213,1.8396575582356416,0.4839221436619493,2.149512733612151,1.9644249991777967,-0.6182432038249357,0.951065030345964,-1.105384522361345,-0.5115369565102491,-1.061742404465743
user_549,29.454410932777403,28.44462899148563,-8.47017384838246,3.5318345514017713,-0.2780295041463562,-16.09706912899702,-0.8186974828182094,-12.460292895085265,0.6464456624155819,-1.8458776241357244,0.8145761711659085,0.12403359211624185,-0.6311110786720403,0.545489209061239,-2.146209362441895,-0.32987862972336557,0.03046840899554188,0.37479880471425253,0.18355887429962647,0.05202713702453117,-0.24483067717133272,-0.45717222656630935,0.0908007759828066,0.030888684989100478,-0.06289084800587527,-0.16592243772946852,0.16168672603645465,0.09272562907486778,0.4638566192980136,0.34733833156074806,0.5275597712676848,-1.2765322285044025,0.15854700811657452,0.22389323358916258,-0.13031637914207336,0.7794302521969402,0.645210249293939,0.6753963101386508,-0.4895452489989687,1.3389296692035602,-0.7105358603318331,-0.406603134613779,0.23651292778490124,0.3223651249903906,0.2586140726032502,-0.2625698196011801,-0.4675228833709522,-0.35764974993560344,-0.7616828100231188,0.9948880701854542
user_55,-32.274054438561386,-12.516278205159061,-37.89017975107203,-17.58292872978854,-8.746370149883832,-1.2012200164663587,-3.0728802921324365,1.2050576118692782,-4.826965723941736,-0.764955350163055,8.83112498569583,-0.0811946948897367,-0.2564552594590639,18.090725527621647,-0.44579238607287974,9.80541779557166,-6.290313904181176,-0.6977011948953152,15.231488643675068,-19.6558286630437,2.982897593198549,-0.12138639167246025,-4.33229122375158,5.816263623918759,7.017505255873059,-3.669427703857376,0.6283486151147867,-24.476263424878976,3.3653287809311925,0.32091751284715586,-15.284775712294334,-6.87724723535577,-4.216012695785781,29.41859980985996,0.7799989976619963,-3.521212011955115,-0.4261323036357245,-0.2950046590759878,-1.3933617123565334,3.253417074848883,1.0904638387180376,0.6470209451907037,-0.9106641190962205,-1.8869944354337433,3.447826362383042,-9.46363854614273,-0.4849447328741689,6.07455662381962,-3.3635857199266317,2.151542722154804
user_550,28.150164894681424,28.276896422529326,-8.183387303395971,3.202121653463214,-0.2554344261460198,-15.93056456972654,-0.7375740763092381,-12.305474154980631,0.5452689836836357,-1.7099752663026704,0.759379764363142,0.22081963912065736,-0.12141683812119684,0.5330270902841183,-4.20726073144504,-0.6632241237217075,-0.1339062441065651,-0.21136978505009626,-0.0634010884108143,0.045926102011375335,0.02471183988889636,0.7222100819123995,-0.040129272838981746,-0.02355867056387459,0.11766873613748871,-0.058642578442339166,-0.026732455005638867,-0.02220102778078456,-0.0953576677279461,-0.29260155506270696,-0.3906849392096411,1.2167647567071838,-0.08985164908325889,0.0043743222605858,-0.04435689626130065,-0.14759927045346877,-2.1588681143267294,-1.0208923106544299,0.1872482489406149,-0.04899059658134829,-0.589965013004562,-1.0797775410744779,0.15242384993348507,3.5988842824900753,0.5695525332210121,0.40843812618055014,0.7578324765835395,0.2952414622274573,0.9421746102921986,-2.730866608960804
user_551,29.545740697892654,28.649880904052775,-8.56426037317249,3.549393110969778,-0.2680913228782563,-16.25468623078707,-0.7799322285585149,-12.376758077232571,0.5674457549409833,-1.8317085627805778,0.7996044313883012,0.23629477267161472,-0.47085527100372065,0.5625184265918283,-2.752675694486938,-0.37072825278088056,-0.07881755165563299,-0.08761094386107039,0.009064398444690517,0.0953615993405466,-0.2552710591679828,-0.5145960182786197,0.013785780333923595,0.042637113835122115,0.16382594307365086,0.019168567482319564,0.2766655827821265,-0.026685584171338813,-0.5025575903063306,-0.045351670295891267,0.692668801971234,-0.4093324412984566,-0.40188068709064273,-0.32809555166112203,0.2547143111868328,-1.3255768999803084,1.603778216045374,-0.10863998573349692,0.5991696985521413,-2.162047349670728,1.5024862447037688,1.4460044364091624,0.021408877914809537,0.022202229902551725,1.1990485172952277,-0.0993570315772451,-0.9679530524158645,0.7041816858082804,-0.5205864268990267,3.3408648852057747
user_553,27.893948674691817,28.062055592211596,-8.061072288814671,3.1500935183441165,-0.25660553042656875,-15.69208544101384,-0.7582855054301997,-12.118393512859546,0.5666629314846027,-1.5976123492471068,0.7403694244217264,0.12226520059923365,-0.23185234191332196,0.5406039937470323,-4.310741420722931,-0.7461918372451002,-0.07775096886591733,0.1799641795912545,0.1082398530862427,0.01707693712235405,0.06730280591910871,0.843162492984714,0.02467132105461326,-0.03066731547880354,-0.043776167790304334,-0.16084534848002716,-0.1269925380341562,0.06699083235963808,0.6072481018739239,0.021351185902716896,-0.4683205885325664,0.5254669028259348,0.35716456057432305,0.3813081520041567,-0.32091503549196587,1.4087926882986304,-3.0410670491728484,-0.4464146617534179,-0.5614532243820984,2.3964951781751327,-2.1988141584938288,-2.4515715851316378,0.31833811801971346,3.8719559505160697,-0.11709207752260538,0.2387396722379991,1.1677759137606347,-0.5635642377619674,0.8225661437820545,-4.3285796884235594
user_555,31.51559296820252,13.129524738570412,-5.589842709696173,2.597368398566926,-0.03338456175969491,3.8420127602570604,0.24269298602062758,4.92414046335556,-0.02101509375979127,-0.8383812870493966,-0.3935321184869137,-0.31429646722616705,-3.6073194786138103,-2.0243902113090724,27.832867626090064,5.508500585148308,0.374232292238009,-1.9957416544616382,-0.7349611718469723,-0.49044761406801346,0.18116930388697142,1.535146043785237,0.3719233959475046,0.1686828922375235,0.1883404991506681,0.7995432758941042,-0.45423065990762135,-0.3464628065355383,-2.62096835852576,-0.5634946281957488,-1.5891626124598426,2.8787083607666912,-0.429601902199914,-0.7644084423261139,1.0015364390483419,-2.944266277834616,9.861984276076166,1.457278641344143,0.10029797914996856,-1.0054217190955343,4.786959286983544,5.160639081693749,0.2398492462408907,3.651592203516365,3.897463957342752,-0.21758682311568642,3.1772588403849555,-1.9719964358946331,-1.9070486331826448,-4.682654795008471
user_557,27.695093327363356,27.89367532777272,-7.973568261960239,3.090627010512601,-0.2572241458681949,-15.716866021879651,-0.7366749509786437,-12.218427850453997,0.5876156270763827,-1.6975388942777794,0.7337565587753828,0.1478244154572928,-0.30741120763195573,0.5002640889427924,-3.8799455656845194,-0.675127591037517,-0.07509292813134125,0.10256508754258574,0.0367542242269274,0.027453701867755344,0.049859916570313426,0.7566943354955521,-0.03804603436034196,-0.05197787578834355,-0.038975711614821336,-0.17932387775495826,-0.10036180107274531,0.037417244464989924,0.42639659347189945,-0.08609390193221246,-0.4865404588394736,0.7263659009906077,0.21119787473948604,0.27696363790434586,-0.2718989296207087,0.888134268605238,-2.4910254314326883,-0.6180372295560841,-0.3952158687261839,1.8305988371698731,-1.695249455163972,-1.9960328086874197,0.21819540973182147,3.597329580590037,-0.005858682230040207,0.34821985086418433,1.0269526731955982,-0.2877197736173775,0.8170408385772291,-4.194172246093928
user_56,-20.43146983206966,4.038090295010135,39.77676895027612,17.196173304044756,8.860322819808818,0.3255173796574463,-3.6208449033801067,0.4010233078641046,-1.684800580322889,-0.297130290498639,0.7426695397291445,-2.684184777255112,0.28577837883540147,6.813766485599388,-0.7387013635316857,1.4777706200939826,-0.6002294127548097,-0.26132124281479824,1.3443619169669985,-13.729153933038056,11.335356459462584,-1.0488183133192226,12.495127555789484,-3.6199367188383125,-13.432437027612687,9.292027777459923,-14.830885233208212,1.8250770149663862,0.09442795426670668,-13.221122192770022,-7.429864543880883,-7.390083061648782,-10.793010676016243,-6.781284071042506,-5.584816976805642,3.798830087124507,4.304136951699413,-3.1835208863572366,1.7494947300515629,-11.145862708260477,0.20671807209997314,2.3804709277820297,1.9005076044694988,4.52206292494637,-5.687120069339044,1.1118728209594477,-2.947155922741419,11.459069750847938,-0.5506335505618585,2.800391819515755
user_560,29.105876878220634,28.31203098991797,-8.367284373426317,3.4526962203804623,-0.27289072102936374,-16.011028134633623,-0.7903401561730252,-12.244953209914598,0.6152719174599578,-1.7637514706155482,0.7843588604519418,0.13891875098594397,-0.595987502631579,0.556878809236103,-2.7314170920403127,-0.44488417960023685,-0.002419921743273051,0.30029104416418645,0.14842784762939001,0.05854723121840261,-0.20054170957131565,-0.39761344686237804,0.03164895111801999,0.019064425396743915,-0.02575005208946749,-0.1310437231736809,0.17561275811769098,0.05526781572502566,0.300145946005718,0.26355966892856075,0.5713106972520136,-1.0938855635699811,0.03228028727941745,0.0786233104280428,-0.06827093167347646,0.2539528995535428,0.7617353523934799,0.4287197424936087,-0.22669367916381586,0.48350774683391634,-0.16736538965889253,0.015507448848914359,0.18646706478781572,0.40337585923099883,0.5027277082672055,-0.2149883596666031,-0.5646193858022927,-0.13368262818936996,-0.6235790706336365,1.3510989268014155
user_561,29.554857955200525,28.622207912975508,-8.537191235771344,3.5619253325639795,-0.27578348676659864,-16.21980462107599,-0.8144030509616308,-12.528390907823352,0.6372338962468795,-1.8590986315427924,0.8238917552622145,0.15453286936089605,-0.5813571206862624,0.564808225881811,-2.336722784252077,-0.35694693060129434,-1.1977336092675677e-05,0.26023153744649974,0.13000900260588236,0.04452184713989982,-0.20914142648600112,-0.38067286484408,0.05775063149606957,0.02269048179854691,-0.019025138826086262,-0.13919524605081304,0.15947018514653502,0.07709529640079398,0.26385874974092816,0.23526402335487895,0.4688918907901779,-0.9406228424950829,0.05275412576974952,0.1298785860503062,-0.06746157883837041,0.36402954452569963,0.5597748244094458,0.38960306875880407,-0.28358765679295445,0.710742725471502,-0.3513372032658674,-0.17394671560873115,0.18273909140863345,0.5103768275728598,0.3981980822723525,-0.16278761495108265,-0.44468873492891664,-0.1349657920607824,-0.5746497994249101,0.9869726526926211
user_565,29.629459196526366,28.73647857373066,-8.599204326886223,3.57954339088021,-0.27162453272047765,-16.269766763872834,-0.7970665187944797,-12.410622715685983,0.5804124838344566,-1.80096720512827,0.8165177307463541,0.2092257207311081,-0.4507208588427749,0.5893524643461423,-2.946396596991804,-0.4188617807344208,-0.06145274237807318,0.010495590912079106,0.05487934815289803,0.07180409582275496,-0.22341920690352854,-0.40940173962138476,0.034669970433833144,0.04588922718973531,0.12037151713247832,-0.01792700210955126,0.2325111823290564,0.009804365863913327,-0.21309849495896666,0.05186965793106408,0.6163007616564726,-0.5561022886034006,-0.2385341642832289,-0.16819287752339732,0.1479165649892343,-0.7104687357139975,1.012787015227482,0.020946005132823204,0.3133748237020431,-1.222964956006989,0.8292328665518297,0.8313532991492055,0.10633513736501254,0.3850688636996465,0.9701009698768751,-0.13027692440543867,-0.7363373750975436,0.39528760501372195,-0.47095960726314495,2.4993920547345665
user_566,34.85017213653317,-13.728476608454727,0.5064436086427181,0.37495097226685054,-0.0303791556878668,13.484528220776049,0.8009743655541106,-12.509350626808603,1.3529265871990104,-7.360677810400485,0.02521296243099439,-1.2539123506817182,-17.74764417617359,-2.3013326976059827,40.67375100880344,7.604746271047754,0.8456570274506318,0.6009297903372413,-0.292490497991861,-0.6930241819714432,-1.4553935513081473,-9.037170230840097,-0.1854342731855963,0.5180645717720032,0.2879323933759272,-0.7244084927857967,0.4110314082480244,-0.9243074127311924,6.6232151432726365,6.004522474706888,17.999844192673056,-29.144161795021137,1.1965591466965222,1.4966226581968913,-5.837496696739126,2.8465616209371767,-27.163461365741433,-6.753139648297789,1.8533399102906958,-4.186677540943539,-1.2136863511799834,-1.525495396114936,-0.8005363769619758,-2.1286275178650085,-2.224599594123261,0.17565127855869994,-3.0907860908726374,1.110495622593263,-0.6286741115282029,2.1541653800306637
user_57,-21.287865092462724,0.11269808465179441,4.9131702760574125,-19.979667844752534,-5.048923114064534,-0.07436174684195913,8.393840770837633,1.0903133611948128,0.8595763525562417,-1.9697010598319942,-2.9467403988137115,-4.922694739496958,0.0017756408088496196,-1.5395277150807305,-2.0524500860783883,2.2593675442066936,-0.04085550304329039,-2.2068343813360807,0.3447346739357374,-11.026953601929089,12.43839254479538,-3.2885646488088707,13.897644216641963,2.805747360254577,14.168691013451532,-5.444847034586212,-9.328196275960625,1.376575795286194,0.8420733134967496,-3.58931777038665,4.448045461017388,2.224550024324607,9.786949075406426,-3.4451924554733933,4.210554337913185,-9.752666831349357,-2.489373647609829,-4.847798604221349,-0.5906404953193108,4.304667927202641,1.411896740861597,-1.0294325932952058,1.9496945647894766,-2.471377092699173,5.662624752196277,-5.088889468250966,-0.6855941180098648,11.713851593662469,9.189323157688163,-1.9224672085853622
user_572,29.115401379808006,28.43484990184175,-8.416219718769705,3.4642681326510862,-0.26867022319902695,-15.915061380651357,-0.7781529287638336,-11.91969967420984,0.5521861912801481,-1.646572755262816,0.7756455807395221,0.17555654887798625,-0.3230986124727093,0.5958292519282731,-3.6269626467111644,-0.5738376961418854,-0.05148040049420716,0.14500471141269533,0.11422328527045274,0.06903157353794229,-0.16460264727087057,-0.28274001156045014,0.030882221325191514,0.04609999847536332,0.08456897900681959,-0.04542353541812225,0.2074069207464237,0.003529443450704621,0.08602110697620079,0.17165497505114086,0.659964165225188,-0.857569963154496,-0.1251431521885373,-0.07218140945127018,0.03708085772941831,-0.23059896221283266,0.5991930988596219,0.18463835428799086,0.12256015925177874,-0.5865168522334143,0.3605982956418641,0.40278894700674256,0.22007351797150723,0.8873869942084561,0.9897040409249532,-0.2298359279655504,-0.6902722913995382,0.1424725538496043,-0.4416085957383625,2.2571835529130255
user_574,29.188142015702393,28.39470095990086,-8.41021947173833,3.479311019904303,-0.2691442508620111,-15.834179993579175,-0.8032519902272373,-11.942005842177261,0.5788953491859189,-1.650556079302755,0.7764670165768051,0.12039599794098362,-0.41887891693298124,0.5835911531836858,-3.201480403269737,-0.530414096926136,-0.009026079590633064,0.3880054261632895,0.21725518702559155,0.04817911332985519,-0.1541188267962221,-0.24749408584429025,0.09607752663854474,0.044379465404623716,-0.01765210117666314,-0.11476250463051901,0.13659982981052918,0.07217098533209265,0.4668930429617828,0.36119065759225566,0.5627722347615145,-1.2455358476917504,0.16682565426277615,0.18932740533121756,-0.1309229640583876,0.8057735276733186,0.1148528588717496,0.5863163513013816,-0.3887548123608718,1.11841922929236,-0.743163994540453,-0.534149672818126,0.3028630925234788,0.9535176308114002,0.4638466238558931,-0.31533629335492275,-0.40113631840802516,-0.39720460547505315,-0.5540196408084955,1.1714652110334296
user_576,29.538632522132367,28.614661501416407,-8.526004636257248,3.5635875119706397,-0.2779473719818427,-16.222559005771718,-0.8263233395402164,-12.581955060886102,0.6504966013538648,-1.838167662620655,0.8281845776858936,0.12341155263116184,-0.6252496325140467,0.574023351299804,-2.3417184488283334,-0.37038073787847847,0.022556541231111064,0.3611021951180544,0.1773910323827797,0.026761696900955704,-0.1934970106350029,-0.36978748936787065,0.0777083831416593,0.023862885985689777,-0.06662164291895682,-0.16930364688888067,0.12966581053786322,0.10984214574549427,0.49681398649765385,0.33924969198136395,0.43741982927287787,-1.151224798404372,0.19774262853854102,0.25386086947606795,-0.15204282232037727,0.8735201642952095,0.2681783692366385,0.5742909248208646,-0.5347343156565405,1.5004119724480471,-0.875899669651559,-0.6177878309418229,0.23775956257513267,0.5475004320589703,0.15765814320576013,-0.20747388352249158,-0.30805770971335644,-0.40182998720761065,-0.6245396218101474,0.45598741656733643
user_577,29.201498575596734,28.44889145503845,-8.437468471094498,3.4737301567991374,-0.26640330386038974,-16.048872785731614,-0.7734674474183788,-12.112055421413368,0.5568468140488335,-1.7189199960496342,0.7745640510763027,0.1954407216490936,-0.4596844180411644,0.5764184729951264,-3.2372981049388008,-0.49549404915115347,-0.06784058424641012,0.06546054904347369,0.07419289900567379,0.07945717948139476,-0.195787376382006,-0.39238019696842524,0.011687494758216956,0.03885857942502922,0.11102652717002177,-0.013247938433719183,0.23086935348207954,-0.0072473844075660295,-0.20181622903078156,0.07163983458139096,0.6728375955092615,-0.65328789636179,-0.24654742363730597,-0.2066871473292026,0.13959230393247232,-0.7847963837091492,1.135734549156933,0.043018988472684365,0.3528520066896636,-1.344692217119452,0.935587456570243,0.9306699160598579,0.09878321043762836,0.34971280619952055,1.0257199695198853,-0.16047254371971323,-0.7968902850568934,0.38157271663632936,-0.47800395283302444,2.6785595550881025
user_578,27.78081147799189,27.90855094019734,-7.985938549787772,3.117480961939294,-0.26010933371445083,-15.700511038373882,-0.7626426887651018,-12.28795356816513,0.6131846406139472,-1.6676150842878366,0.7461099754302962,0.08947988897656839,-0.3777827916366938,0.5169107926090298,-3.786877792833603,-0.6837792485902867,-0.033214437004260806,0.3073485526917079,0.1301607295520871,-0.007712448458567061,0.07886368168600759,0.7975054486813424,0.009343507726631943,-0.04844534213759121,-0.12972721055686962,-0.23902372562348725,-0.16236316079158714,0.10008343000836438,0.8763192081117036,0.11882903007541133,-0.5515535350298983,0.30742432828510263,0.49296766171208267,0.5319942390481474,-0.4380764140588409,1.9142189280069686,-3.0794575831386366,-0.24643593664007948,-0.897968253537127,3.4295805688953127,-2.7587093845717385,-2.9013639790854153,0.33102413093863503,3.7502866342690266,-0.46158538242637864,0.24934015713115587,1.2896417007561343,-0.82100518421341,0.7194903479629173,-5.215793320514986
user_58,-19.97856880452767,0.5352607163285065,21.754458340519857,-1.2810995664499532,12.982046426004057,-0.7996486556138187,-1.1389740125379058,0.38633522217150074,-5.913142885837431,-0.06183314172307236,1.662778412315171,-1.776326844187265,0.29599506005805076,1.8776147072632834,0.7379390928193785,-3.172228339130289,-1.4995752600587997,2.28376310505044,0.6745361960954245,-0.942272619745062,9.429263951672619,-1.2583280111773703,-0.784910375700637,8.430226986638498,2.370520510747688,-4.179053114744807,-8.83255854746564,-23.470622225538648,0.8182907250355612,-1.18548247681373,-0.6117116175716943,0.57172376342849,11.178876242754214,-6.537872717111762,-1.6145515267433166,6.141701246865032,1.7839886478949354,9.097074523211376,8.987316093477883,-7.373629224886099,-1.8106389914608558,-9.749962328177853,-2.793374181683334,-2.7124042801802637,5.8917395258001175,4.697290224135859,3.168954598518484,1.9686511048434165,-0.37795449683706134,4.935568386722769
user_580,29.10972632671194,26.979052030016096,-8.021711193366613,3.2726007759801026,-0.26453345039658,-15.627824656757861,-0.7661414669985358,-13.637981347073763,0.7456165191835464,-2.4763732363376536,0.814392673419244,0.10861129324769024,-1.4162657769839888,0.2753872538920213,1.9861690666150964,0.4370188313389508,0.07486762324346842,-0.061201162731751496,0.01715596635107982,0.045997999304097426,-0.32654265594330084,-0.31340908302058,0.17665922506512594,0.051342590114234914,-0.011285540044553833,0.14965818188735688,0.14641822391834033,0.3353591790632502,-1.1723973938471193,-0.2105211798819574,-0.5652872165897165,0.6067054172179435,-0.013780955992906945,-0.007923081550122509,0.5526855193346129,-0.4195893787334627,1.741872204207892,0.6790696030442742,-0.15092743447172516,-0.5353090216100874,0.3011465396921895,0.2053983225416123,0.7067590652249979,0.8985665673334334,0.9513758923602753,-0.43911681757857035,-1.674795137290796,0.8025520303200369,0.8322822744289834,5.991017955315846
user_581,27.74506469363358,27.981323421571524,-8.013545492690836,3.0993755984547637,-0.2540071625821374,-15.885596605283519,-0.7173284230196644,-12.332542245149552,0.5685623450367775,-1.7235034729096923,0.7349305768511377,0.20043992972860836,-0.30474166179114814,0.5112787750899731,-4.051247503412678,-0.6773033346332199,-0.11844033184078642,-0.14204833038814874,-0.06962816295972636,0.03465817316457951,0.056025735434730405,0.682600852940761,-0.10684393339167654,-0.05553326320658691,0.05847547461922338,-0.10410371534633492,-0.042372700392820775,-0.017881504565610218,-0.02595571879498954,-0.277755773765725,-0.4191485202383835,1.1527233612639145,-0.07548515908778425,0.0026037293002448003,-0.08851421323474036,-0.19754600992529217,-1.9138112968551952,-1.0296017163412583,0.11402623899536131,0.11711732823879573,-0.558438552981361,-1.0381164489908326,0.0883342344329797,3.311320524190191,0.4030037277879608,0.4653720339537099,0.7619047317234646,0.258291200686102,0.9160990777619967,-3.191885480294708
user_584,33.12758593939152,8.464330306461719,-4.646045522248891,2.5429835138665653,-0.1125853653328282,8.194342781964632,0.4536670067988685,6.523468319222051,0.11365116056553401,-1.4853457516695479,-0.5188436323260351,-0.43587307236050804,-5.077330430786924,-2.760228487709596,37.65051267233099,7.356678852956115,0.6068137509185252,-2.4441494206257746,-0.9521659432701266,-0.549754352541581,0.15578016170097192,3.376512585074237,0.7066076208912659,-0.0029244909991679147,0.33068394886999936,0.9498152624917143,-0.10625004676006776,0.15793778112460538,-3.2326931041299014,-1.438595836709735,-4.044345017870038,6.516768549048705,-0.6836700752501386,-0.8174421466219843,2.012478778261779,-2.75300276489046,13.095581717271235,2.8197075719253766,-0.08239141240125396,-0.3168985869765402,4.058148990995045,4.786623152393091,0.926295720543466,3.7745983004374115,4.272633012357767,-0.8134602751317398,1.4881870335450131,-1.823320236063821,-0.3127324561117375,-1.6932263481364394
user_586,28.74905998138477,28.19325840538646,-8.273100343399058,3.355964174455856,-0.26688515730807993,-16.07621808419016,-0.7415458987747516,-12.237911294841641,0.5753110933735881,-1.8004595809658595,0.7602080690812288,0.21453252444388077,-0.5364418271302724,0.5288548568109158,-2.951636288554521,-0.4469751847195798,-0.06301860957052291,-0.04529030725919051,-0.012064614616370144,0.08294614406031423,-0.19475510715746303,-0.46096758086277806,-0.06835705758486671,0.016965742954289056,0.12071848314400382,-0.0226761960052203,0.24533636104708412,-0.04779337948982685,-0.3505823590845667,-0.04297731050731304,0.6242201242662424,-0.39533532476840766,-0.39459146928725947,-0.31330815899684034,0.1823651710157726,-1.3131447905800393,1.6234740746287912,-0.16695740502933495,0.5171058574599587,-1.8995897300696496,1.4125826940061221,1.3523910541410795,-0.0025605803891733357,0.14827681225295886,1.122982915471131,-0.03226749836129781,-0.8809916994811225,0.6570819588692338,-0.44473347716820316,2.6033013084209626
user_587,29.448437480919623,28.530179440465577,-8.501174616372975,3.52599135080591,-0.27351864012610827,-16.295671179344904,-0.7858179409043977,-12.57640942002561,0.6141326405747985,-1.8926643103214367,0.8138749833502562,0.1996201280055136,-0.6099300834992636,0.5544143162157211,-2.37205830827233,-0.33388369283479713,-0.03469388413233435,0.041117614541753375,0.032945673817787215,0.05930679609647282,-0.23441908024586908,-0.5560517025129389,-0.007722977881966358,0.029259307122280673,0.07919481676614297,-0.05739775988706796,0.24244772047668478,0.00648957588164703,-0.17577869941301663,0.064548847392831,0.6195465925886428,-0.655059062106355,-0.2589940547252713,-0.16855028979723302,0.1321085772847442,-0.7847209578333936,1.497906684153141,0.09627884912280973,0.24545651458658102,-1.1075965071768976,0.9199488113014563,0.9867149678774498,0.05216648737770819,-0.06408069170581673,0.8691910167211041,-0.10052266423635134,-0.8389876495483872,0.4212402687592803,-0.6243190890079451,2.423549001182661
user_588,33.36813046129246,8.77586082681985,-4.817591192570833,2.561177895547974,-0.03428899781475392,6.855994001571817,0.29501945204473834,6.298620869106209,0.07614833328068087,-0.07736995287296744,-0.5571857162157334,-0.4785107813852351,-4.876126619227412,-2.605905553072657,35.23233178392175,6.814257993036213,0.7661127559541052,-1.3482585912411047,-0.6981350642450185,-0.5620232103319134,-0.5624792249914434,-0.7153357388003733,0.9552301294754257,-0.06531033590467591,-0.22057488353591018,0.5806738121254095,-0.6826129671791442,0.7470747023947253,-3.484056757841998,-1.2803333728151278,-5.099917368099792,6.1541010020505595,0.41257493262612466,0.6391609358837718,1.381484509382518,0.11209753670838497,12.408466207900371,3.2141123083782284,-1.7825516754220982,7.799451356865137,-5.081020757382676,-3.677975529878049,-0.9382620952483491,-0.37468312312434043,-2.514652301977568,0.8342522642825704,0.3459239787435012,1.0578455433867402,0.5126592890009499,0.8479465566793325
user_59,-20.918027122114808,-1.9556307530205799,-3.169042354498032,-22.38384226232251,8.751859390251731,-0.3796210120747506,5.229096902955386,0.5942493087490993,-2.053120456173616,-0.10580573413259203,-5.130172748521614,-3.1712728401498484,0.36826962280883146,-5.5492654691446015,-1.0940756690032631,0.4807191683232029,0.8273500978788371,-0.43572957742223484,-1.3171093142671182,-2.5690515397363827,8.844926926772764,-1.409027820314525,-1.3217420855559385,1.6023670399987233,5.23329920315504,0.9410553588504913,-0.4471044999335075,-1.4299861613419522,0.6203603012966978,4.008611847730781,-4.26681923013565,-1.8330215654681754,-4.4333955864176815,-1.6122971042454506,-0.19029402211735152,3.3028623765671714,-0.3966376133575004,-1.9708372832248207,-1.4790772408685122,-0.5092059611176848,-4.54491283987144,4.177947999849159,-2.14610966256025,0.056550835080268674,-1.6058283253053067,4.816278458849243,5.166703459464633,-1.263168210828058,-0.4956051532389122,-5.5889181900015705
user_590,29.077170513383674,28.334294671164706,-8.3694064292223,3.4457479603245655,-0.27021183675482036,-16.048370222206106,-0.7777215267194562,-12.236655134229585,0.5986120315989195,-1.772129199456925,0.7794462953371656,0.1651297600095252,-0.5658445409438486,0.5626015396192983,-2.841768630763338,-0.4578446360226501,-0.025976997564214246,0.19898921375086837,0.10073515420837827,0.05366784795125028,-0.17598745795049325,-0.42979574141334365,-0.00440992736891692,0.01937201275573591,0.024117839453535957,-0.09489079920094802,0.2002254390201807,0.02641113464735943,0.07863911431827977,0.17426036762443048,0.6030238834181245,-0.8906586611764016,-0.10743740281595915,-0.05769918348427914,0.017252265202826585,-0.26784585975612735,1.0326300087260332,0.23913638687154806,0.021754373795324484,-0.34010019071998104,0.37760773865523456,0.4750661975829083,0.12720746648029332,0.29141125123549444,0.7204300540902477,-0.1571292892883253,-0.6978720760051941,0.134042654240658,-0.569287211204204,1.8702832275505465
user_591,29.709072352517865,28.723274179341225,-8.61400578055453,3.5944377478851437,-0.2699873403766805,-16.26525978292862,-0.7965259578024306,-12.407087012743318,0.5765601450278599,-1.807587606062669,0.817601201843977,0.20618071760229012,-0.4751967047881124,0.5941642115867529,-2.845077850213786,-0.4022773806550171,-0.061737613120311334,0.01530673791242247,0.05558445237616039,0.056921529028368154,-0.21234135623599948,-0.4782515637381557,0.030044136639400185,0.052411838517697845,0.12862554329060852,-0.005589820148948813,0.24451092508156208,0.003047499902141609,-0.22995469959144402,0.07423410491462985,0.6743104596011422,-0.6492046584178657,-0.2637365414662374,-0.19352107345620104,0.16973740391690975,-0.7809206915328727,1.2184022112029385,0.07775151644672607,0.3343862707389772,-1.3577372127099594,0.9528515157215197,0.9772978769371806,0.10124929848692651,0.20176333893475054,1.0193417830052753,-0.16311967291870533,-0.8462921264756186,0.41966337735115167,-0.5592832058607916,2.864204250307519
user_595,28.923891762267672,28.21115534110967,-8.307100644905221,3.4003840473566487,-0.2686927210118708,-15.952777821689265,-0.769282196528713,-12.152175566008374,0.5933956637677233,-1.7772864949209541,0.7695973066050189,0.16452361072085492,-0.5370824957405205,0.5405733620803062,-2.786688009822094,-0.45079032650085854,-0.024650746780121833,0.20072293972264538,0.09427688398182302,0.05518548752257388,-0.1671781241252816,-0.3854460288756931,-0.004289324221521578,0.023951255317947322,0.03126217963653432,-0.09387777643949292,0.18382352764294524,0.015449799785736892,0.08583023773144667,0.16103444418675375,0.5607246289994032,-0.828816394356532,-0.11086738962639599,-0.04333989668265405,0.006058727524344796,-0.23265815824077388,0.9980455349190559,0.23276205003473616,0.006779670886564414,-0.2164627934613563,0.29083843210363336,0.39042065234037415,0.12685686894706885,0.44157946839655987,0.7178832455141603,-0.14289656031986223,-0.6300950499098227,0.11481598352614018,-0.5301159865367029,1.6575045451360393
user_597,27.980632657937875,28.076587854179138,-8.080833022218775,3.17259203768852,-0.25612009989021584,-15.637023088327688,-0.7688867776133379,-12.065977800311632,0.5694401445952191,-1.5684552995224679,0.7476460874425604,0.09580371658630732,-0.20697329815231255,0.5590134206460208,-4.359138673253412,-0.7695986227107785,-0.061574077274969906,0.2729339754500575,0.14849262066108354,-0.01586533525474197,0.11464962038714412,0.8863240279142246,0.041237349865077315,-0.022061885100300632,-0.07244184019918343,-0.1824570857009215,-0.16013622963762797,0.08734612414338419,0.8423762354697117,0.13263609862844108,-0.4872626412525205,0.3043034592766797,0.47773486128971826,0.5042349614493408,-0.40182439295924927,1.9154355162645458,-3.3855597059092557,-0.267537219066345,-0.8030329679422482,3.1532369420759276,-2.720966745309979,-2.907672415679842,0.39449635285142975,4.107213181821624,-0.2575920366345376,0.17694259685122263,1.2654815650832565,-0.8144239390031168,0.792087664603487,-4.721121966780589
user_598,29.64573042383684,28.72540184732204,-8.595819519468002,3.586674413169938,-0.27166803779038756,-16.208015354899725,-0.8066820767157031,-12.36307925337042,0.584348831673989,-1.775402950090798,0.819140043956503,0.1813071867463659,-0.43999027041632804,0.6012070867721613,-2.9657866684624414,-0.4397453530054196,-0.04326057179595266,0.11954807475839159,0.101500085907655,0.04385626372751371,-0.1832258768590021,-0.37576681059218303,0.05410992735406477,0.05205611371809746,0.08348946377565704,-0.04501033722894281,0.19876784889165025,0.034724719699298474,0.01999535614871071,0.1614567094443948,0.5896856133648859,-0.7760718568384917,-0.10554903550230728,-0.04287424862296585,0.06193076301924804,-0.18962985369693675,0.6881383711972895,0.21261707140327935,0.06426598921650424,-0.42674948193076795,0.29006123288774993,0.36744915986711624,0.17561901234568486,0.5545248776726464,0.7927443144299616,-0.18564473940166668,-0.6213108550704489,0.13428661022407337,-0.5083417965764905,2.0544829804354223
user_6,-22.921761742460358,-2.77970754941093,-3.969188233398951,-22.682221854592886,-3.2778727693895044,0.07739521005834718,8.0842974002864,1.372715243152557,1.7800915902770762,-2.2247678824926918,-8.099547916403997,-4.783707011918395,0.0202120829270959,-6.221952932527509,-1.5184985075966901,3.310646632588525,-1.0313659489632299,-0.836938435543302,1.4762271889223764,-8.761963678313442,14.77603351468552,-2.049931051747641,10.485380482451673,3.887673008220833,8.132201229279474,-2.5156084652221926,5.325215518370733,3.0280075016735215,0.42579448221325494,5.078867104634645,1.8824508182117317,2.989851626255309,0.3031990940341865,2.8562016157935908,-2.5639647018395273,-1.6129351408658774,0.38213383706308424,-2.258916287078663,-1.3988887309262854,-4.779945299180631,-2.061456009266438,2.838397631246867,-6.208298634009796,0.9526725950676503,5.418777831334594,18.225873249727453,1.25743400825092,-3.533763865976716,-6.217832594370242,10.833081280246123
user_60,-22.14516423614324,-3.2587714448107095,-12.212928883842503,-30.072579532585692,11.950475548647917,-1.1556430342375943,3.1542890395751004,0.35960795983564753,-5.350618087649697,-0.2766703436070039,-4.346099492961794,-1.2646796818671886,0.5375619039505971,-5.041022214335011,-0.8715178259880973,-0.2354233401387793,0.44271360714369656,1.6112040604800848,-2.510282358519465,-3.7856222504509645,8.050721171124732,-0.45697934514099875,-2.153613870523028,-0.40784108081076875,1.2709023122177001,1.269087207253251,-4.861536728943284,-5.904859136891177,0.4787207870024379,2.3304667660231915,-2.056083910548766,-0.5500454826926221,-0.5236602233479447,-2.274786613038078,0.42944709335392106,-5.070271101315546,0.3968558273670875,-2.013216564052441,-0.2522609408581738,-5.748113789480315,-2.4724883820550008,-0.035458105176759874,1.2604939595707914,0.9872293992041605,0.00285372990566178,1.5033278941323032,3.5377505647711183,1.4278354264424356,-0.057856734733185616,-1.2609779603929119
user_600,28.481111332494482,28.378779740613037,-8.26196004238533,3.2861675968515245,-0.25776748053453175,-15.965680651855665,-0.7845758810088088,-12.505643303355303,0.5893619543034448,-1.7100316316393755,0.7890906349903303,0.12837248162590104,-0.29453670754206684,0.5625386138900067,-3.7854811394278327,-0.6373343134553072,-0.07499830910691846,0.1361676237283367,0.08550902386587504,-0.03110437201383342,0.08922463499954666,0.773110720365103,0.0357247897136139,-0.016795341976296417,-0.025749637170811197,-0.147935178948477,-0.1391480064588341,0.08546424296789618,0.5687441798008285,0.024508407141760682,-0.5224583167876358,0.5894397498965661,0.35483661491486757,0.406685925589754,-0.292002848383962,1.442658105218697,-3.020321024783002,-0.43015669570972015,-0.6127069211050279,2.5022488614838485,-2.2561894798804754,-2.4845073532797404,0.2970306353200162,3.7018002295490677,-0.22377848873694328,0.2669610834144741,1.2034204216205486,-0.5611469431004799,0.7729924410495268,-4.422875946168237
user_601,29.09533505776706,28.402576580302195,-8.40409246575517,3.4482495310041337,-0.26325695021085554,-15.946075191888788,-0.7649467607644723,-11.95812912933535,0.5397013390103687,-1.6953492491695337,0.765821606509696,0.19811859604095958,-0.36337843026619315,0.579644229388898,-3.394689295510602,-0.532173989456549,-0.07387432569404202,0.06505677245441893,0.06749779222708706,0.05906141449982437,-0.13826619385116,-0.33602229256254956,7.495936451085563e-05,0.04544118013643947,0.12895720170523717,-0.007313030177502522,0.21516706069088243,-0.020918925464607913,-0.1857942200247362,0.07504663437076563,0.6518823573383499,-0.6178584326218208,-0.2584727360485813,-0.2046476170616204,0.12799349870306118,-0.7567694258002573,0.9951040816452593,0.02039497965754643,0.3516846940151034,-1.306948732575333,0.8753577756760769,0.8477976383978902,0.12101192914800495,0.6241016729425856,1.1042124787466316,-0.15342523301279223,-0.7774578559269909,0.389274102921015,-0.411708939102743,2.6327998987240804
user_604,33.40697317245171,8.744048343939856,-4.845601822556942,2.560024867408438,-0.05600017349342739,7.641273790157929,0.42926547709684904,7.09766977972357,-0.047044159295349455,-1.0274018751526974,-0.5341337207122162,-0.35480585676396675,-5.07700063594818,-2.5992380329140166,36.44313028848689,7.118946346934116,0.5280438103832481,-2.426645352144165,-1.0679593666731462,-0.6208150840391381,-0.12307374723094132,2.103036071869185,0.6344923235697636,0.0015534867431504253,0.26751886784407264,0.9311721374523024,-0.21054375043328183,0.20787556622785996,-3.5102329997320685,-1.657598231234449,-3.807632913519167,6.4469335071749425,-0.8375930036486292,-0.7691991218307009,1.9880887394893396,-3.6236606858855804,13.343685487565464,2.103993217026089,0.13918781390530624,-0.2316972259186232,3.2370363706914413,3.9174146570237274,0.07481859955659514,2.4952943685599105,2.842129843081599,-0.06016907066871507,1.1809902923669584,-0.5254892177464878,0.32533996857309566,-0.4263373849278195
user_606,29.529042623767072,28.575358719503427,-8.524087254540339,3.5495655452215518,-0.2720886100319422,-16.22435210442181,-0.7986228767168373,-12.497527907289866,0.616656880735656,-1.8724216402131755,0.8156060152226096,0.17709431445803206,-0.5749180225317092,0.5670386558957783,-2.349634439528652,-0.3530597675626162,-0.020935601311986195,0.16452957576239124,0.08331014475833909,0.03177377351738869,-0.1825910201379073,-0.48316659467994155,0.018033453014546137,0.0306478624736334,0.0386069999887769,-0.09230895713321613,0.19767335710828976,0.03933412800104928,0.02948286675502174,0.16480337181791108,0.557625075517009,-0.8260107552972006,-0.11263889899790096,-0.03177970934249444,0.03727809789220619,-0.22740495737187938,1.061913274145594,0.2626946509199493,-0.013318675024714054,-0.2348282220878239,0.31346855615569963,0.4332087275075104,0.11797262989237477,0.20701007927964446,0.6641750520384591,-0.1355291138120522,-0.6799284910568418,0.15549743029549146,-0.6109423152773671,1.847387047202133
user_61,-18.975102312180372,1.334555977380424,17.07113632459307,-8.641408125380778,-0.17482038193830796,0.9440616194892165,0.261412828404027,-1.7170594551092548,-5.1197470007257415,2.079444042200259,-6.985798061235316,-0.06768023597946524,0.4137610529921607,-7.0929739212700245,1.729758530169356,-9.25745760666284,-1.8502115227990836,5.750038826137815,-2.2670509046314384,-1.22032066138479,6.471359122957342,0.8653526262161878,-14.369555091032984,-6.820188542231493,-12.767994149575092,7.667476093435275,-1.9827794523421565,-11.362425794886423,0.13558875216204178,-1.6436437325838311,-9.27587010681454,-3.919092090631519,-0.9713099617968791,-1.7125126900048784,-5.860478981880515,-6.527432095995891,-1.1789040592053366,1.8676997108294848,-1.6105550214698643,0.3351398606831189,-8.032505807138378,0.2570242769174044,1.7538978953675797,-1.984057077707348,2.3278610953915284,2.7970102558249694,-6.000210217496142,-4.125819332346804,6.265817316800502,-7.4106560611626335
user_614,29.658811839341205,28.68117551544095,-8.591185579493708,3.588280852890107,-0.27071505174247074,-16.140870636065767,-0.8023547990456519,-12.254208570144748,0.5721508660172712,-1.7523317820091864,0.8162728308755591,0.18210861561828265,-0.39203730574638335,0.6118379045488264,-3.077717442523036,-0.45929020244921953,-0.04369507446156139,0.11364948792101812,0.10014104260647912,0.032767451156547854,-0.16485541238301268,-0.42365864890129523,0.04566140076630389,0.06288484587458405,0.10185199115290049,-0.03277638525045264,0.220030483380201,0.018901796446876465,0.02658360842387393,0.18717186171208997,0.672884820068853,-0.8865800619793094,-0.14456315887146506,-0.07435304516357462,0.07910745917785317,-0.26293739668591165,0.8364176267039111,0.2598896417256171,0.10422546932086202,-0.6247435985438458,0.43203533506767916,0.5193776833662498,0.19844722598186512,0.5167282758479795,0.9376108709344978,-0.2288452222599622,-0.7664451957385695,0.18088156227342844,-0.5748637078569198,2.542689063555132
user_616,27.89644852148388,28.050924220300537,-8.061904097309855,3.151207677852061,-0.25399877646775165,-15.619246566707133,-0.7525102275913285,-11.981303189098753,0.547235187805973,-1.5592081423912205,0.7407028704985847,0.1235870749454418,-0.12797272718150016,0.5654586069579427,-4.601882764614069,-0.8036877044802639,-0.08421409734781408,0.16094107162364688,0.09685023420970731,-0.018492846409575766,0.14216105948035931,0.8723429834229777,0.0021974471594333874,-0.016008156978763257,-0.012493059268553026,-0.14423257284968602,-0.13033720813610897,0.04861554744120043,0.6468741789113351,0.04521530007400121,-0.43947974988340066,0.49713590600052976,0.3244330310006399,0.3667796032228794,-0.31926869416710296,1.395338339642451,-3.1421475195989537,-0.459717396438194,-0.5450675548841725,2.302238675915883,-2.171112904927541,-2.445811892162063,0.35604095772694444,4.113238971185794,0.031864187835006365,0.2246779275162039,1.1142438061160498,-0.538337440412815,0.8584370166892749,-4.138737160724675
user_617,27.93047985006903,28.045984785453147,-8.064372121071981,3.161857065234795,-0.25529089253434456,-15.573529200710992,-0.7643166685605721,-11.959661319175646,0.5573219922400112,-1.5391263062351654,0.7441349412896193,0.0977196717856661,-0.13394533088482832,0.5704477564549406,-4.572447120920222,-0.8102555551827848,-0.06370470600050578,0.2636007531486068,0.14392398290251443,-0.02887150487375109,0.15070659020703436,0.904757342808675,0.0298369317437632,-0.014164664584520774,-0.05586451974732995,-0.17642147106408754,-0.15788741387596616,0.0766815003428939,0.8662382953200624,0.1441685970624271,-0.46589792173832695,0.2863095793739289,0.45981183069140386,0.49426596248557786,-0.40395134351181167,1.9083621793276562,-3.4450543026217244,-0.2748438007145316,-0.7879430014722715,3.0903688218941463,-2.7017404661675775,-2.9024787804640018,0.4201469082675615,4.2524420940211085,-0.16152422798989402,0.17024834670850097,1.2311934980348873,-0.7944336598549628,0.8165317815594242,-4.596311864148473
user_62,-21.28132780794031,1.743460147248882,22.381799421122604,-1.321303085543018,-24.2517502351586,1.5498692645954713,10.61721273079112,-0.15668502124620434,2.2555932897988544,0.1709432687719362,-2.4231631864111662,-4.888875518989282,-0.09522206838524865,-5.322666743491552,1.3345842730235613,-6.546376479101439,-1.588569114130186,-0.15221660551021704,-1.5775508290943034,1.3107139267583836,13.66063301182932,-1.4170241552297778,-19.569371060185887,-1.5817894256758847,-0.0265917621117231,-5.051023966468439,-10.981951588021008,13.625391449941036,1.967561514763091,-11.957456826446794,8.803129508184126,-0.47629026238816563,-11.011285905873503,9.511973577845867,20.646068819808587,6.97752383584792,-0.820743776406901,4.8318047209829045,-5.697236915870907,-5.651893616138178,-1.9866021853517652,-3.9255222217794046,-4.905977972270454,-1.723798709250598,8.321211579143245,-5.306792344888743,6.2289740779790925,-5.219134525939337,9.592106055576172,-1.7600710397784665
user_622,31.866785123527634,12.763281045873427,-5.5472144581154845,2.5918120897341903,-0.04510009752644014,3.6247998929112075,0.21664852885712155,4.473460029662802,-0.0032600426643706803,-0.6851785923629049,-0.3716958553228961,-0.3555232471752022,-3.828952106427472,-1.9255602585537923,27.753475054721605,5.372623676222149,0.3871343549666364,-1.5142512691901393,-0.7314890688743909,-0.6215495362080199,0.009307240175650834,0.5506513972011458,0.3466916486546088,0.055271120462457676,0.069214572623909,0.6947646443478136,-0.44276959012795464,-0.07184100781719385,-2.336082054205522,-0.8376328414311482,-2.4300298078804627,3.6795164372452587,-0.312393101781831,-0.48087360242293825,1.2776425717695132,-2.2739078499546417,10.368441632338719,2.0099028780252297,-0.19604095042162933,1.0058023559268594,2.15302680867722,3.055285437254103,-0.01253994545079122,1.4132754464585497,1.9306725486168035,0.059711094886440844,1.8346841168097858,-1.047296186139871,-1.4303891884136306,-3.2182455235555376
user_623,28.233394843473935,28.21049778956773,-8.167902395021063,3.2136481573727447,-0.25634767773366146,-16.012654405592173,-0.7495182228295548,-12.580599526997533,0.5940386475630535,-1.8139383100011954,0.7764475913229961,0.1815049194751704,-0.33088322237780177,0.5244695725973693,-3.4895756741645316,-0.5802518190200184,-0.09435808435309943,-0.05076858664844978,-0.03565577406946491,-0.017675888706414067,0.08508373222086335,0.6584944931651829,-0.06147434808615531,-0.03732041166338822,0.03054309172709189,-0.13090801800170904,-0.08367649025843607,0.02435749517804074,0.16730666628262036,-0.17637343177164128,-0.5036661809766607,0.9962709029973612,0.06389103932435596,0.16475703017702195,-0.15734159710940515,0.392589651167039,-2.1931499050779864,-0.7961591990012195,-0.1906350765097355,1.0944861011092546,-1.1982104715868307,-1.562651835421853,0.14139177297864067,3.341713602055225,0.1241998284406743,0.43246716248464057,0.9233708956780867,-0.009899362723663692,0.8243094367912654,-3.7510025735694925
user_63,-23.460190327667004,-1.9340649310218898,-3.5344262506415838,-20.95965200942754,-2.9734322389678636,0.07859264592782343,10.427938154806698,1.067288346811663,2.9445196886903164,-0.8431282338175129,-9.395951310396939,-4.914817011639994,0.4331175476238,-5.656312718776586,-2.3008656979005035,2.7567815323296996,-0.49972242591408333,-2.0256479318150857,-1.4382402725614731,-7.620400716988612,13.894840624715085,-3.4154131177047704,8.365868508637925,2.86287528717441,9.511521039784396,-1.1520232834669246,3.739829994994883,8.752168898924936,-1.4599063424397054,6.238699939469982,0.982839982764711,1.6592144294187798,-5.823911102924993,6.86766665301374,-2.312930378744282,-2.376900498892509,4.638846362417178,-9.080212769557148,-2.0469407612469763,-6.828160889769648,-4.4902360455602315,0.554039643315585,-6.203375903444662,1.4905133137507323,2.965720911336059,23.177229274563206,-13.354779018651152,-2.7054734518297403,-13.4658812272111,-1.8280239935287286
user_632,29.75672953086902,28.71562374425741,-8.615025636790808,3.605596365978902,-0.26864345366719755,-16.243184717554144,-0.8082822977829562,-12.438813482402612,0.5848022414893115,-1.805927570741378,0.8205447143309793,0.1737701491348482,-0.5262862515397793,0.6019346574482874,-2.6888869236938167,-0.3977366820605179,-0.04318888143161842,0.13949749557723443,0.10448285203507308,0.017556090040502095,-0.1600598764436487,-0.46761266706377347,0.048138825857466115,0.057166313270472426,0.08579282415191287,-0.031018618137807586,0.19909358010679076,0.03653500140894437,-0.02155820539415114,0.18565101072148985,0.6226224695262996,-0.8525986971140681,-0.11891649377885,-0.06739653484213681,0.08766544558149651,-0.2604970383273171,0.9532101030634508,0.282368808944771,0.06812419141449243,-0.5031336634262749,0.3991842508246591,0.5084223554718708,0.14268310673474696,0.21856131319143698,0.7507406672749645,-0.20085514002513596,-0.6959577998874266,0.13888823938916967,-0.6123630948149194,2.305506932277721
user_636,29.792907635827792,8.754290625545565,-3.7136889453073083,1.7347984109902967,-0.1595652247717509,5.022408308780992,0.3540482636735861,-0.9814391952263672,0.31163279097463165,-0.6825709652689255,-0.40682738147700237,-0.636701742521009,-5.066591423451575,-2.7897169177742143,36.14096197136741,7.2755989049688665,0.3693587995527433,-3.90193097904503,-1.545490784647616,-0.9712545808427878,0.959278344326042,10.27607547537563,1.19008620891849,-0.1853313218584502,0.061221740039933574,0.6290734964391956,-1.1039193871894182,0.5341452108620036,-2.061884338010576,-4.795854387120454,-12.153595929078751,20.38839874809448,-0.34316486011665204,-0.07082420894655973,2.5997323716614407,1.4769568160498863,0.5311639621431202,0.17043972648538963,-0.9414963201064316,0.5507868337349884,-2.1487985228049205,-3.184696119299672,0.3553727589717573,-0.8202098469696147,-2.0292080265903003,0.4170261245193684,-0.4242426982350791,0.7691902438861634,0.15492244469949693,0.5524549337117418
user_637,29.302099643442045,28.760426804525103,-8.51603881799362,3.5286393498274955,-0.2780455978365201,-16.919123740569564,-0.815724199523054,-13.310828693881811,0.614283439375425,-1.7953964136878369,0.8043064960013844,0.24864277007499525,-0.6726732471632568,0.6077214006367041,-2.6763695571716246,-0.3297797467443356,-0.10542768590409865,-0.20692143175018254,0.026723111279631034,-0.00011143221859010051,-0.178605387164865,-0.668281184053313,-0.10273744094510806,-0.023605338096867025,0.08523795825360554,0.053515804845359824,0.464855786584341,0.03928637344104365,0.08587113200983734,0.14158191274225485,1.0312258225885296,-0.8433029267383727,-0.5260602207445367,-0.5451378588921505,0.43704188639772373,-2.968839359495937,6.531057398940301,-0.026015922564970158,2.0049896372265184,-10.136135073252627,11.653983175197927,13.627056245719547,-7.616397361806045,-57.84358472131453,-19.02385759306095,1.3872314631335465,4.513464518022946,-2.0465572531804543,0.7434493966990164,-7.646058944644778
user_638,29.65788308998616,28.664708068513544,-8.576632778693925,3.5915490993559476,-0.2705010332004547,-16.0269057516265,-0.823006867435417,-12.195344499006756,0.5889864565821534,-1.7248649791168797,0.8181647418857994,0.12979858011507503,-0.39214474160126006,0.6129969141942454,-2.9441049649056126,-0.46940025042005895,-0.00729268098627069,0.3338764242810074,0.1918870620844325,-0.0017394349343024863,-0.11147054980158905,-0.2959040358943198,0.0987940519987705,0.06373489757618046,0.013417254808458587,-0.09987127887651322,0.13252470693636476,0.07830574384970121,0.4583103784292215,0.3714260500295051,0.5367178231683466,-1.2033568552879823,0.14802982382930086,0.20472949849186442,-0.1081923198658334,0.8347843015685549,0.06669877469832015,0.5937546287748233,-0.4186580256172196,1.1486994609954206,-0.7792105741339496,-0.5597461372634779,0.3142167536491531,0.9557306602030033,0.47192737488394004,-0.2987513034438776,-0.4078494563197844,-0.36739223191864967,-0.5774979024812692,1.2262703476297891
user_639,29.07760420680218,28.382753171614493,-8.39884947408833,3.437034871722861,-0.2595582338108473,-15.995597656237939,-0.75099606060224,-11.991895196602833,0.5266009604701515,-1.7176314544399456,0.758933653373058,0.22221080531066556,-0.38305291328724445,0.5744125722365814,-3.3431969593276247,-0.5116456532415299,-0.09459091684869655,-0.04986065694242783,0.014007203139480357,0.05757151933558577,-0.12887384723832204,-0.41411337325251,-0.035922937506610124,0.045729586207585965,0.18063190894065534,0.03692112305462844,0.24574041059459809,-0.05428599807249092,-0.4422631080461877,-0.014664522018515275,0.7032261720064813,-0.43564880414749646,-0.4159335152743383,-0.3582176150936457,0.2310721413608934,-1.346873688014175,1.4395795566421021,-0.14938452846070033,0.6191996931248895,-2.214800020192177,1.5046581878285978,1.4011967384218598,0.041532333554990274,0.353131547878417,1.3141015997647771,-0.1040922029037989,-0.9568969491286027,0.6792681336769949,-0.4114591687651626,3.294053754711967
user_64,-47.00931402443474,-23.958472821620685,-62.482108298914746,32.43752412738292,-19.86097133334827,-2.0099616985831483,-13.770145677651618,1.047042465908469,-30.573743851932424,0.07855199744595706,82.93362851650265,-81.6091652644276,2.9740204931443053,-24.90596563878617,2.314970942774537,-17.051983070314797,-13.32873309033315,1.2266414624000115,1.0589561497294897,-3.5581931665125057,6.421547883509315,-0.2993368228026906,3.8694913645623243,-4.119872647954606,-0.6239658833401147,6.463672098273051,-8.180912693968576,-0.41941900676520644,0.8542127514133354,2.825236971201972,-0.147126407428256,1.1277206211522937,5.50440245635618,-3.6427327996191745,-2.899882602861087,1.3538339854811456,-1.8316357371554648,1.3045107046750835,-1.3536516202126783,3.605816720350048,-0.49776977207294737,1.527064457848843,2.793618629961047,-2.400908253467978,2.4361312205532357,1.1370184815458058,-0.3792840444687282,-4.701934789370062,1.79082942043417,4.221837672896847
user_640,29.721038424737177,28.721495211134464,-8.597894201511446,3.606523635204676,-0.2702920177817864,-16.175088066410915,-0.8297623627897066,-12.431898985916684,0.6050495922925583,-1.7685829151449173,0.8251218675566724,0.11928943731246668,-0.5391718064980037,0.6099173354363225,-2.6592727694591356,-0.42274517375393933,-0.0052221195830635,0.35014148713932713,0.19641110231378864,-0.014277479027679866,-0.1150656279992344,-0.34866170036811206,0.09770221808011174,0.05545623287195321,-0.007434276042346999,-0.09909625449108812,0.11691854347442227,0.09874249257806612,0.4318386988001734,0.3715743539974216,0.4942027636057382,-1.17795799664135,0.18047555865771311,0.21016786527734935,-0.1009844042685986,0.8356547007966364,0.15900339174725503,0.6066165577198104,-0.4538962334345295,1.241252863522012,-0.7986712049945196,-0.5560309914963429,0.2623388313626476,0.6219103549172218,0.2757314515849877,-0.27121675588196786,-0.3364173127566735,-0.41036434885725936,-0.6166539849197729,0.972746849623114
user_644,29.595906586902316,28.717967463051004,-8.586419422458013,3.5713148623678967,-0.2672661690932613,-16.232118650644825,-0.7904523445084172,-12.345786215636434,0.5631181876426938,-1.783264659248309,0.8137452972885839,0.2045678308086839,-0.4067125960862881,0.6081412008002343,-3.074326162984647,-0.4544872433253457,-0.06831970736544683,0.009246025737166886,0.046272463530468995,0.022215665767522232,-0.1314774466807303,-0.40751779171624936,0.008484336353321261,0.05743991816222411,0.14367591323735535,0.0012984763265412886,0.21543256717005832,-0.0020623651876412728,-0.1945196198716812,0.07841566521603348,0.6177294148510618,-0.5691760708861118,-0.25719364744951084,-0.1835538146448393,0.1515731544677901,-0.7243310491840189,0.9711647111952552,0.023524603028790555,0.31138945747636176,-1.2572117456227612,0.8397907031448962,0.8325882668481264,0.11570600959183186,0.4721262642828012,1.0269435961433016,-0.12876596168012636,-0.7553084652883744,0.40234671788087667,-0.45354901991199614,2.5743659541370745
user_645,29.784822862965843,28.698489567141824,-8.61283375480252,3.611105999360523,-0.2679575741820469,-16.15600686862209,-0.8185220859549934,-12.368763205455805,0.5910668170439538,-1.7933184508039803,0.8210508724767398,0.1498487598593238,-0.507727642408127,0.6006812297092574,-2.6026762112035255,-0.399929866953327,-0.025707023095156305,0.2516501481285059,0.1499056539766274,0.0012830099064417375,-0.13195137235917836,-0.3933855656826308,0.07726131184637212,0.05976849400896124,0.04571082771733871,-0.06465571119842507,0.15525656420828376,0.06368896633920178,0.18869101657751414,0.27685160304472545,0.5560902192338002,-1.0104457731209202,0.021426827284430336,0.07358958352100269,-0.005864846567132941,0.29103131446419567,0.5673504737041841,0.45168459889206003,-0.19092441290722192,0.3889901028349368,-0.21139075206858157,-0.03878106970638908,0.20461228791072655,0.487245016806016,0.5407070753708744,-0.23874374065337733,-0.5233135852376332,-0.1324579514757827,-0.6091111289336992,1.676631609749381
user_646,29.071272459494637,28.262480532779286,-8.35072895609594,3.435944879443385,-0.26571416777745405,-15.967883096988697,-0.7712926017741086,-12.144450622197139,0.5850042032116544,-1.7764921813032615,0.7722727873076108,0.16265377187272764,-0.547353144272876,0.5609678751161191,-2.7424428902976845,-0.4505194438576675,-0.029324753410377033,0.21267957754839714,0.09756834021864501,0.024145828683929775,-0.12385957891555924,-0.4575407387763354,-0.015042179017685198,0.03015195166597227,0.04197585173657219,-0.07988631353924144,0.19295074371441226,0.01359322568757671,0.05854737482074857,0.19394399084253078,0.6223939174692401,-0.9317061213408233,-0.13388287261476162,-0.07618593884387305,0.029228159286518597,-0.30724776669279596,1.1583626087578311,0.2831793297298367,0.030171645603165587,-0.38353488363746735,0.4271833313805448,0.5348668040728066,0.12316059001938731,0.25936959054520126,0.7736422357434989,-0.17063250856551304,-0.7562806070353266,0.1490455793663662,-0.6067587057265803,2.083531375196654
user_647,29.117394931707548,28.69646131697002,-8.46406083165007,3.483729869747034,-0.27516989598930697,-16.9251128704032,-0.7954179642946894,-13.278468662998517,0.5961858051111122,-1.7974711737239146,0.7882519920987509,0.2735000438638157,-0.6547439420157096,0.5967854312677455,-2.748883656187224,-0.33004310047364477,-0.12529824697514327,-0.32180284955396404,-0.024569290040787693,0.008986255223562728,-0.17767107531401438,-0.7417322077559262,-0.1388983670859254,-0.02640481887636476,0.13358836669990312,0.09392818246450663,0.5016962174943336,2.8352128514889047e-05,-0.15610079845854496,0.04877524203441106,1.093084381816313,-0.6701129284363302,-0.6829034938292345,-0.7022213976556418,0.5325581712177012,-3.5575378957282195,6.9553195820657585,-0.1957084434295819,2.283530819166771,-11.070000460805993,12.287462633259619,14.185096073801994,-7.682667834998194,-58.060725178196215,-18.774399567341046,1.4288577197567796,4.317832057976186,-1.7420513450214787,0.7486887126021089,-6.93350436684636
user_649,29.600242342739417,28.702504892266447,-8.590463391209,3.566439463460145,-0.2656388060524788,-16.252625822609936,-0.7775938845476271,-12.320898191998175,0.549802666377757,-1.7884957141882074,0.8089898142250826,0.23435661590234438,-0.37841796761210417,0.6055465379301713,-3.1556164949106376,-0.45013568800548376,-0.0877793965844452,-0.11994721215921432,-0.008114844955129085,0.03899940241477676,-0.14738824081313287,-0.463297726941484,-0.021461507001776185,0.058910374173970714,0.19913717976012937,0.04070885828074648,0.2600768109331077,-0.039676117311352885,-0.4348233521184213,-0.016716122590561936,0.6927490733654151,-0.3988033421162041,-0.4240818666561993,-0.33525994387556735,0.25184588898598825,-1.3124634126819648,1.3694166212125432,-0.15973739144647647,0.5952792163865115,-2.213443023363244,1.4828411602410163,1.3899140757221458,0.0597475147521537,0.32353078864916734,1.3102506503292417,-0.09276042114007806,-0.9626881083970253,0.7081057613453725,-0.43920185962272357,3.327549916143846
user_65,-25.527924248058568,-3.4082438115924347,7.525582311724673,1.2709175024646184,-39.190079022433245,0.13939587911589638,4.492629266198789,0.663953853289923,3.152641663595608,2.0846340200564897,3.4299260792171458,3.458294928576645,0.3624638662936617,16.906608107142898,2.0932678361254573,-5.89119003495676,-1.9713281287338968,1.3015091249546065,-2.8662053904820866,-0.7324055420904446,10.377463920308339,-1.2652420774461146,1.160017543648659,5.846367294602483,-2.2751058698771995,20.015183169883024,2.9069788021250202,-0.5536390650272858,5.08503679462848,4.997613868841866,-4.118672726875248,-3.2311389165599453,5.351421088015571,-1.0152236433729411,11.085413512214828,1.7080626673882928,-2.2761390002783264,7.284954053071268,5.32121315551381,-0.1273110424176448,-15.589875069591944,11.849252491854385,5.2796873376300235,-0.05037848401954122,-3.398340293414137,-2.1307702820133727,7.062200161573988,-3.0087496039423547,-9.885187995793805,-1.1256499227372214
user_650,28.203936983639263,28.168182976351805,-8.140645891325086,3.212965896755104,-0.25864787654194327,-15.965780958161488,-0.7701101354008263,-12.626470682460518,0.6155425582560279,-1.7822463281140908,0.7831956672232453,0.11939690224560182,-0.3980698617705527,0.5355004594478606,-3.406054601273783,-0.59429171570996,-0.05185322910063059,0.16228077917345732,0.05804762755893948,-0.060043095855095624,0.12737229623508745,0.6961344285148336,-0.018990558312578763,-0.031514819756718306,-0.05924730511684185,-0.18808698480246808,-0.15126533966741237,0.08218985966895455,0.6332242611446014,0.032336200447701385,-0.5749247591019451,0.5753693789014797,0.34720360105641446,0.4205510560261327,-0.3276021032994795,1.4294066161960015,-2.766958516912334,-0.4099232921061249,-0.7017586476571395,2.7279747932424168,-2.2801917228559447,-2.474144226675473,0.25443377731236017,3.490711828558314,-0.33548774243028584,0.3330423146327629,1.1983284362123785,-0.55387885191635,0.7216431470838196,-4.810672293328899
user_651,28.367986383756982,28.358772303903677,-8.240745678105545,3.254025181732253,-0.2529635937911136,-16.007205274230923,-0.7556321428935922,-12.464717916544805,0.5560135597689722,-1.7247646119082265,0.7780236498368625,0.18029848824623784,-0.22550451224662163,0.5648563733282089,-4.014506335694557,-0.6593106015084351,-0.11945899406312617,-0.08246601729688335,-0.01674333319104229,-0.03386382360999804,0.1252023671778413,0.7172432363016651,-0.03651451667486173,-0.012339836649562334,0.08034611832870021,-0.07196518139478486,-0.08783465841704491,0.018140367660760933,0.14026169700267407,-0.15941015321194987,-0.45554024296891515,1.0021992507822999,0.06266407632592026,0.13553661792505223,-0.1200399541897745,0.3911637347462353,-2.452844082574071,-0.8102964484293352,-0.11129808289695117,0.8510465058155299,-1.1636558751367438,-1.5575788661154795,0.18439200155039678,3.535223310660372,0.24318522046357724,0.3753474622643253,0.9369110495868388,-0.024177670489242003,0.8794969825512023,-3.39040472740678
user_652,35.48523864642398,-24.137240054421017,2.8775244307949994,-1.0824941179541279,0.26796838564215814,13.358048505103953,0.6401018802010168,-22.608863089425792,2.100659705506877,-10.852436295435337,0.43241436193333527,-0.8569012865756453,-19.335254689191807,-1.6530753048563653,26.482521483262868,4.2952062851355635,0.8565366981106832,3.325320759536225,0.6348121163505193,-0.3258065572706145,-1.3430981568560911,-13.049636925522334,0.07956666067065805,-0.09285176305828322,-0.37435357404839553,-0.9404218191886954,-0.4308991206387817,-0.22935880884162674,1.4960968363038452,4.795364990502758,9.406558204055685,-19.649761170696937,1.966679950333342,1.8986579524049425,-3.2200716588154115,3.752856789502885,-7.227125723240212,-0.4009635161185342,-0.9196248603866393,7.028728631193155,-8.556206146838743,-7.485876505598592,-1.578872478154342,-4.227637760535832,-5.600171244466821,0.6409671988564889,-2.235733198067606,1.5328223680616728,-0.2320263876541147,1.593402441423733
user_654,34.64582919767172,11.748845990699921,-5.879470281842125,3.167622022185407,-0.04644611312446803,5.951851158926354,0.25180899388360767,8.859814910962161,-0.27457595081726066,0.41725233279345353,-0.5052442570535496,-0.2837620464010443,-3.1550391231116404,-1.975591857617677,29.416010113134394,5.696044137419213,0.4111468709076059,-1.6520459495863828,-0.8124996766667754,-0.6430784531997218,-0.16083752770883658,0.6740246288438915,0.5345612210864786,0.05260602512131588,0.06439087978069387,0.716628679109199,-0.43892634363427435,0.31827855310677017,-2.589531469207425,-1.4893872525786624,-3.4761412887317693,5.525639883061334,-0.3951154266815838,-0.1809947217496868,1.4617337183851729,-1.947019362707798,9.037039441231187,1.585674274484888,-0.046361499741110895,1.3806483449116966,-0.509822614840205,0.13336032897781663,-0.32761603438083875,0.44221400798110116,0.19982603595274426,0.09861722113221241,-0.5018442248600584,0.8825405269410344,0.848208400528673,2.5569051614705396
user_657,32.29454641466809,8.337435823493257,-4.472757837435352,2.2706826811539327,-0.034038128943942654,6.520128735014751,0.39342587216646385,6.008044132302154,0.007505615823395413,0.036647190462469226,-0.587302781529711,-0.399260469022212,-4.850489594640339,-2.7306415076362063,35.30606889693209,6.778387422933944,0.7030668329192172,-1.6235843339190674,-0.9079462189270114,-0.6253815961307138,-0.4202240178417638,-1.1932388081888083,0.9560853835711031,-0.020596876746717327,-0.118494039568898,0.6629501513321095,-0.6437771574531501,0.7614107778121109,-4.6580564683755945,-1.4921951401260856,-4.974821564545921,6.372711874805239,0.17598169384995263,0.4806723957481708,1.3982300089016229,-0.888925148872045,12.914350686286376,2.8614942214856383,-1.4181276140598544,6.9870129098712646,-5.032969484678311,-3.6718950337222886,-1.3571662402942029,-0.878155740961484,-2.849332142612744,1.1853690787939355,0.1568882435767511,1.912373274267132,0.5230898944009784,1.9923261423501832
user_658,30.094359014513667,10.749967219127225,-4.542161015886489,2.0241927100165955,-0.05734894951222261,3.8165550900696656,0.35513476077062794,2.7221349745065258,0.1267614642358643,-1.178713780905437,-0.43078762457889075,-0.4071987927283913,-4.690043679130009,-2.2864811138187737,30.90552636775947,5.849613878059804,0.47464824662531097,-1.3692981470338552,-0.8480087225671116,-0.5339900992044688,-0.21702847681996373,-0.6007968864294801,0.4973370668552969,0.020140311139205964,-0.07056716780623551,0.7270785652776174,-0.6467194233843166,0.32677379782939064,-3.1215022230872553,-1.6802978499731438,-3.8954771202442724,6.141264530106775,-0.4571207580949689,-0.37064275364717175,1.581140470225387,-2.8685944561007157,12.492437489603489,2.135602258606977,-0.15417805863300452,2.2398347677631656,-0.6178863404684208,0.3834231740528177,-0.6799831376710872,0.1867252035307908,0.11723500703514059,0.42673404549132904,0.007614637581366724,1.0124096175609185,-0.20360287399574262,1.9277282011052994
user_659,29.636576360442312,28.704635565521034,-8.594374665814671,3.579447976238411,-0.2671690593967756,-16.200057835006728,-0.7897180587709877,-12.290564538998376,0.5580722644441246,-1.771651409890169,0.8143950909805946,0.20616673744979133,-0.3791528334066095,0.614766080705998,-3.1367074942755293,-0.4637944470803663,-0.0683081051087315,0.0031487255632530976,0.045142430257699505,0.019606110335949126,-0.1277072157255982,-0.4273108957386427,0.0059885378167815586,0.06350145451931306,0.1539592935179374,0.006733562786266406,0.2283446606755474,-0.009736642890564967,-0.19040748863936927,0.09022207679371481,0.662766278096311,-0.625305950681255,-0.2786519474370454,-0.19806770267338233,0.16078792937988814,-0.7606181166289083,1.0391098785295534,0.044124635751159665,0.3331605979709998,-1.361990838843838,0.9129571200839762,0.9086177806388583,0.1299607765172569,0.46985837139078884,1.108051798274007,-0.15200783774515023,-0.8310061774645628,0.4265063875182861,-0.4847591624272299,2.828983446908186
user_66,-20.144501673299594,2.818087760404317,31.539184213715775,1.9097073786230785,-15.802835972965509,-0.5750345070076539,4.388881058144693,2.1031556927376047,6.04548907211982,0.06535368251966213,-1.662706805235639,-6.959678045522174,0.7612926563358865,3.607461800551909,-1.0630390094001039,5.707291815075598,-1.0067955438360254,-3.294315559947232,4.221965620088803,-14.214382543787174,12.384176889457107,-4.665317990726033,11.591500288424452,2.588195249515358,14.681640557734546,-10.941168780729663,3.3189147562020502,5.397212188280805,-2.1960873879031255,2.06636224191721,12.38590010842525,5.31650730926029,-7.153655508663175,-8.541824748472688,7.208591191797529,0.005616083721830168,-1.068468062460571,6.554851907167733,4.4074553951719055,1.6962899246240928,-5.5772822208493915,1.0355291617003755,8.03624476912744,0.4817244398013375,-8.141732053849836,-1.2970756537652008,1.6419374465735614,1.1643738285014127,-6.1641137910903705,-2.056799682816289
user_660,29.13109855426553,28.419362018630487,-8.414589972719696,3.4583287552236226,-0.26175493226086405,-15.98844038795276,-0.7643601636717993,-12.007049146503133,0.5347212867039562,-1.6893618308676996,0.7698218149927751,0.19120962681615108,-0.3878999068199485,0.5987986099440289,-3.4482646822877028,-0.5467341462304484,-0.07582020096107381,0.060852856562560495,0.06408608997843897,0.025316118354188923,-0.09145030207223658,-0.38471282876838936,-0.018880414447209726,0.05245707959851042,0.13940044050877337,0.008317287544231451,0.21453564472998443,-0.023819820686622212,-0.17243247846860227,0.10212036406543196,0.6819919152732806,-0.6737739135100549,-0.27104706913685983,-0.2257569010899022,0.1417712956727391,-0.8008549911198108,1.070153530741925,0.043117860312299534,0.356056882959289,-1.4025641219670069,0.9522995401729929,0.9338921164658375,0.11812309818305904,0.49506563136490445,1.1196278323817341,-0.16351590148999762,-0.8298207151326046,0.3968972530985373,-0.452875970133251,2.801371468699913
user_663,29.182279043262703,28.41485393898935,-8.418302907648744,3.474687067623497,-0.26348711351507065,-15.838134999984117,-0.7867109082572042,-11.874797629627468,0.5495483287965808,-1.6428966257351207,0.7761647662402024,0.14465635751215836,-0.32699579631646714,0.6075572816201629,-3.4784954730434543,-0.5799316886654369,-0.039021246443913,0.2690495273488968,0.15498578924480882,0.003494843818833736,-0.0540824602834222,-0.22757069031649438,0.038777786553374986,0.057546847169017146,0.05865531862722252,-0.062476927191030644,0.1403413600899148,0.030258362947983612,0.2870608841338604,0.28563746362758624,0.5729615578065652,-1.0102687043903342,0.010267710827628824,0.05761835148343755,-0.04920126190038937,0.30947572862204453,0.2326748947589935,0.36616591779806323,-0.15396937965437485,0.3301028849693614,-0.25327870660110813,-0.14854956434570513,0.2643496273907439,1.0906551208518684,0.7433768351901977,-0.2500043631216273,-0.5011106617443803,-0.1413907666927276,-0.43758899451482436,1.587441761919606
user_665,29.744331633549862,28.66535249271614,-8.596706700413247,3.602079738376686,-0.26709873947678103,-16.11996676733864,-0.8144600573767845,-12.313729403479945,0.5835570571893635,-1.7811094095495819,0.8167913024210947,0.14886279624458545,-0.4872007199987994,0.6043183895310247,-2.655230242484464,-0.4109892414847622,-0.02623580753371096,0.2527795154866735,0.1500965936649958,-0.0073623803641221204,-0.1168082197701909,-0.4230297927116656,0.07094514094348059,0.06421915789871713,0.053230074218003805,-0.0578912706160226,0.16342013376017597,0.055431858979245345,0.19150336780354144,0.29083704061824556,0.5938653674298251,-1.0649261620863295,0.0046112627651715065,0.05610228829037663,0.001555207441953303,0.2540460067784418,0.6480419311990434,0.4790032098542882,-0.17307530525675682,0.2962091313935942,-0.14297737121914075,0.03712372067218314,0.21296418688142355,0.4504933909487185,0.6038625313763555,-0.2588556551451461,-0.5928177957043108,-0.10950511618686899,-0.6449251824195092,1.9100824043905473
user_666,34.94475853681608,-14.678537206909233,0.7368975904704431,0.2886487486147482,-0.026303774112069817,14.44174512801026,0.956763119512964,-13.281172077973237,1.4596801963149142,-10.479959495948902,0.09392433378512863,-1.2409862085495058,-19.576348779345594,-2.1728523003673508,43.950119645753446,8.684243490358991,0.7901273812491872,-1.4180774288800335,-0.9604262614281099,-1.0317484885687842,-1.0220513061546008,-8.44956424441687,-0.28225500094586115,0.7580861119329795,0.37142498544981206,-0.7285467982059941,0.7897723897395894,-1.5792278684206715,7.843291321096187,7.055661468045847,21.38382773853757,-33.76693680860282,1.7190815576848253,0.9386251001223767,-6.483715578674823,1.2726798516426223,-31.847450728031514,-8.523570992978517,2.683501317917619,-10.18853002261313,6.366158655674088,5.322261619068822,-0.17533416307358032,1.119819759280142,2.3485941530813057,-0.44309852958019863,-0.1302611476444729,-1.3112015243367425,0.5367676408608347,0.35841930432293634
user_667,27.83027173942699,28.02388518065514,-8.04755532738868,3.1236789962031817,-0.2470735568468688,-15.659333142601309,-0.724444456524934,-11.965342838725316,0.5171274145114925,-1.6052525055240061,0.7279920653184038,0.174600058266292,-0.10110608133015173,0.5532710622397812,-4.567432037998577,-0.7830516748808317,-0.12960121087594798,-0.039036066777123,-0.003115729968475591,-0.022371935907292872,0.1740777609604858,0.8088777388421201,-0.06208033980380442,-0.01418281560926789,0.08767937544474419,-0.06892725676701382,-0.09022628430086084,-0.014958528044294374,0.17963152411884423,-0.14530707444634752,-0.39969412306058877,0.9317292174955902,0.03831865837780752,0.10248448333334641,-0.14397123184154995,0.3488904540677013,-2.5035697226649414,-0.8219466722282024,-0.05783369926651576,0.7300056369282585,-1.1075802803683068,-1.5374545614719026,0.2183158809296356,3.8656399619636765,0.4326978884012408,0.3402848938500887,0.8741453601870063,-0.01648404472222604,0.948011089131577,-3.1879826726344747
user_668,34.70764033008793,11.976475685357986,-6.1078086092160975,3.1419726125041585,0.012903835645891024,6.273653687967768,0.315271302691334,8.572008914759623,-0.25024494838704875,-0.2560640287169623,-0.4316736095501173,-0.3148292711790888,-3.1111535255312743,-2.022579456464759,28.939278404985643,5.862227052197009,0.3916175406070199,-2.1471013569813864,-0.908558735401648,-0.46356897715828144,0.08988110706760379,1.643228667849896,0.6020762740666898,0.1570418743739147,0.2561553322040148,0.8670332088418796,-0.533837618490415,-0.11679031295790467,-3.1490387279379797,-0.8590120164910283,-1.852597466975449,3.2891174909773757,-0.5474284480658493,-0.7022900430486504,1.2173408151182186,-3.4714076790596557,11.658722314819535,1.768900021827344,0.1377311915959394,-0.23721497246510087,3.892733691994333,4.525507343965579,0.18761863923724287,3.1693116144863898,3.7248692433386528,-0.011378098855623409,2.9229162826762427,-1.1748823197410367,-1.8841781717834707,-3.841654289922176
user_669,29.544255600048466,28.667733896700916,-8.564915507427688,3.556373074435443,-0.26509337771205527,-16.13592336743001,-0.7843713971724604,-12.207901838059382,0.5505722114739352,-1.7684171627736636,0.8064426061042019,0.20800611028899674,-0.33533617165062224,0.6066033301304173,-3.143197821511162,-0.4709645789172246,-0.07142006867132732,0.011121761287236754,0.04318069448670932,0.01481537113241061,-0.10458322253675659,-0.3840374841261879,0.0049972477422750225,0.06336871327894246,0.15754285705281332,0.005394156801344253,0.2133845960864922,-0.01456050500869124,-0.19404723977390836,0.08260240898226796,0.62707261085234,-0.575767378092446,-0.2755325120584022,-0.18843647810498038,0.14935919618506155,-0.7263727805905699,0.9479895824644365,0.027699649324860635,0.32344491957474897,-1.2771597399593555,0.8389607981371158,0.8227348016319789,0.1332818773352777,0.6256601491571878,1.11260485409741,-0.13792202652790467,-0.7846629554874447,0.4204763224969555,-0.43601888519664533,2.6879210707579495
user_67,-16.390745168657617,6.037486533705435,47.0772476151352,10.253329154743987,-10.548894195083443,0.38803065706763396,4.85091540986101,-0.16725371200147546,2.5379674900122278,0.8158570129648576,-5.315872374288856,-5.310297996438289,0.4791681850469812,-6.015974466030265,0.8878977077467582,-4.197386302928401,-1.9345397589638536,0.9254473582890446,1.5935212715355647,-1.2262364489994955,12.674524698562319,-1.5678472924072147,-3.1329821155333413,-1.9662196396807674,1.646353268043523,0.12540151436120908,5.69611185821629,-0.33978166078236177,0.598355291680558,3.405076428603675,-1.9132923438143683,-0.8197689665611628,-9.392562247768456,-5.561738527534634,-0.09428166814005626,-0.39149996154058253,-0.7937780648822138,6.341342320933151,1.634072603897758,-1.3948695923771879,-4.959157660638318,1.4126903304331837,4.234956071547471,-0.4626075411268437,0.07382458490930195,2.598305278416503,0.4978516443297552,-3.56807991719594,-2.167565621299482,-3.6157413784849686
user_671,28.3361268884577,28.317600527204533,-8.223475359287367,3.2421875612752404,-0.250400022251913,-15.949112265119538,-0.7516295591054596,-12.39722172986877,0.5491594441408801,-1.7301045805781992,0.771365250229614,0.18084291249862067,-0.20670101573868724,0.557235641942314,-3.9338150546149624,-0.6512304118118172,-0.12170884103417011,-0.06976511443652356,-0.017005584245539575,-0.042389051543032706,0.14631121418690454,0.7229947741083526,-0.037142058197508626,-0.00992821053425772,0.08555702710392174,-0.06914059290362008,-0.09622049409766593,0.013008370680666324,0.12160902316802208,-0.1581259084381542,-0.46523577417961404,1.0091765202146636,0.05627186385686605,0.1339449138922061,-0.12014268498751636,0.3912870782886828,-2.428187085841715,-0.7971205827480321,-0.11231285300860479,0.8793650618701055,-1.1778690218940382,-1.5713825971313247,0.18036821514482415,3.5683315293295146,0.25416046141918486,0.37662445366372305,0.9353539521278805,-0.02147223345577238,0.8813357284943024,-3.3713370926193673
user_672,34.751349116872944,-13.128696957900031,0.506741069100306,0.4150310685229836,0.0678798414982866,13.793932424821145,0.7612351330575458,-12.043941384348194,1.4201295992637775,-8.822408636618983,0.039952359179182474,-0.9716438733635534,-18.773676000327267,-2.690876966967755,43.54236758178665,8.145685783210489,0.8912209392668015,0.640231180997171,-0.6190840000271473,-1.0351620650370752,-2.1350167668663835,-13.759029777143956,-0.05454134791176551,0.22333416561688021,-0.18592353581908858,-1.592206664604082,0.03257094558657244,-0.4603225221984169,6.464607361541157,6.841609454807,18.224758671616645,-31.84961052398732,2.429180626044297,2.8890632461060024,-6.730874133803197,4.358574767116267,-29.553077480846216,-7.238421276143527,0.3188439565877588,2.174886676236373,-9.132784745310166,-9.240465347274947,-2.5292770730505767,-5.5222293051136555,-7.807998552999313,2.247858311396242,-2.6684801567245615,5.0726615449370085,1.85274619560151,6.052695644562317
user_674,33.5844490867205,9.552044785066618,-4.822364191827272,2.720445507642527,-0.13706559411072788,7.119218982513278,0.2310423975586001,5.421373860939001,-0.07744125692869984,1.0568342459493658,-0.5525543263529107,-0.5493984900605836,-3.3488985428810523,-2.335114814107068,32.66937194520122,6.654013652960768,0.37960879354145405,-3.7383867441932415,-1.3228045246821412,-0.9993672373868512,1.1668159347107996,11.796775254145228,1.1810123472439324,-0.2094348289939411,0.13569765794079394,0.49456657443165725,-1.0341474054466802,0.5496726294636136,-1.3504951945595876,-4.320677822538366,-11.704870332839548,19.092630986289045,-0.046744328001218985,0.19326982811903376,2.3839509122758678,3.0858316062646236,-3.235700982495322,-0.04253777139043769,-1.0954737259380072,0.5074848661564755,-2.3603217113437265,-3.7506510801448028,0.9283133685343083,-0.5751225973433427,-2.0656277961157232,-0.12135737835117294,-0.8391183013012967,0.1330099843912195,1.094795678511179,0.6633271984639981
user_675,32.95396622262875,9.761911160896615,-4.594222223218267,2.7141104433415695,-0.1984237188651553,6.878677691493138,0.2602024176240909,5.05385660175321,-0.011089425333673072,0.8554750446427933,-0.5199919231718881,-0.543804061321516,-3.660911987009251,-2.5673590895420806,34.446557656156735,6.942573817649001,0.3730506395862295,-3.761854446688821,-1.370464883514314,-1.0613585240950014,1.1582817209752456,11.078131235353723,1.0720226078882977,-0.3139554985464541,0.23199568113823932,0.41571258257821103,-0.6522027801769433,0.5517908166812088,-1.6234134414713373,-4.091259114170183,-11.627840332225093,18.85983339933976,-0.3872692047715747,0.11801704947158793,2.60974344867025,3.056298416430025,-1.528120768509121,0.5625086785092064,-1.3480350728323474,1.0998988100690574,-2.690232612087584,-3.872124295021831,1.12509646016089,-0.43462316951418006,-1.8117795631846165,-0.12714798656796303,-1.1260351135833482,0.34525916266083495,1.5726430914637521,0.07808770846964926
user_679,29.6969276602716,28.73623626406015,-8.606308934521776,3.5949327533255775,-0.26686652210046125,-16.229865515817398,-0.8048764776155454,-12.400825342445561,0.5760459755895789,-1.7874134387779563,0.8209045770010592,0.17360647296626047,-0.46688818997781406,0.614468349235718,-2.883614840192538,-0.43936019029146856,-0.04928075179602969,0.12856974601190507,0.09515777697438332,-0.007342098012223576,-0.10112036074209352,-0.3928898542553516,0.032855043977587005,0.0600814860581629,0.09743911542103088,-0.02674422383856844,0.17391649656924787,0.032914520520222194,0.013270069530130052,0.18408651169265056,0.5676041627109566,-0.7712870183033819,-0.11117026821585013,-0.05191293668481958,0.07048784873233037,-0.20068236676302748,0.704633489538885,0.2238511152899865,0.044947084424716136,-0.399652955840842,0.2841076384134545,0.36288953205317376,0.15771557311260925,0.4953271307870882,0.75532920574935,-0.17190231541371398,-0.6049121625916273,0.11931785089460684,-0.5106040951902043,2.008460731349437
user_68,-21.140034618853026,-0.07656742234951024,12.228617333896576,-10.10545033845412,7.609011635246282,-0.014732738615220845,-4.559653222808955,0.6151115398063515,-3.14942198741488,-0.03391191506224171,0.9803249539924087,-1.2573676824494033,0.21133660907023252,-0.7422092799097463,0.14118972304251132,-0.015471319014528962,-3.3519840516914488,0.968559554571652,-0.04632866636541633,-7.428361139902973,11.417810801713786,-1.1805596321093386,-4.906233995941893,-3.9684794842646736,-4.029890141453765,-4.1964632576404926,1.6462036863884935,-3.29250493431532,-2.176466180899812,2.345533764672036,3.155834982822377,2.6908107237242254,-5.213398573959075,-1.7466131414133363,-3.10893006453856,-1.3281874832192224,-2.8977064125467926,19.88154592965333,1.0762379477799324,-1.046786005785346,1.4175232817193928,4.593011979018226,-9.935097431716914,7.785473507783597,-18.941406372711224,-15.24119073841806,1.9160975950889945,2.7613124542125966,-3.1427116615119943,9.287536431062769
user_680,29.578496248481994,28.655322317031224,-8.569542736532629,3.5622533663586453,-0.2641879870128414,-16.128736740227943,-0.7839122663649974,-12.200654500631325,0.5478943451318917,-1.770474462312381,0.8062460725384992,0.20646860245801052,-0.34548907670978624,0.6094254218762971,-3.100773096388744,-0.4649568842149486,-0.07143206321989615,0.014694156785219997,0.04379305095145309,0.006106579523511213,-0.09543463109268178,-0.41925192995678656,0.001747857805032691,0.06729472848772756,0.16248501164286594,0.011685078752729845,0.21911058101078257,-0.01777417826039901,-0.20312027986080616,0.09479038094363257,0.656229100576902,-0.6223559278969806,-0.2883972900468,-0.20232908556383725,0.16003819758773577,-0.7622485898740714,1.05152309915282,0.056792770584133775,0.33432107875695616,-1.3455806506602213,0.9017851579651437,0.8958602786045439,0.1306739635796487,0.5318859846667516,1.1379311049105076,-0.1525354356497129,-0.8395531503770288,0.4333343474928554,-0.47875935615983367,2.872507046967921
user_681,29.067781043262958,28.257021503463267,-8.347459235710044,3.433629994427335,-0.26498050831348424,-16.019713452978863,-0.7702647534284514,-12.230268536919363,0.5859042093592435,-1.7819014368543717,0.7777327316064592,0.1544920522059401,-0.5887959971308543,0.569037137724248,-2.7437371398161416,-0.45262823620115283,-0.029418666100191018,0.2015644759421031,0.08992380679298093,-0.0011341352746840822,-0.09325757986201313,-0.4737849094942639,-0.0300711754670117,0.03529099382602616,0.048394059502214294,-0.0673221403027242,0.18210928782724933,0.011295706988228113,0.08392700523930692,0.20571998063258679,0.6128856960172098,-0.9302567617380477,-0.1357653885808123,-0.07834922701954543,0.03473574117848467,-0.31455523503099503,1.1732480954434081,0.2841305001798015,0.014822829683822961,-0.3729462975363575,0.4285908543893663,0.5468304318268489,0.11445513350486712,0.195415674346805,0.7393316551613225,-0.16583617559611694,-0.7337044679113284,0.12948628759023922,-0.6168047574322139,1.9964754689561723
user_683,29.525428632475247,28.50268462817408,-8.495038083995235,3.548173942657235,-0.2703982387331419,-16.12128567470159,-0.8155798032235556,-12.472496853958674,0.6279452575710522,-1.8438344238228606,0.8182320026639273,0.11538323310080063,-0.6161954581372321,0.5783313582639554,-2.2010505454546925,-0.36364497258469347,0.01710933868119722,0.38094026901662087,0.17101619677531868,-0.03400254133477538,-0.0930829170067316,-0.43833455894907497,0.05227825531630038,0.043270832158820396,-0.03571795517254076,-0.13894759097446188,0.11730387857953037,0.08899244886015509,0.4727826638117666,0.38147442069116194,0.47836225565865814,-1.2381965274993265,0.15301866229319927,0.21595797203675357,-0.1274834322036038,0.7926766617248941,0.5061597235792322,0.6545819078851407,-0.5217124672776812,1.397066087461149,-0.7662611612441527,-0.48509222794377876,0.22738757770338003,0.4186591869605713,0.2356098251128769,-0.23149285460168756,-0.4164560870471968,-0.3781567805669236,-0.7043317175882292,0.8418626135132691
user_686,28.157109438958397,28.20056960193326,-8.146294268013838,3.198420866713738,-0.25300897183525783,-16.000882785289892,-0.7437635793195528,-12.557503822747977,0.5828638530175356,-1.8057543150754956,0.7710105998943685,0.17650305196222035,-0.3189334745912408,0.5336134635275455,-3.5361138158432683,-0.5997241146426465,-0.09935517614233454,-0.04232640168487247,-0.038173619053883785,-0.051853023580802855,0.14791501754350933,0.6485471342596335,-0.07904530289418094,-0.03395431776784342,0.038830307257124205,-0.11972116558398746,-0.09833491676776289,0.01952759470618748,0.17102995480796102,-0.1592863592322375,-0.5114131644395484,0.9904464629588954,0.06081774743050737,0.15357595841590455,-0.15640867342079928,0.3844234986462105,-2.207326826217689,-0.7891559480669187,-0.1960685002041217,1.087237937956234,-1.1966532814067459,-1.562833988613881,0.1383865452394271,3.3382543284185906,0.1276017813887785,0.4378691312274373,0.919361603214457,-0.007708540157754013,0.8289951615114975,-3.7318475620825766
user_687,28.20257755564242,28.148012849864006,-8.135333710520813,3.209532395393972,-0.2557014187631756,-15.90826192425413,-0.7667381094531884,-12.546452512982004,0.6063651023444306,-1.7823207870782403,0.7779997799326509,0.12082980190807123,-0.3649873094728228,0.5344423667301502,-3.367767640842424,-0.5948360449036124,-0.055820305235937395,0.17326219305249546,0.05712295922877044,-0.0742453267405992,0.15987785795321977,0.7056204426882141,-0.02224032451347426,-0.027913429204519273,-0.05047852945618447,-0.18359204429345638,-0.15962815949485973,0.07646872630881565,0.6166338357453657,0.03766532455165639,-0.5796070236551555,0.5767249547248422,0.3376866610541911,0.41663965321809027,-0.32699589410220103,1.4276920809199953,-2.7664494523860825,-0.4011004043974931,-0.700102414271835,2.7371332311426184,-2.288191686789323,-2.4878069491206922,0.25562341889691415,3.555609436533747,-0.3050650967090963,0.3325576448296984,1.1860369865281126,-0.5460000375574888,0.7299211378909387,-4.754284667685846
user_688,28.36581038069971,28.361985722187498,-8.245364836798043,3.2474907868477834,-0.24957893348115945,-16.054310297248385,-0.7426106104148946,-12.48231502360508,0.5420555925384541,-1.738640859355343,0.774242061654845,0.20680073396534485,-0.21327654395220952,0.565069745122066,-4.061717291694396,-0.6556356768679235,-0.14190139681999278,-0.20742951521163613,-0.07430482126441458,-0.03619490953647838,0.14330252646437142,0.6828404356923395,-0.07411075441141092,-0.01130841824950748,0.13627270492863652,-0.029404490935832396,-0.06372227390517422,-0.015483786884132891,-0.09907442996706162,-0.2551359948812618,-0.42597967693192745,1.2248466332091354,-0.09140824765184263,-0.006677955655054538,-0.025573593100812114,-0.16655764489156666,-2.1379174349025853,-1.0142796501787044,0.148325471384514,-0.011137488184769718,-0.5896150578420376,-1.0767123019376617,0.11635149150937919,3.4200270001235133,0.46377372896767216,0.43604059216945634,0.7996377910468898,0.2574536099866085,0.9318399379059354,-2.868025217793109
user_69,-22.92322502379774,6.242154332812714e-05,10.702812021891507,-8.118922324056904,21.15385496130888,1.3280522374045234,-3.071909826204423,0.8654885278116944,-4.1067773291705665,0.0059906839286571765,1.3907097115366764,-0.9400646713708573,0.25357398464743697,9.221543344637924,-0.27139934844375235,2.156405804647409,0.35251951085920624,3.2285858597536667,-10.524904770634409,-16.41343258743035,4.832835621885673,-1.6266352512990283,-4.785921657301764,-31.68081789484895,9.157843194605794,3.968147622886195,6.653083583629261,6.708942313434838,2.567312855314978,1.9372596719773096,-3.54110280931641,-1.7135631090263952,4.06970306878121,-1.1290441372422197,-0.3640604723572125,-3.709017578510296,1.270237350993554,-1.6568565552779675,3.0033990898232514,-1.334663175654378,-0.3149778547300416,-3.275677848737907,-2.6654335467424217,0.3755838189152461,-1.9082744516156658,0.7512975136487243,-2.401175757091237,-10.221102281862963,-0.2656646094625789,3.151823525154678
user_692,28.442097516968403,28.31006095797639,-8.229853217764038,3.2738288310672465,-0.2525538277881097,-15.85237162421355,-0.7876278603893769,-12.410867817563842,0.5818963458077508,-1.6948461010212468,0.781667992613896,0.09687156344769948,-0.28600178551738764,0.5692948308659813,-3.671288807870052,-0.6486095228834841,-0.06101295875069582,0.2622534751425043,0.12884736644945377,-0.09086960175795905,0.19228472132697985,0.7960039530385246,0.042667055374644235,-0.0061121438508301785,-0.052011445076378504,-0.1635907010438185,-0.19434718967402198,0.10518371071061024,0.7679351007126322,0.14507403349301573,-0.5734941514347341,0.3861414042936982,0.4798310255680258,0.5203510736009714,-0.37256851379284106,1.9462984948031063,-3.289413196161628,-0.22109075398174247,-0.8669861132403627,3.3305553634930565,-2.8028195397174533,-2.9562171099683026,0.34606181667442665,3.8370317803843674,-0.4223071350506709,0.22650522092621572,1.3283367610642114,-0.8199785608903526,0.736266537548673,-4.877978345750891
user_694,29.773158021324754,28.670873579521793,-8.60380750596335,3.6072682492570842,-0.2653189585077081,-16.123056105820893,-0.8137493781170024,-12.317336004540067,0.5795239807041284,-1.7826886129468902,0.8179974017302305,0.1467893841635241,-0.48846551865580007,0.6111387892185204,-2.648502598967288,-0.4148240482315965,-0.028589508207230666,0.2536853669943718,0.14716236137265779,-0.026248521425095393,-0.08443647961902628,-0.42591609490071447,0.06237548224727081,0.06796690247414251,0.06083164583466507,-0.05081888523526793,0.1550769607572157,0.053794127770867964,0.19220781126975517,0.30056465930625836,0.5888652890971814,-1.0655350551051133,0.00025383227936869073,0.05181322731355616,0.0055825176973923986,0.2498850556622367,0.6452196051573084,0.48063700097100526,-0.1772046443805016,0.2977772288629752,-0.14265760195323304,0.036392693728627655,0.20963218663037284,0.4510728640568344,0.6038132188436545,-0.2554669231622652,-0.5904275192022398,-0.1126891518235025,-0.6418820900123219,1.9096958255320409
user_695,28.792445747059816,12.350889930075855,-4.746491789820308,1.8630718654933243,-0.05015460835195734,3.482521619194606,0.3063645235967951,3.3870142347467667,0.034854105923894346,-0.9977723066079327,-0.4590038436852562,-0.4118501723835682,-3.8937126109717415,-2.0076997861155834,26.770670713623307,5.21037848000136,0.4160733124431642,-1.8885558122353086,-0.8060510617626039,-0.7851865714442333,0.8136572339234543,3.3067742022780604,0.30853089627956,-0.01161588084088891,0.09626146620538387,0.7920274907939865,-0.8120762425110276,-0.12038257972956173,-2.13727131938964,-0.7516524240347568,-3.354449792387201,4.568328953260118,0.23513159985853185,-0.22589741137521338,0.6330214511215051,-1.1554738551408885,6.086216123289999,0.8587591826689807,-0.49945073938486656,2.198543074520893,2.5096048629619148,2.8184661731441314,0.41425683318224193,6.130486647175021,2.800059297090161,0.1693455237881891,4.708510951213915,-3.142680881551945,0.042622419687920236,-10.98905979747021
user_696,29.009638201479582,28.24325061946487,-8.32593543721228,3.4231974160156233,-0.2639795089083742,-15.926918837136457,-0.7782210960637626,-12.144941265733086,0.5891550198165016,-1.7595080913207397,0.7740471132868504,0.13090248275207553,-0.5484661000075715,0.5691018393165478,-2.746903484778573,-0.4747746671815674,-0.01351972428709021,0.3167070869884232,0.1358481863686951,-0.02032240776560803,-0.04765939075276752,-0.3698601738089782,-0.0050220876540542,0.03456144198421855,0.005980195987670529,-0.1048465023491938,0.12805873363462406,0.04109180356979783,0.3026609752565722,0.29243680002302685,0.5158986359888723,-1.0455549506765105,0.018398698751527696,0.06927145504106837,-0.07000379906630856,0.26984398229587164,0.6738391800612431,0.4267583096092448,-0.25359296422980976,0.5780267892123815,-0.24125914198835305,-0.07252214928359213,0.17839546534525025,0.5522370500676053,0.5079225305780305,-0.1844457329877966,-0.5092943286936442,-0.14982975580182392,-0.565062944090796,1.2031763834165528
user_7,-19.989382391433423,-1.355308125805993,4.206817436229045,-18.2726553547541,4.351861948726722,0.00855497753243621,2.6474403682630037,-0.44078204140366756,-4.049274253758124,0.09685919509137274,-4.77072741534737,0.146697798678929,-0.10267722643886468,-5.506964679704842,-0.050562519170634986,-2.647690302112874,-1.3918749215372226,1.3772045572682579,0.6005809094437248,-0.8993997594025819,12.387751268965369,-1.3845362024333705,-5.75049783894214,-6.093563640572179,1.8558978002508875,-1.1456096919712164,-0.36715878801873286,-7.4658832584291615,0.8167279443341803,3.5685963647905026,-2.44803247479067,-0.5517663706359909,-1.9389105546712497,-7.318823802007708,4.871966952083426,-3.612948885870531,-1.951592104278245,8.055741661635167,-4.265467135759093,-2.28471621784846,-3.440528418112491,0.9990874297335202,4.836820915214421,-0.26338206541773085,-0.2563626896430083,-8.403581812004209,-1.1176500938773353,4.238559952449842,-0.18309848833752032,-6.905377760489207
user_70,-19.146517565619398,-0.22082979616417553,12.49413907815586,-11.531534177546131,-6.146452935514533,-0.037494116180440115,5.47385577645476,-0.462901872269168,-2.7399776384063967,0.17769090294187959,-5.283657225886207,-3.169718142821186,-0.05631698281117065,-6.220684903867529,0.6128019779161333,-2.4973585044975293,-3.2848614038638644,-0.044531909475298996,-0.22543293639701492,-1.2892989108478095,11.80510423999385,-2.227772458514707,-10.920556707437202,-2.280288163300065,0.9587002696583006,-2.2671745826643894,-0.3892772849781108,-0.3913950163481795,0.9977058168140669,-1.5962401306377014,1.0818233135089128,-2.597851387201286,-4.595415454716846,-2.6904269069696647,11.442159198659022,-2.8878064396123286,0.18489120000519232,-1.9756741199244265,0.7116966418455178,-1.236838162558376,-2.877398595454727,0.3018861470330437,0.26992052805831274,1.523441489502289,-3.4929145608239227,0.7938194823852662,2.961963329531395,-3.748147355507682,1.5706169762156277,-2.076909986491831
user_700,33.062325645974404,-23.82901560893547,3.3464835587729023,-1.3548137511362295,0.1550041735377178,11.921399375761226,0.8306799601093237,-21.822290141019323,1.7678056413000123,-11.735303667484738,0.4583681203291444,-1.1531274190978313,-19.007898683956164,-1.4105378387160794,23.974563958734755,3.8083582406631793,0.5175474533500474,2.444443541407653,0.516482663966913,-0.4919288554607292,-0.35365676427376086,-9.604224702815635,-0.7141238792779664,0.24084063926770427,0.5837555948242038,0.4453911718076759,0.6985318122613489,-1.1293440007101332,1.387344055812113,5.440760701021719,13.056187020030434,-21.717111470395682,-0.2901850893549854,-0.188291106613059,-2.608111714299088,-0.4197796743045244,-7.197164355964191,-1.12832375485324,1.3824862453183078,-3.037166021103376,1.3681498847148756,1.6908035651642903,-0.12433812612892679,1.5211746908742059,0.2890989000795705,-0.6456313007317015,-1.141634297837193,-0.8341836438115722,-0.5570027156443014,-0.6952978079556271
user_701,29.38438172531166,28.480956413388228,-8.467976804161157,3.5207362477065933,-0.2621365880811026,-15.960632112031998,-0.8061339690463816,-12.12064761462894,0.5729751033666474,-1.6794734559803575,0.7907295957018421,0.10445686455412553,-0.5110841565410651,0.6173894565987635,-3.052166412176185,-0.524616079028062,-0.01872044298102776,0.3917821010901674,0.20433386473572895,-0.043639646015116045,-0.019353774391216615,-0.2880161345175471,0.057229298881855385,0.0568000365784215,0.003357941321300115,-0.08139946175452208,0.09424050992409946,0.07620744776176865,0.46699958114818124,0.40332386115223556,0.523532672974847,-1.238865919297798,0.16405031547295196,0.17658944647952987,-0.11029190731368504,0.7855236552812249,0.13311150798036095,0.5943039952384557,-0.42962891613597887,1.1584389632575647,-0.7452575482283715,-0.5308047689726567,0.26519120754509695,0.777930689890104,0.3583444238248087,-0.2892556813230947,-0.35819598372930483,-0.43667794465180276,-0.565121561633192,1.031532697252026
user_702,29.18674223397276,28.411449520549965,-8.417815028682869,3.474587568373444,-0.2607296975802915,-15.827086849637837,-0.7837303740837738,-11.854816222473701,0.5407673798012194,-1.6378981231108727,0.7758503120929682,0.14158618144074156,-0.3127399367112847,0.6184276381755541,-3.517542343471164,-0.594780798100063,-0.042962697704703866,0.26918082522065345,0.1499952598122734,-0.02623501965988445,-0.0003644905835346937,-0.22872274291862482,0.02386771361141979,0.06384423529259398,0.0717869094259278,-0.051091975396334297,0.12862052611605285,0.02492989402015429,0.2941785110496164,0.3014733785718765,0.5697900761646822,-1.0152457837911626,0.0010740673669778623,0.0493588322222735,-0.04499514227357063,0.3020710416138074,0.2167299839910314,0.36815714122769444,-0.15708547327167807,0.3197712234163526,-0.24974809879315682,-0.14839265461608575,0.26512558522766555,1.120367900164313,0.7626642386987532,-0.24731659877943524,-0.5054721929073693,-0.14124664296276593,-0.42950603484324695,1.612087208269408
user_704,29.207442137524595,28.444834362913486,-8.44064634312711,3.467082557388078,-0.25690502941524557,-16.06577807253218,-0.7536011059620441,-12.073553054144494,0.5220470263406155,-1.7178960156943055,0.7701031877760213,0.2152711680392489,-0.40690132097403464,0.6027173723035166,-3.3983980563113954,-0.5296990716081248,-0.099675659075875,-0.06036652446129229,0.004952643286552653,0.008486801226829878,-0.05420305333682569,-0.4279469715164474,-0.060374281809607064,0.055188806621081714,0.19785879343527282,0.0558255011269498,0.22946771791574977,-0.05412972397856015,-0.42209088204318757,0.012079949187592644,0.6985443344075349,-0.4440475083603426,-0.42367448752561904,-0.368052757501268,0.24217145624624736,-1.3603979965213373,1.4058327296264557,-0.15725461841270796,0.6055729337292677,-2.238644505239784,1.5201596080914268,1.4116718133280481,0.036430468178827884,0.32288981706989434,1.3021018196598015,-0.0954781361774324,-0.9505669413936432,0.6664322769301212,-0.4058263105962292,3.2740458940777364
user_705,34.87523974911011,11.823167067822114,-6.095322867405836,3.178508391207998,0.012216400721532229,6.386680899975807,0.2780206388161656,8.62221843847185,-0.21271206241196353,-0.19007820470137984,-0.4425036695822974,-0.34912556704688147,-3.2539331835727427,-1.908988037608284,28.877976820824987,5.769236629292561,0.458938004282659,-1.8493546446856843,-0.7493843831991447,-0.5156950203937429,0.145149614832592,1.5398893936855371,0.5364684359046432,0.13936623439610357,0.1828532045459251,0.7815107499998606,-0.643334512841789,-0.18434425013789704,-2.556388164492866,-0.645061950059945,-1.9035876465214996,2.846248123638011,-0.23748610690042438,-0.5900544370932865,1.170624071928871,-2.5108656744159994,11.07302894960533,1.9994597692398155,-0.2699702216105219,1.1177361841299345,2.9920707008518237,3.8719435301498453,0.1638106396331628,2.6847187202888385,2.8695465183657864,-0.14492499266957892,2.9499470279304636,-1.5910937844686133,-2.11729705414833,-4.589832023187236
user_707,29.77403706528956,28.682870454559247,-8.604311702242553,3.6163943561099807,-0.26754393977043794,-16.087022045062998,-0.8239166006054028,-12.279594544947543,0.5841221519976495,-1.7334181758906126,0.8242493460286561,0.11994926238717836,-0.4558620579059509,0.6345426768374182,-2.868894959248237,-0.4642974214334432,-0.009268948898680457,0.3375638157437928,0.1895963958991106,-0.04835025927847887,-0.05255781072638558,-0.3882397584174784,0.07675260245483785,0.07404063891494249,0.027037625281947718,-0.07708539058283695,0.13277531480666507,0.07628138726067765,0.4522602299213183,0.4116098271182315,0.5853977091889812,-1.2987372391542158,0.1271497681268114,0.17093156157066458,-0.0802264269377318,0.7554289981359509,0.26821131795855924,0.648853605379693,-0.41053852438730665,1.0097652685335992,-0.6458598441969078,-0.40275058040938005,0.2966064957395927,0.6740298131459035,0.4749291861261222,-0.31751563086022805,-0.49933617892732685,-0.35642358656152406,-0.6678155898225733,1.5306245750429215
user_71,-22.718790544033535,-3.4727960120714245,-6.284090160926205,-18.467790389656663,-9.261453250793787,-1.50508955696034,13.215463841704683,0.39705243393602346,-0.4587352794636775,-0.4631308247654898,-9.015564355960388,-3.144700160827527,0.3922702517619913,-7.514726034838163,-0.48701599378360305,-2.5532453169324105,1.3843445165663713,0.855696639290522,-5.024219517758427,2.601922073149135,9.798177786236145,-2.2535144268962535,-3.633058911281634,0.46009742270968645,7.621741971319657,8.107236505623419,-2.543507247143497,5.33983604962174,1.1042392922247144,4.985940132973244,-3.2195347102382676,-1.9245307441474435,-8.337411165420878,1.5585098499222603,-2.772061608670415,-2.9473053407821257,1.3148159926290137,4.385246638271734,-4.672672385211817,-9.305122077937893,-5.213552886176222,-6.440255620480888,2.6520033222220634,-1.0609380302384541,-2.434839378014034,4.80158943185457,-9.332514991066265,-3.264739428931415,-4.840219532670696,4.625006386571015
user_713,33.52234275094396,-12.059194020927603,0.4476864725498847,0.19122216179631604,0.06838680607228022,12.96932103072303,0.850379049196687,-12.011859092319837,1.2277064048451196,-7.887170723101979,-0.10600082500438959,-0.9614204604080644,-17.85722728666506,-2.65879745716701,41.87759668055075,7.898561296318074,0.44008169414433396,0.4404602689734708,-0.5762810664527397,-1.243027895337979,-1.1604558336236677,-9.465649016304312,-0.0854058700735066,0.48216688561649246,0.42367536677129825,-0.9909476179146421,0.6809099521234924,-0.8599377929075869,5.462142777293117,6.194190673354359,18.244929577548866,-29.574763052640783,0.8436903503990203,1.192137267387108,-5.617485893980543,0.8725324842305278,-26.133858755215293,-7.782087077464674,2.3794201438001665,-5.273631932691569,-0.17402516040584884,-1.49156786995121,-1.2371203961604134,-1.8036403443468694,-1.7170402164673824,1.032070924568641,-1.6747845614655648,2.4509256892029803,1.2715081467327891,2.9164308689282388
user_714,29.113591822242984,28.454037538497996,-8.423594805205093,3.450236230384897,-0.2568462123082933,-16.028759128202164,-0.7497140896248006,-11.995132634239422,0.5138275762599002,-1.6876703476259274,0.7689585468721614,0.21861510388516625,-0.3190274469278368,0.6123640538711598,-3.6763999537313943,-0.5808375667732826,-0.10387293958906761,-0.07769900926288703,-0.003156625953334653,0.0014462564263628287,-0.020448753865889582,-0.34103765975699574,-0.06964078052657667,0.05657446391650785,0.20772880322341272,0.05419237349674905,0.21486008100192983,-0.05986409783686914,-0.37838385370853894,0.0038776437840374943,0.6576044946095712,-0.36911084366755725,-0.4180961668393654,-0.35091790673457185,0.22111223879999353,-1.297708646510135,1.136046527080599,-0.22219821618530675,0.5940509230582863,-2.161164788574154,1.4118028767444792,1.2693458034368132,0.06508024997815584,0.6592425590759545,1.3450853211084495,-0.07419263831665861,-0.8744231652217206,0.6574404709869197,-0.2975328037780625,3.0251028251809533
user_715,29.567784047659195,28.694196045158293,-8.57474798929309,3.5558008394491423,-0.2602339811591768,-16.30250501954675,-0.7741193182465261,-12.422116228486306,0.5456219953110872,-1.8184160381121386,0.8051616328019805,0.22211159212712223,-0.4616612217866398,0.6067015067835605,-2.9241635393525143,-0.42720213977699106,-0.09223576293357044,-0.09332697430593895,-0.009154719183217919,-0.011198203145711988,-0.07091407795291546,-0.5056512404814669,-0.0408280014633193,0.060079964442047794,0.19937880541339104,0.055882363869743636,0.22720963397741625,-0.03436687743112031,-0.46157701731874845,0.002227999520895748,0.6463580824644599,-0.3791089135056011,-0.4112984692033675,-0.3432367099085771,0.2599832015140994,-1.3199576864608054,1.447860376453384,-0.13374509350733824,0.5631261176518924,-2.127615271162048,1.4587953994893008,1.3827268284977645,0.015609652966916418,0.10919424379566416,1.1822854945474264,-0.06622759419223083,-0.9117108874632913,0.6781639275349036,-0.4610149107476044,3.1670906666548078
user_717,32.90783407444769,15.188629642154561,-6.374853129099119,3.1430435899781872,-0.05239394423405922,2.4927405396665496,0.03826237127415817,6.440730102648242,-0.15960793412057797,0.7317080993169075,-0.40509222395307654,-0.3388035594940596,-2.17945613209319,-1.3692680288472492,21.862190422028522,4.179529002726795,0.4180915700213034,-0.6901606364070214,-0.3670540053956268,-0.6511798719393057,0.1869956893138091,-0.04790964292951536,0.251984439471859,0.08979059372124853,-0.11085971138183609,0.44998134325421,-0.687784424683998,0.016666013594158754,-1.041713509351974,-0.30328008874323653,-2.254468788203664,2.4193837954548116,0.3508267395848318,0.19515431371460445,0.6662549363823245,0.32957821093153994,5.739426226659375,1.8979885560691323,-0.8566587871794623,3.3393171138187623,-1.119652525828506,-0.28860343437202396,0.0030355831690745245,-0.1114263800016741,-0.25817599016898257,-0.06313404444811808,0.7840657965700301,-0.8614128341334659,-1.068565213695323,-2.191721818971894
user_72,-22.382797044903793,-2.5796548811885556,10.628494985049075,-7.963678486067998,20.777131698466675,-0.8420474382226809,-3.034447561119062,0.4519272149433169,-4.525019023127027,0.6811165488777254,1.3080610460649287,0.018374424106592263,0.2588663924019738,8.135968104884293,-0.049920041147350776,3.5344029037964106,0.5656587716478032,4.848980242616075,-10.365133598867846,-16.90845742121458,3.727468371873274,-1.8523958906807347,-4.871565555809861,-31.943899651418356,10.273667615067938,3.512492871844781,5.975203572594631,4.29480201633548,3.714358828927488,6.179220915382115,-3.2503906203927118,-2.687688492564821,4.323413612152664,-0.18741032933033155,4.691044223696257,5.382380822581441,1.1432048535512134,8.23334182962079,-1.444210122018667,-3.6969922890958853,-0.11168587912982988,-6.804626865221602,2.1585386529421253,-1.4268225187683257,3.1838758053040985,1.6569386503333712,-0.33912978595131277,0.07613886088673621,-5.859015778945933,-1.456985902253823
user_720,29.357654008839027,28.424803820878537,-8.45840538215245,3.501302846206564,-0.25720662955505064,-15.964618814844656,-0.7788213273402946,-12.052347166754373,0.5432371164570623,-1.7199883888834424,0.7775803727852049,0.15816653538750802,-0.47639922293750003,0.6026855039175598,-3.012429784339432,-0.49596247270641103,-0.05979155826759055,0.19575878608329028,0.11151539661577352,-0.027322119875845343,-0.030019712099690378,-0.4035027362080658,0.003102192473566381,0.061630165468646976,0.1034537138938305,-0.00807368456142668,0.16476657942045184,0.007276751637965413,-0.003330741525619225,0.22210607028753054,0.6402677963899344,-0.9074906769166714,-0.14242243628781043,-0.10502474681344355,0.07809828622353049,-0.31220428427759056,0.9515091278482997,0.28558776624488463,0.09026698002979475,-0.5577613992963645,0.4380450619675808,0.5200702792305816,0.14085638934956846,0.4063801676522819,0.8451249646930457,-0.21648401464741457,-0.7193999676863918,0.11560885179313003,-0.5584450294588424,2.384861171744438
user_721,29.617685904295495,28.657860039421255,-8.574887993991391,3.5745177583466528,-0.26270738067190025,-16.070025234842056,-0.792105470957917,-12.14914120222688,0.5479120408088503,-1.7437136152489796,0.8109958265796151,0.17703712057701704,-0.3262451775463533,0.6277658306748002,-3.1349606983344707,-0.4909368419227196,-0.05609804869053135,0.11884126843896745,0.08593876155165964,-0.03684342305380083,-0.030555815835038653,-0.3811048235813905,0.01413264252019739,0.07607935712371633,0.13303955535692347,-0.008398327499307317,0.17926011576691964,0.0025744020072998156,0.03806699439439504,0.21205431984079556,0.6291619627633154,-0.8466869418089255,-0.16211868104468993,-0.07898124791875184,0.07780659274435638,-0.24445089309018345,0.7100721376033459,0.24644453400390046,0.0842447155651885,-0.5578568369438615,0.3634301424299653,0.4322812665115784,0.20278195130819843,0.7380764584716731,0.9785039467358795,-0.21208608795541098,-0.7295940645808255,0.17153489188914187,-0.5127728223805723,2.445965721975599
user_722,29.324420907130982,28.717178211917965,-8.498864811444689,3.5376387329143615,-0.27502774134950564,-16.81799975979651,-0.8322131957630864,-13.267349736454724,0.6195580151676177,-1.7618688065552945,0.8057865388818319,0.18575979811314067,-0.709761652303059,0.6297106507386704,-2.540466406596166,-0.34848377870909425,-0.0701943827750446,0.02476347420810961,0.12033304260949919,-0.08030838398804603,-0.06639855412037009,-0.6595543087911638,-0.073463321225057,-0.010230929493360748,0.012240637128506236,0.0107035827549987,0.38941347884677435,0.08901990646417918,0.5232450914579707,0.3767135203834937,0.9834112735560329,-1.315232519891111,-0.2646100436674367,-0.31268682893966887,0.28007722761100284,-1.9725726884533623,6.037145046597686,0.39601484547757376,1.5064704155258812,-8.576598368973816,10.63171012990521,12.774590448355111,-7.505468530185054,-57.72172684718979,-19.424386074405824,1.2747627121746745,4.714344719687907,-2.5657525303238056,0.6121772916148573,-8.435715037565174
user_724,28.01401633005486,28.06372800454067,-8.08792373402707,3.1622309242151423,-0.2439303227955077,-15.701977369761062,-0.7409579692090013,-12.099159091757734,0.5310479648401112,-1.6331553415210913,0.7388195340658535,0.1382450229101788,-0.21646598068324768,0.5634610446216917,-4.211676877341037,-0.7468748284153007,-0.1128281909404803,0.09096391897765395,0.04402930096536526,-0.07846475478292356,0.24120193546331387,0.8039272729327687,-0.045733132216893894,-0.009364482482184043,0.04381254609111867,-0.08857151710866432,-0.14896710638631333,0.025500055448819454,0.3684120251679156,-0.029719081121468018,-0.4749497150461395,0.7427120996367872,0.18920320343147004,0.23261477465520353,-0.21686805367507636,0.8688656806272371,-2.726638166404227,-0.611348930464118,-0.34301047369997556,1.6374673602827434,-1.6755548426967768,-2.0124053297325024,0.23458422055359074,3.7709012383213336,0.08670069975277668,0.3123950597952964,1.0553316819890655,-0.32016645904133517,0.8797881829933781,-3.848851005362136
user_729,34.3113777481157,-14.855426535540994,1.215795424705441,0.2187237091757465,-0.11097726192455155,16.12273063814272,0.9052117473648578,-15.31420920504307,1.454541644538595,-7.6446801389331105,0.043829898071644786,-1.482955552791729,-17.579329736318353,-2.3466913954082624,43.370754796611145,8.8530222934881,0.5650752184285849,-2.620492619241056,-1.3716360821807654,-1.5492026591884789,0.8277112658112581,6.1385909453074525,0.31183146419903807,0.3044099681253893,0.871633707581665,-0.8861094573741285,-0.008103723932181957,-1.2817844235936968,8.588070418518251,3.2530471872964815,10.711020166044793,-15.919582044084722,1.0129531796516082,0.9343743118821236,-4.987394163528179,5.215057046456636,-39.97113019722588,-9.990282743906718,2.3465494730130927,-11.44079925017799,3.8489856898597763,1.3089835599933914,0.9097400797359626,-1.591590872723476,0.13991922194687278,-0.6153024810701336,-2.532881497120269,-1.0577147240002298,-0.5392949314471611,0.655305167024555
user_73,-23.57639670566709,0.1962905906807468,22.755835648680037,6.969005236715695,23.502674754088854,-0.3040541872996357,-7.8687310301478774,1.711488891610302,-1.2539612067829082,-0.9315900293725197,2.369685644775468,-3.0373512711319606,0.31003981146069914,-0.0006028079464191692,-0.18866327421689016,0.4162391722998168,-1.9304595716639128,-0.8501064781323296,10.69774634063534,-18.43627371774537,-0.9570236661439641,0.642316831809355,2.7760250590341475,12.765845332264073,-2.3275257808019507,18.207786559494878,-0.0017738150830884367,6.419266186483021,1.9603721133721714,-9.096481195526431,-1.5598398310096064,-3.4777220656560677,6.37692512627181,-4.835839184694787,5.014722971728764,-16.573906830572422,-6.3006094393791034,5.649773122376498,-3.496968694028735,7.767887853261599,10.941792365090972,-6.615890223676796,-3.174140805734955,-2.0036234649979168,4.974042309482754,4.828416770209657,-2.499225218522289,-7.170780713266709,5.693609823394233,-2.7350826167718494
user_732,29.707213794358907,28.709868335110155,-8.611095425949676,3.5843142033123936,-0.25977022568177943,-16.297475712133167,-0.7771509783166568,-12.406234322597111,0.5436239214759122,-1.8182913286959226,0.8114281757164419,0.22339968851406852,-0.45569131032102134,0.6168275950698845,-2.9159180111940537,-0.42430919989417776,-0.0928583349022632,-0.09980856993086251,-0.011429240636381743,-0.019420559154953256,-0.06372617961415478,-0.5283843254254118,-0.042943390602786194,0.06769771467374046,0.21129223993351773,0.0634903704763232,0.23686075450373584,-0.03870707185252757,-0.4651091847026287,0.015516020130007812,0.6856973129912596,-0.4303286745981966,-0.43298441441839053,-0.3555223448524608,0.2734323939148804,-1.35677952829061,1.5255440301384366,-0.1137111136370738,0.5782803493327454,-2.21819347607263,1.5294751513397775,1.455937771716025,0.022721361011847713,0.0805674267002993,1.242215602376077,-0.08624501643490541,-0.9790809834006902,0.6943848602672229,-0.4954957896693252,3.3942585790329245
user_733,28.454784124597012,28.31056734185565,-8.230861614968083,3.2750292203340026,-0.2498433711742774,-15.859742164276943,-0.785961052038116,-12.425376048948332,0.5765543937288702,-1.699748855565934,0.7816645383405019,0.09250123006214743,-0.29767465002353066,0.5763508310897194,-3.6364662134705377,-0.6506292882496341,-0.06432391857713697,0.26763184885314995,0.1254087726512296,-0.11946043415032014,0.23928900452578047,0.7866614316534798,0.03030945509870475,-0.0016626710002761757,-0.04415265872015261,-0.15346748391506776,-0.2081107392682365,0.10363311112432505,0.7651649489083364,0.15792966167557065,-0.5852259418296162,0.38811790882445657,0.4765872308745397,0.5146682750292675,-0.3683564386429211,1.9399516182256151,-3.2812672531224196,-0.21444725362716666,-0.8768902825622772,3.3437265277843777,-2.805696249378788,-2.9583353874987997,0.33692173693519656,3.8066909253531405,-0.44037951672728787,0.23418810833982884,1.3364984999245844,-0.8272517886704683,0.7357176222218946,-4.899865746524604
user_735,29.646059325725858,28.648846718510388,-8.5820443764861,3.5739950188314613,-0.2608790357175738,-16.124701913551682,-0.7823231586717981,-12.196983840740058,0.5396281120644837,-1.774258961340467,0.8073657981286523,0.20200629832056555,-0.35686836844415165,0.6212552471740865,-3.0512410856390093,-0.4645489436021999,-0.07466318775875418,0.019766327484316885,0.040468418585042194,-0.028353178989703666,-0.04228504839427741,-0.4585821236121477,-0.013189095721687956,0.07630093812347076,0.17749397459540164,0.027590439857955867,0.21355706815849562,-0.023363652674628404,-0.21111842103192263,0.11999016612096236,0.6786920818419611,-0.6698289223970463,-0.30715037167283665,-0.22203954905773302,0.17570801145950768,-0.8039529505800871,1.151292474206217,0.08849790163714936,0.33935928670964854,-1.4120633562253673,0.9650518535730337,0.9679185392787512,0.12377517283735857,0.4386454341321734,1.163195260489222,-0.16253594578543915,-0.8917130568468579,0.4420844514050999,-0.5176599689178609,3.056973789215279
user_736,27.960523558898384,28.052023192204345,-8.065328640932213,3.163699918873642,-0.24761425740399193,-15.62429877998814,-0.760645872470822,-12.0558422138798,0.5469306340100649,-1.5680029411209473,0.7434619014989655,0.08335066336586446,-0.2092602559921308,0.5839728481801315,-4.358570316520926,-0.7966602443430343,-0.07200158599427421,0.2886432191858968,0.1378793902459174,-0.1068383272853045,0.2737265044747421,0.8618179311882121,-0.0018431272550337207,-0.005963006332255131,-0.04262943321239179,-0.15038107846507348,-0.20076579229614472,0.0785975411982411,0.843687460137615,0.17712115543468307,-0.5144581173770159,0.30260921755302367,0.4627489382213886,0.4803454824690894,-0.3909926543345007,1.8937236463034959,-3.3828274751241967,-0.24889027645409215,-0.8254123995034603,3.167092483866836,-2.7215150502887813,-2.911109066385247,0.37654427608155727,4.068961635770705,-0.2730288073796548,0.19916834046477272,1.2772935247840962,-0.8258072687309468,0.8016812707781337,-4.734517229612314
user_737,29.237809289114065,28.44320783991312,-8.429508017359796,3.4854242726170455,-0.25935150442754823,-15.967906050971834,-0.788503319618833,-12.089643580717183,0.5537497155708241,-1.685057486306051,0.7796596835349875,0.1281223215508035,-0.4786315416052623,0.6151069055645129,-3.1717013445584428,-0.5405374176446814,-0.040694118106187255,0.29426987249071745,0.15657333369705256,-0.048684755238877706,0.007622773647820987,-0.32355030074528784,0.01862884981605669,0.057964937037862624,0.0528083130366168,-0.04438473695642541,0.11647527305344337,0.042939616518974315,0.25544212634788305,0.31376597433164477,0.5511021251236726,-1.033957963630647,0.02491331301618186,0.03983424223961014,-0.028279805438765182,0.2673143502053283,0.42553472872052484,0.414653930333983,-0.18408927414330017,0.3552087760153275,-0.2101099549338952,-0.07181061117699539,0.2054236910529481,0.6597311772550749,0.5740714987581607,-0.23127163731590078,-0.4825276569083187,-0.17317546357610827,-0.5153515927594422,1.5217706879459214
user_738,27.13882453259904,26.070604282504807,-7.214565882760765,2.788384265262633,-0.2725660390226676,-15.01215049115905,-0.6520543899630317,-16.92235134391946,0.8362533027487746,-3.7029104963614254,0.9965847415506607,0.36247823389650274,3.951971441451758,-0.0034511066890062277,2.4984554392048173,0.891613724883412,-0.17714332735216998,-1.9469231510946652,-0.5937855936584798,-0.34196795024945575,0.505432643921656,4.542011619419485,0.3024738236234579,0.011949625734815837,0.2937585824129828,0.3386586885147439,-0.2801334832299689,0.38706956517728636,-2.122396911533959,-2.6269729311532797,-6.502220979420795,11.999819814490367,-0.6622827698480327,-0.47624278036562273,2.2644355572843824,0.7539086641166609,-7.913297404624446,-1.745754846056372,0.7797968139278845,-6.958421552290777,1.195468714976268,-1.13253515718359,2.873829729292272,2.88618178854416,0.04381667900834598,-0.9103816554578749,-3.300806332965512,2.5626543236712744,2.908639870839107,9.487481938182663
user_74,-23.16208527057383,-7.990685318775955,-25.710857099142682,-38.23460541669979,11.356402949079486,-3.2697123802372503,3.9114598660231943,1.7290625046545622,-7.181914595675265,-2.7680083893454537,-5.962014152534292,-0.33857168124577286,-0.06070767260758799,-2.3030265218312853,-0.6062362601900637,2.8245076829381563,2.1471228790365005,2.629699596131648,-3.435570179304568,-6.030983850233057,7.3610650323525055,-0.6993587894895367,-1.5925064147030061,1.6702758150302606,-0.47672842230443724,0.16825669259251944,-10.4032404347208,-9.5893988973378,1.9018913874239318,2.213727651914741,-0.6238898195052917,-0.45770398634020637,8.32353874370949,-2.0875358678523175,-0.8251212913554073,2.088652350616709,-2.4824897575676537,6.0863481258330205,-6.859024967512986,1.5075508566218299,1.6105970486817478,8.339080305124485,-0.4840672449630525,-0.5382770948990556,2.306341934665471,7.344683643379075,1.9774283375785149,-1.8211556320627438,4.319897867107159,0.7434790519576537
user_740,29.19418900734749,28.461620183164445,-8.42983839466033,3.474373152995537,-0.25795221579167266,-15.990011170211764,-0.7754245708852956,-12.057069030996537,0.5381373194510468,-1.6852364435715974,0.7778347763563196,0.15702226563165386,-0.4136711786977838,0.6195329810872175,-3.3791719478945303,-0.5654287643113566,-0.06407448564737254,0.17563300015279423,0.10282662476052798,-0.044115469595651845,0.02102762784801056,-0.30587519335726254,-0.015313927192149497,0.05919361988433779,0.10661242876344863,-0.010812380814880476,0.13825023968096609,0.009701184486015653,0.06141322391024332,0.21255834402552098,0.5637572212308939,-0.788563087163884,-0.11477870894513434,-0.08081707849655456,0.047560792602742964,-0.21962036854112987,0.5770648770473631,0.19097131291963515,0.057826477361198815,-0.4171560496211227,0.2754718596068122,0.3166158898114049,0.16211937773936985,0.7348374209139524,0.816481991044334,-0.16923038250361427,-0.5725044859209537,0.08460295190307791,-0.4127256052678458,1.89231897130133
user_743,28.539929486053182,28.376314098798584,-8.270507693853888,3.294316365023551,-0.25002942255043026,-15.959349759218647,-0.7795671153395803,-12.497896234205864,0.5693716088869072,-1.7104516860714132,0.7898318161443719,0.1183619901423165,-0.291205452206495,0.5904490766596834,-3.7918001042901195,-0.6621175714983778,-0.08509418612425151,0.14492669185713275,0.07375748879676765,-0.11626215468915596,0.23667494833708705,0.7572489778319507,-0.0036097118299631818,0.0005955090583831356,0.006326296540914564,-0.1170397330993611,-0.17527337680737481,0.07729115437590912,0.5716252315140414,0.0667485297089351,-0.5429250491847207,0.5861610327760488,0.33576661486266085,0.3857839428485594,-0.27950522772282277,1.4218021823586922,-3.030414036868369,-0.41807183976517154,-0.6319670263339665,2.5051238604477244,-2.252653427489004,-2.488046935779271,0.2846058912336547,3.697818482948843,-0.2223964295564059,0.285343459088055,1.2090795525523998,-0.5714117412509062,0.7862463251043945,-4.416368048663662
user_745,27.37489521655499,28.439887516116524,-7.984139699025668,3.0831057070525016,-0.2527805953055594,-15.945974708469118,-0.7382937554871589,-14.334859719872433,0.7592609588255494,-3.4574381417923155,1.0260123492098399,0.3623269117839279,4.630945070787659,0.46150959957990645,-3.3827865513046245,-0.5032326080599854,-0.06618212035335137,0.1824168477501241,0.0905324163791399,-0.234516814934093,0.24015741913017255,-0.299796578758279,-0.028288975932748612,0.08307053742617052,-0.05157111306454046,-0.060294088598024126,-0.44784398373380985,0.29397255603995526,0.7406349116843323,-0.29753227599972454,-2.1671665475098716,3.1992112133442614,0.39413288442332384,0.5613135715231204,0.21047609102175383,2.7521801486895314,-6.365093356343893,-0.6784398935257606,-0.6633366731289169,1.8311298103142344,-3.229635321084927,-4.020617912098732,1.798634348466417,5.7292377989215835,-1.2949736853943026,-0.23106995484178042,0.5267141456630201,-0.1513680120145808,2.139717248639582,-2.997129192679419
user_746,29.09636618201275,28.33028317178886,-8.358178557462113,3.452516229341255,-0.2634203827778324,-15.97615812822773,-0.7929141918831221,-12.23067650804598,0.5981215061941888,-1.7389924717512384,0.7854706046809877,0.09872417704198024,-0.5818766386235725,0.5979351423114282,-2.7920969526210166,-0.5036631763989737,0.0011703242327474885,0.4161882207257463,0.17808929337486687,-0.07023548562057898,0.024826723855342146,-0.32733775858923375,0.0028499634733765863,0.03653147002174581,-0.034409854376685416,-0.12793679426285812,0.07753196189643442,0.07754123810705428,0.539295958966493,0.40442928279161106,0.44974004128307216,-1.2173560059864263,0.1700476444911015,0.1997128874299321,-0.1572323261533231,0.8063691237775457,0.23690117355372772,0.5780223539612781,-0.5239112059003981,1.4175384186409534,-0.8212703245945291,-0.5933909103337383,0.23235734088081125,0.6933509243143483,0.24402828573985766,-0.2108468128926822,-0.3281457503525974,-0.43050018852469796,-0.5640043506939162,0.5259818231025977
user_748,28.059271629865282,28.081532834256915,-8.092082591137078,3.1829273205572126,-0.24671464491282047,-15.675027510175696,-0.7651567693361453,-12.142022462566304,0.5533418791806792,-1.5934256923952503,0.7486420519705018,0.0804947169010831,-0.26733536183088136,0.5826659948777169,-4.183326804828455,-0.767973991088593,-0.07207203654110855,0.29638170907743594,0.1383632108748767,-0.11466983329513442,0.2763163159910913,0.8467485447891173,-0.0003475054986352159,-0.006839439122987767,-0.04683550525715199,-0.14865029517650766,-0.20950180067277194,0.08655825207474774,0.8226578712427597,0.17716035385839635,-0.534427350267132,0.3171003097796158,0.47078320603035845,0.4845323702239535,-0.3852594497641618,1.8942552317102193,-3.337536025230284,-0.24206765709785705,-0.840971013133153,3.2163606780084906,-2.733903186488103,-2.916364128072884,0.35375770734436796,3.952845002886252,-0.3484675148628467,0.210633894169747,1.306238812253165,-0.8451942664820232,0.7874261488437836,-4.8312533483083815
user_749,29.266900401151364,28.428330535132897,-8.434348113836748,3.4913633252681118,-0.25922826463537624,-15.93549229971477,-0.7873277887988883,-12.033776441377684,0.5482884301909512,-1.6728192212582862,0.7796545810613765,0.12948667046513787,-0.4513372803188519,0.6215623723153924,-3.2361706338683986,-0.5506041679141394,-0.04082706056447388,0.2892424291053185,0.15585284399545374,-0.05196690735107942,0.012551151575256695,-0.3453109749209269,0.01561992969051563,0.06375114959197759,0.06260752629250815,-0.038818379489127565,0.12901671655825428,0.035203154884017505,0.25982454243902503,0.32588599088612447,0.5955115244163945,-1.0901607228263421,0.004225910953305102,0.024704290148903008,-0.019545590728105106,0.23104297458195225,0.49383776291238757,0.43594746779137533,-0.1630025763445766,0.2510691904243993,-0.13734376472536694,0.00411095975769928,0.21921300811940003,0.6561243383803632,0.6543489139435291,-0.2546103318651421,-0.5582711272521164,-0.14845859899218142,-0.547167336148402,1.7760594006988728
user_75,-20.690669474911946,2.093216876109228,31.986482320938894,1.2619936622022285,-16.576521933538178,1.5953891365151436,4.929650651139452,0.5017956047479734,6.362535248790774,-1.0653183675031481,-1.7363233370425006,-6.889492023677827,-0.12247448563878431,5.114946544539457,-2.220436189495117,6.518767583420818,-0.8168870025808712,-4.194982902928827,5.375834733772458,-18.360767329633884,11.55816318332728,-2.992421272608837,13.426623443027381,3.3565288085692955,14.992428400063403,-7.089282949806978,-7.46155878392761,6.617208497138511,-2.477076937746775,0.628484104694828,8.843699184622865,4.455881742717814,-0.5625616789898527,-4.354791989198838,-2.947794019844908,-3.187685009741283,-0.862723717141964,3.32172145999022,4.129305435674731,-0.7502899763604276,-1.2478832796635013,5.717042965119197,6.093813233185161,3.62758669565955,-8.223233992483356,-1.2530400101035868,2.464720202781025,-2.591291490941508,-2.480233091077982,-1.9353367757882416
user_750,30.17638891313999,10.529056389610348,-4.459309574594202,2.042194623475443,-0.05888470148628505,4.09705685311962,0.368983887497108,2.6833326243483206,0.12161353942833494,-1.1535690436329342,-0.4719569392832075,-0.4255096903027822,-5.0225487360654055,-2.4758914529790252,33.24359797963354,6.299513658879457,0.4756338767294665,-1.6156499881993864,-0.9461376583655565,-0.6842787437631163,-0.04016612492797806,-0.31044276496267725,0.4086568030887213,-0.008255481509460571,0.022117870808558655,0.7256081058105267,-0.49326135443023295,0.36133161439443734,-3.142666823404289,-1.7271832036903416,-4.332563329238938,6.838535222985645,-0.6593422550543222,-0.4314530560953441,1.8436726702067172,-2.8532717284417934,12.938233557684972,2.3843891316790877,-0.30921812050182035,2.1669177461763955,-0.6259938430018049,0.36930835189948075,-0.5680013461011499,-0.22255503528780898,0.052305262386596905,0.46123053446461515,-0.26734853923722307,1.1221349868072812,0.04308601950171609,1.9032623487791818
user_752,28.07439283014263,28.08538059335306,-8.095593490167277,3.185539132036632,-0.24614276245040698,-15.685193114491202,-0.7656030809342038,-12.160422650654924,0.553761946679421,-1.5989837834802063,0.7492739815269867,0.07921528840570882,-0.2805888105160094,0.5830232804036671,-4.143989779055428,-0.7627502316886425,-0.07248742345508431,0.29909152766031893,0.1381049375425415,-0.12013569699588988,0.2835041757452105,0.8420940400587418,-0.0018406417345469231,-0.006537206651755461,-0.04683582924599341,-0.14700048480386624,-0.21324606067212326,0.08790562584519608,0.8179733557014249,0.17891357065803803,-0.5403018654453713,0.32034688419536916,0.47224148856177534,0.48444035809384695,-0.3837206342127354,1.8934995154995542,-3.326474255135042,-0.23939332407352773,-0.8454113306607204,3.2285326239312377,-2.7369682809455695,-2.9176264741396385,0.34771638689625,3.923280300736002,-0.366905274126739,0.21425096032096408,1.3134935676870332,-0.850030170187313,0.7843470517685636,-4.854643613735463
user_755,29.79777476923927,28.766674231482416,-8.632266337418988,3.613470920736479,-0.26147788642486713,-16.273869057012032,-0.8045152251956396,-12.470921949795365,0.5696198369691432,-1.8087327886160942,0.8258975569269811,0.16489380436000434,-0.5121879637258112,0.6288431699760112,-2.7406182514888897,-0.42872812811728345,-0.056023937947538224,0.13731017281717195,0.08761679337387841,-0.06299825777481777,-0.015759318640828926,-0.41245877417458154,0.01132999073781001,0.06781071643770992,0.11156648659676767,-0.006501692658118595,0.1451121608235704,0.03258597058222834,0.002394293624646534,0.20801921587307134,0.5389511807699638,-0.7629749849450995,-0.11564482321561362,-0.05910563939862761,0.08280222020055668,-0.21130276175708218,0.730444778519081,0.2353727003645494,0.02092213301683239,-0.35816315633584617,0.27360811939835417,0.3568913315350357,0.1330764953018587,0.4112494630246648,0.698394070279797,-0.15721112405796672,-0.579807743250457,0.09728595490013876,-0.5170816457749884,1.9343140789359876
user_757,29.692714127073554,28.702367516305443,-8.607240165120912,3.5817006947959316,-0.2590456214345878,-16.26831990283644,-0.7746514975738208,-12.352469600466852,0.536631579654062,-1.8029760292440706,0.8107272729978344,0.22408875513010545,-0.4160046170232471,0.6247257464570286,-3.0292391972753023,-0.44604837935111236,-0.09493022996502123,-0.10651982185817607,-0.014995060246997602,-0.029802391453675255,-0.04022239547441108,-0.5177671029980829,-0.05032908575650505,0.07233245380297354,0.2215146444806589,0.06854971479873985,0.23675730435359674,-0.0455143561850715,-0.44996154255220827,0.023067263320132307,0.6970443840163161,-0.4410309268862308,-0.44408380021242094,-0.360723934482415,0.27313950333633924,-1.361084191501987,1.4883121271511448,-0.11854807549912771,0.5851914248550308,-2.2536443041510754,1.5395368269268437,1.4583819886683076,0.03727417805695337,0.1702699445510305,1.2980183518080528,-0.09214606932397625,-0.9994349961734535,0.704747174660077,-0.48265619079178507,3.4655635768227957
user_76,-18.469104957348513,-0.05447129568363269,13.82486618933383,-12.749627048861974,1.6776779656561744,0.6411593146450225,3.2103430298651507,-0.4958360157591151,-1.5183438159571734,0.29571960207023407,-4.765534001038253,-2.1293172022339344,-0.00563659059603224,-5.1514675627571105,-0.26242378790975224,-0.7429876208631266,0.11744515428119025,1.5258886821497455,-0.3786605881960898,-2.7425354976921796,11.421217594186908,-1.6126703993931193,-6.191711336201662,-1.9103527308664945,1.9437181685322882,-1.7088891697491142,0.21907319249293264,-4.064986598627643,2.2507618849638313,3.703185843823352,-0.9951229125133891,-1.5578738805746144,-1.7495918720724588,-4.525654565668846,4.586022308880338,1.7995349149896132,-1.1103258760050345,5.233241844538488,-1.0830462548308046,3.6362937981794414,-0.7565375564956118,0.6947750440952786,5.574027535700232,-1.0979073318928396,0.002484807913588695,0.7596684572521973,-0.8210577109724728,-4.277085866448866,0.6201178807908291,-3.67472429636009
user_761,29.187447278265758,28.448786154380844,-8.42981735221042,3.467763850509119,-0.25563488564356346,-16.02036443708459,-0.7623191062684761,-12.055603964933677,0.52398991903006,-1.7011551412966601,0.7733391978695026,0.18249881773737792,-0.405860680233011,0.6180834234136415,-3.401474579476111,-0.5575575823656648,-0.08473894171024074,0.06767051074023614,0.05347756628726816,-0.041280187672200666,0.02291293332162956,-0.3703075273824067,-0.04775858761826034,0.06165625028431801,0.1582669981886416,0.02921785962931146,0.1735529327616801,-0.02429011677919556,-0.16971484257931155,0.1249144049764721,0.6247261035066979,-0.6230364521928438,-0.26958023651145296,-0.22645454326907094,0.1445737732790926,-0.7815975497029922,0.9797615492473438,0.027451692966325415,0.32054737629512314,-1.3054960763698706,0.8844340785927605,0.8551581434504322,0.098743575165557,0.5297833818641859,1.0569117791239269,-0.13022026449521137,-0.7557526123725281,0.3651353143907479,-0.40818168944649585,2.57106347024858
user_763,28.23748750832414,28.319683522207168,-8.209960444375314,3.2217077271544365,-0.2452415823154245,-15.94731330929049,-0.7290847017303931,-12.289115361778943,0.5126294777570923,-1.6836029451776353,0.7676739651689359,0.2055714056376766,-0.07476013353208993,0.5926031422147472,-4.458344063639064,-0.7365453319936884,-0.15118878355084578,-0.22756267154923396,-0.08874685764945706,-0.08667587186616944,0.25117362412666133,0.7154588154632382,-0.107837304122815,0.004456647566301998,0.17377534265034392,-0.006359318387085448,-0.07260305602910867,-0.04336086480508379,-0.041702727876026115,-0.22219290987893936,-0.3937962212828312,1.186083257853536,-0.12996390650409945,-0.028548580597736368,-0.025749929417862905,-0.18384734659588275,-2.264955695325587,-1.0257804852586487,0.1696779483809774,-0.1284067892084148,-0.5590870956376411,-1.0673003701362553,0.16343339161283504,3.720864093879889,0.6525227001834701,0.41581622610971786,0.7323288314046328,0.2915863883134202,0.9745732564669071,-2.6300013912984883
user_766,29.424693788932327,28.57320561575442,-8.504802666567281,3.515455581408046,-0.25962710451153515,-16.302841441506253,-0.7641900345873455,-12.509784529063758,0.570412906203232,-1.8945026722436833,0.8041672578757715,0.21977408723447078,-0.5273242620976671,0.5861813559503237,-2.5267881324958927,-0.3835644007275063,-0.0754409238519057,-0.06425279830454024,-0.037037041047059654,-0.041649798806489974,-0.022030464139302937,-0.5311416077526938,-0.0891560052956766,0.04208183455724653,0.16720338335367982,0.011077474375359936,0.20552440219856255,-0.033611123951089866,-0.41438004271858936,0.001662313964145637,0.5659931578647006,-0.3501044728848223,-0.41344673920010244,-0.3149570190695647,0.21817118347417835,-1.2969816630639963,1.561292262135571,-0.14700314352100247,0.4666141155011971,-1.8442039820236935,1.3709888351607942,1.3036301185931176,-0.020997182459334546,0.07035805642782343,1.0763013998252762,0.009300155216668353,-0.8860157708443721,0.6829191291462845,-0.4581897149016074,2.6850451007181526
user_767,28.9410880496689,8.985515536159049,-3.278733928102874,1.7604956522227275,-0.2891959559261745,5.636512279506197,0.5013382728701155,-0.5162830025189512,0.3018788217427101,-1.5625963127315086,-0.3851268372640328,-0.5825328396512199,-5.917938631524676,-3.16124591066165,40.62035705964655,8.047441465121278,0.17203924802795204,-4.6212949944385695,-1.7642447468325566,-1.2291094291485456,1.544179294347108,11.620905015187457,0.7997794138902354,-0.2745068276755549,0.6334131975068477,0.8003102629292976,-0.2223167765166354,0.3315628895627601,-2.8280197903852367,-4.814996308131541,-12.020280642172857,21.124831206521726,-1.7280299600895315,-1.163729430871675,3.6481621582321893,-0.649489520827796,3.794330737783779,0.8234605766135538,-0.18708318452459377,-3.8587580153990744,2.9532430209265126,1.6273610786658703,1.31950981804366,-0.6474097766224418,1.0784196229449194,-0.23363011818537363,-0.22182970415219355,-0.29793980345476095,1.0822004659454765,-1.7640326056530635
user_768,30.63651453203794,15.467567450363282,-5.910219316634721,2.6420658909970123,-0.05585745197264923,1.8135237692586033,0.04008779947100364,5.346928712843373,-0.11685894753911959,0.7055331679507282,-0.42506152713041984,-0.4233230054124086,-2.066799673218147,-1.3514370234886006,20.06567703827896,3.810744544588176,0.4468024136214177,-0.6422820422589666,-0.359255385318169,-0.7858914882611289,0.6564230007956843,1.5386836315221573,0.25967676167399323,-0.034035492565965275,-0.2565771549964767,0.38948541190789593,-1.1740435176988786,0.12719366968704315,-0.3239453876209786,-0.41153913572605627,-3.7506681865942304,3.9605709721111215,1.094782908243651,0.8130037212731769,0.0807869566439866,2.296629681583037,1.591718862220846,1.0808202170339207,-1.6043490538411116,6.90161382557276,-3.960407312934766,-3.362017287017699,0.11157674701674886,3.415147088215752,-1.260929814945044,0.41789923459776596,2.652750167995743,-1.6962532521213456,0.6780977428686356,-8.247622133770346
user_77,-46.58718863690953,-23.763070634045803,-44.52795523485813,69.27760003570914,24.25909551532342,-6.185694420453124,60.11823681484309,-1.8118283038484169,0.050019817113398826,-1.1060909400377064,-20.790252052163854,-6.776098969932508,0.5386910206958947,5.749720607172449,0.42865131814074425,-1.2053780428994816,3.537202566641352,0.5653825873083448,-0.5350789596932854,-9.763264339850819,6.878286414094648,-0.26232021481412765,-0.8052169893701907,1.7585865969475447,-1.7939238505181028,2.1178921833570006,-7.768711210866311,-3.489307825965711,-1.1542579020983543,2.3928954609684867,-1.029098301986394,0.519151109434883,2.591884959244314,-0.18993609703566855,-4.259939211883939,-3.3735638742467624,-0.7998360120750037,-1.5314017738598866,-0.7300310411645488,-2.0280571080975314,-0.17772807414779637,-0.3935832181741475,-1.6288467897156123,-0.5895747683732879,0.8885859779537699,-4.040842358090466,-5.660221463370723,-1.1884484205792285,8.37157791635408,-1.3152458432132603
user_774,29.421421583835667,28.457886185601662,-8.474862012907586,3.5222046307317414,-0.2575561036751558,-15.973288908960813,-0.7912621419603723,-12.092757250339014,0.5505183641096941,-1.694012562052364,0.7869049958376272,0.1264092527861079,-0.49915640901811414,0.6269929145346059,-3.0702322161609867,-0.5230069493321329,-0.04201234696090432,0.2924812588342103,0.1543916349155542,-0.0685999051877899,0.02454206851800645,-0.38540572820826174,0.013283988996880495,0.06814377302465026,0.06755300894269166,-0.029153541628451598,0.12851152411666655,0.03607599634342148,0.24001780100625286,0.33903748449772103,0.6131945597715005,-1.1287227940045281,-0.007113870018357897,0.015558203838891978,-0.002714055740454756,0.19519616695094477,0.6166502039285036,0.4657420784085771,-0.16313092415378389,0.21039216083196702,-0.08196974678208231,0.07315618798265541,0.20404139672021454,0.511223468747579,0.6396101798213423,-0.26598460895984466,-0.59790284304943,-0.14962838761978373,-0.598750640290203,1.9061719732947993
user_777,28.243954263645566,28.284006465844378,-8.200919905341392,3.216742363282775,-0.24316222980711863,-15.914933520034207,-0.7285328397105922,-12.272575819120004,0.5116671419173122,-1.7038496302609778,0.7620684112270849,0.20558713366451983,-0.09528938698580038,0.5802209894848185,-4.269677322657404,-0.7096965306501725,-0.15143919772632894,-0.20575264443903327,-0.08503968863967437,-0.09002486536521231,0.25914211289125844,0.7073973281947031,-0.10347456297299425,0.00468184714014259,0.17180759326364684,-0.007416507752916109,-0.08217495890155334,-0.040268959171809386,-0.07861321108208562,-0.22512426134736704,-0.41521430276908067,1.2045270518790965,-0.12644625707028956,-0.027678039099411692,-0.024899025074258816,-0.18127944262653872,-2.2017395805821365,-1.0070068704963797,0.16051134849842685,-0.06548310754349684,-0.5807277449886694,-1.0842165851970427,0.1434410094208335,3.6592251748207842,0.6071163144243141,0.4276369551046643,0.7520037491114685,0.28423918401205334,0.9667573076108641,-2.679154129611874
user_78,-37.6510175438725,-15.31255138317992,-14.009505161306988,49.65417672197776,-21.21762319663823,0.8731731082482364,-55.387017543616786,-4.578069113735883,-70.4327405735823,-7.987154560282376,-42.76612474076139,2.6698970289872217,-0.2218870211408737,0.43234339888595713,-0.567882777204367,-1.1923807736639835,-0.9965378438325918,1.6895599798655911,-7.993136128482886,-0.3944492002890114,9.807230934574639,-2.0733668912096763,2.8329970047165838,2.2353785415513467,5.2214876072701015,-0.20458786435413498,-1.1281264515767775,-0.09628948597249623,-0.7825938635427988,5.603260837902935,1.823194475112179,0.6384610004997845,-2.9824432456787275,0.06709705919217089,2.5078941349209627,0.8656889088444689,1.1009900374314994,-1.598697466680335,-0.5007516573710187,1.9286414007968986,2.881970881997644,-0.15053667213176739,-3.7234195143813165,0.7072844645536277,-1.4120207202412383,2.998894686702514,-1.7785283451917007,0.5125057428092477,-2.6894854245664526,-0.800467299588233
user_781,27.852283309762083,27.96578773130104,-8.023808794549476,3.1183537988211896,-0.24279885438368567,-15.78937462191377,-0.7193854794407835,-12.24967534993054,0.5460582360258611,-1.7182446488606211,0.7379707954344603,0.1590283178791851,-0.29201060607243556,0.5490422152695067,-3.9222148836639934,-0.7062522724185039,-0.11574220472626234,0.0006282082624442756,-0.03386335215445562,-0.10429305147727592,0.28197775853085927,0.7056955421583594,-0.1295793905557649,-0.027849340078151694,0.05831963043949196,-0.09341423248929695,-0.1307251290393754,-0.0051057135873975755,0.20681732408892464,-0.11652106362990572,-0.48766160846310963,0.928897753585805,0.03880172052592357,0.11534139431627456,-0.1619166730823055,0.3287530721224325,-2.236630580180148,-0.7988651340714443,-0.1778136466798582,1.005802695344858,-1.1425351090082507,-1.5389910303107803,0.13783651343909006,3.4948970052775223,0.20997716728745128,0.42402936209782205,0.8988820024865438,-0.03762219350156648,0.8833561605812562,-3.672662992183366
user_783,29.311824884924835,27.153109924598795,-8.12737255691384,3.312418319907743,-0.24594788014678476,-15.670402196765366,-0.7293996504862365,-13.413490188548135,0.6405533864728665,-2.4146561058253955,0.8026046309998784,0.18514650545998265,-1.1912102524857728,0.3444398770032895,1.2224198764665815,0.3281845755592845,-0.028078630143262923,-0.4216852385561469,-0.12808240431452486,-0.03515594209546583,-0.12618483012151138,-0.3695468528552889,0.07040796921156317,0.09569117974893321,0.22944047709062462,0.3495701232212854,0.203744928167655,0.21981351169923222,-1.8964631740972235,-0.4348631419803819,-0.3950594132014918,1.192145926766024,-0.4926283844665726,-0.477648337169825,0.8757341289121855,-2.0767901181863513,2.417164700995846,0.11112387895598728,0.6997562802685774,-3.3841055671666753,2.0703304039794963,1.6754302883484453,0.5693920579595699,0.8180894861528597,1.8355851797224145,-0.33799784160980634,-2.1480054032565357,1.631568373472823,1.0275957507384732,8.212759805393038
user_784,27.902459924576434,28.039948757631812,-8.06118461979033,3.134426892013468,-0.23953772041960983,-15.708066469605935,-0.7220040704092147,-12.053358711831054,0.5067657646128112,-1.6323277849501252,0.729995202601415,0.16150259474758072,-0.1662615471037326,0.5698416172324261,-4.375184185660612,-0.771812447334356,-0.13813025359073328,-0.01947465200395929,-0.010960844569976522,-0.09982161558692523,0.29635915601845686,0.7737651360852513,-0.09330739425189254,-0.004262810586803742,0.1044695472934171,-0.04224843608181745,-0.13117174739629128,-0.014257632934091394,0.1606712320278978,-0.11194442406038103,-0.4428302813997405,0.9452774529044993,0.03645055086329546,0.08950068446849797,-0.12974183247972898,0.3337017891717716,-2.4545673421893537,-0.8003715035859315,-0.09215004071222042,0.7947487105811388,-1.1234626838731696,-1.5455640365839907,0.1802629312964945,3.71578915082433,0.33994725940990855,0.3663346912720501,0.9137480545087948,-0.046123979711208414,0.9376362867054735,-3.3039796811639848
user_785,28.15957550661966,28.17160256176037,-8.1425837343803,3.187036777460568,-0.24522121561621305,-16.035691333699464,-0.7261102095751122,-12.573942117569121,0.5581731661034165,-1.8239510664810967,0.7670389313721678,0.1958492883655239,-0.3124239614302313,0.5442340723183741,-3.556438077209295,-0.6035732538764224,-0.1262691046760701,-0.1653112230637459,-0.10471137908657638,-0.10160686638911794,0.24584899957086673,0.6051928304731107,-0.1392414399346833,-0.02171521168818979,0.1143171937653221,-0.05777120728309088,-0.09655410505403249,-0.02193410812647419,-0.06087735443585765,-0.23262722516948078,-0.4974332674287221,1.2157959316732379,-0.10649275863298338,0.0015320598094754859,-0.0541552506840025,-0.1845140993762881,-1.8765069679565767,-0.9822728196440953,0.04975564317062663,0.24367708105926386,-0.6271316791232763,-1.0834676180728946,0.061222405792682615,3.2203276855065397,0.3455297868350203,0.5074488061010685,0.7943073461850138,0.26216756698553056,0.8838393783818933,-3.2367942750375613
user_788,27.76065557155552,27.85364485835903,-7.962715734872801,3.1028181683387213,-0.24772077665435185,-15.678193979208201,-0.7490525389691957,-12.278867468068654,0.5818011918536414,-1.672617324158915,0.7437403144675742,0.06979426269350221,-0.38312799577032514,0.5489166625173486,-3.753757515899377,-0.7128903003161692,-0.04816839798926958,0.3164310254369383,0.10761746271483695,-0.14027588174515776,0.3023945064761779,0.7722044478450348,-0.05326297177572305,-0.02190539975438391,-0.08112155603257569,-0.1868775836257964,-0.22308053390821664,0.07914039815939836,0.895161882558358,0.1808198555352874,-0.5913202234595062,0.30745859230793715,0.4610933258997306,0.5037313723301738,-0.41992622244502986,1.8829558848540926,-3.0647800642106446,-0.21914760213656698,-0.934168324843362,3.4615050710217976,-2.76722251305916,-2.9059269803065066,0.30960364789158473,3.7473618038449383,-0.4651069911548607,0.27026891406125925,1.3092561294694365,-0.8456282252157974,0.7269787264951203,-5.255379752082497
user_789,28.1896319954048,28.206048214688437,-8.151533848637605,3.203221424546524,-0.24850175189650067,-16.051659793591053,-0.7408899185608513,-12.635266567560523,0.5733590002507719,-1.8085862229918406,0.7765267443307254,0.16431942571338748,-0.35407799193358225,0.5578636436823852,-3.560130458022576,-0.6183084629709327,-0.1048083700616019,-0.04699874432220346,-0.049931911425651725,-0.11855008289977026,0.25290742931976934,0.6238084881150122,-0.11339119964871013,-0.021177837674492665,0.06028250973141878,-0.09340371014563338,-0.125847426763864,0.01503200750032451,0.19486275180116142,-0.12568797914087448,-0.5290168163546433,0.9879251918940649,0.05143261507869268,0.139359912215653,-0.14498450633642052,0.36692084398848,-2.2075490885353695,-0.7842651610954351,-0.21841910145526452,1.0906470825618406,-1.1901545538834548,-1.5524090988192465,0.12433487997670295,3.2712351166502143,0.09595250897024503,0.4529152352371203,0.9411050098805479,-0.028783745482722764,0.8287710788742143,-3.7997862054939224
user_79,-18.446199502325044,4.932431524426112,41.71970585782189,8.925334562062938,-28.72036315728677,-0.11320274319425376,10.10933844877198,1.828028560095198,9.851770300844061,-1.7417411616385703,-4.416768518172904,-6.541314395643651,0.32296892379383674,2.92026664303374,-1.9903573726645503,1.34932954566528,-1.4560915742360294,-2.1237881993202645,0.8410077197738272,-9.672656690445969,14.909944287291681,-2.459786954971933,16.36291798669023,2.9279013313464275,8.47947013647521,0.13134850587017483,-12.2553987746538,10.234462092795553,2.5837754687470156,3.8108327263324626,-0.2711732617828417,1.9812991508805313,5.649843598279604,0.6332841494826121,-5.679482190837284,1.3952030438236886,-0.02412249206921523,-1.8332188357661474,-2.2364956875390205,4.018527651445048,-3.489419798868299,7.7197919466451355,-1.8018350693805194,0.039469946667589774,-0.26839137199561147,-6.256823906618205,1.0958523307476504,2.6662024819309287,-2.5091990796287837,0.022500626878561074
user_791,29.278973241440607,28.42613335520726,-8.437033299972898,3.493695780335609,-0.25718656678319946,-15.909232236230965,-0.7845796672738743,-11.98348014581125,0.5384124627939963,-1.6589303110196736,0.7801728230550955,0.12854159283713892,-0.4128725372949458,0.6348312316483622,-3.343147704358491,-0.5749140878566195,-0.04477094939262076,0.28314155856601214,0.14987197032410768,-0.07727542578405684,0.06064275129967728,-0.33673751993408574,0.0018532352971858516,0.07158225172452273,0.0786150621394499,-0.028158421509583354,0.1226772149763578,0.027170508980914145,0.2751552853386461,0.3405481599548967,0.6033080223310436,-1.1011651803633546,-0.010658726580704247,0.01665117588063922,-0.01718095162822268,0.22314782690346469,0.4543090785271881,0.43255879161418076,-0.16006242213028607,0.21657773785923942,-0.1267429077423114,0.005571221779364708,0.23152925470484778,0.746471171901831,0.7098903146490588,-0.2577746967283951,-0.5777050910013742,-0.1406536846833256,-0.5324378329593902,1.8474360401207155
user_792,29.641253919102656,28.6753097958999,-8.587979262024318,3.5662427010955353,-0.25545837423867446,-16.217971333819207,-0.7698378056427599,-12.292577701411483,0.5276447203645406,-1.8067897637999561,0.8046584379343581,0.22352811094173844,-0.38717180904066356,0.621123357832222,-2.9892518061294284,-0.44936004225145165,-0.0998641951872881,-0.09548418499242664,-0.018956597124694337,-0.051010222875793265,0.00783015880925762,-0.4808292796416063,-0.057375059300343624,0.07493588227413381,0.22940280592406154,0.07299012855875059,0.2135142308432819,-0.049670752666708895,-0.45844434058673844,0.022393071573198982,0.6528473421002146,-0.38829157028125993,-0.44229634273655505,-0.3531746190987146,0.2653545587315995,-1.3302212855791113,1.4065395820507602,-0.13143515238211115,0.5678453609675737,-2.1556410779736845,1.462871475338326,1.3703527303739231,0.03276579120191317,0.29694160085364274,1.283489156699407,-0.07246135577339206,-0.9450428619637591,0.6917752971153728,-0.43568975774038876,3.300747863344853
user_795,28.44269345693359,28.319218145965248,-8.238026744139807,3.270967688238935,-0.24649044157158476,-15.837158764273704,-0.7690225635826432,-12.308411809718253,0.5481081268346403,-1.67994744424922,0.7807017406202319,0.12088023245582936,-0.18134590520042165,0.5968954947654829,-3.971436266663866,-0.7012398394610025,-0.09161220952301574,0.14074503765238852,0.06623329349521348,-0.1398127029777788,0.295473020340082,0.7887546760122082,-0.017403357877906648,0.010427167254691597,0.03025816305367773,-0.10532274439693504,-0.18080713331134635,0.05587578332364634,0.5906107672398684,0.08051700710670592,-0.5252373889320474,0.567858379707214,0.3067058841244168,0.374925549324271,-0.28208962051515013,1.4148437560642493,-3.092515170876003,-0.4169598872594659,-0.6155621368450742,2.4522376199530407,-2.2461767909778607,-2.495623015296264,0.3157651953219168,3.9427007109818684,-0.08226011840454352,0.2678386209889461,1.1590865445101932,-0.5435448006788098,0.8138894034354356,-4.234552604614423
user_796,27.995402908491187,28.07317387982158,-8.078373870568841,3.164776412494083,-0.24288863904133018,-15.710828177372486,-0.7498624091671907,-12.151061242016356,0.5356738917560727,-1.610596070175871,0.742763938612347,0.10253848061201098,-0.25624907726087476,0.5844409881620525,-4.229933204282186,-0.772438923273079,-0.09576915180692057,0.1979107736760485,0.08793787076408983,-0.13092338693281827,0.31530532628754365,0.8085259028023901,-0.041192216554811034,-0.004138011070773979,0.00527740154706486,-0.10692270645901057,-0.19359030038232822,0.05457032173474603,0.6062576776881653,0.0912059007511664,-0.51463394439772,0.5259269980127118,0.33038548239058585,0.34967644503768,-0.2983830019467639,1.3745930640662039,-3.0374103686430773,-0.4212709320825608,-0.6034315291429497,2.4283470903541358,-2.2029353603779755,-2.4601093922449744,0.28652692464630525,3.8113896627939794,-0.15344981766840687,0.27031044505406,1.1900032841250163,-0.5907927662444136,0.8327413779468839,-4.370028774110536
user_797,29.578293189486956,28.71106709884719,-8.579760877370505,3.557747608306906,-0.2564608557741625,-16.295010575503106,-0.7709956865177283,-12.398814236213736,0.5337210412832132,-1.808759974426964,0.8070373180250785,0.2185886812106706,-0.4269562843163521,0.6249929536421412,-3.031249521731241,-0.4579040210509215,-0.09952490038055031,-0.09812440999626433,-0.019249143312039543,-0.05639784892543694,0.014067900338813919,-0.47126933358677975,-0.0632511347965695,0.06872468169823129,0.2186019462735228,0.07044491174581026,0.2015361986773724,-0.04013022053232706,-0.44080419832678136,0.017503574048595105,0.6132526193805995,-0.3410799709367796,-0.41678778139969946,-0.3426381216856611,0.2564486427119225,-1.2982469856445111,1.312784885610105,-0.16029804450736615,0.5446059368231783,-2.079885353799194,1.403849263445076,1.308502660211905,0.020999331807783572,0.26329995876586776,1.1934863148109187,-0.047106631318590754,-0.8678023063075885,0.6652074044757441,-0.4042006152157414,3.030957455046771
user_8,-18.879485441288338,-0.05393161375937201,13.658416890543645,-13.15446384758037,1.949761208532458,-0.04683872827155254,3.861029855102644,0.015157149664772735,-2.716637318054828,-1.6356898655135164,-3.7837037788944197,-1.706780918523027,-0.5816756723777518,-5.510712535140379,0.2711141603408842,-4.066996937512462,-1.0347961207690552,0.9990886644468592,-0.2683405765570562,-5.307634293797868,12.96399511131787,-1.2221419474070492,-5.105853231262123,-1.0080999187482196,2.799692013928647,-5.2797540338921625,-2.348651084135352,-5.574483482886578,1.3463863487467504,1.284984523265826,-4.345514825900441,-1.7541824582091503,0.14215656521129413,-0.48347245534498723,4.043745983502178,-0.26560517414029544,-2.805328026303852,6.660486840480648,-2.933817870008103,4.001669482281009,1.574059382757239,6.5586371085426975,1.1260477997537623,1.5985465894860922,-4.024079892125,0.6312999073968742,-5.149635564448436,4.780808661576663,4.125028722971523,-4.2824661821428
user_80,-19.16178182549321,0.5680317113680543,19.697617557142934,-5.896964175799346,-17.311749193701356,-0.8048799420897412,7.78878143711921,0.570131990385206,0.6951734128183507,-1.2985656886503978,-5.5472034895452795,-3.7906062728750882,0.09658259316033173,-5.825081921136721,-0.17278914233893278,-5.826601898396084,-1.0076089837086086,1.0029944167831688,-0.20364342641052652,-0.3026292025911661,14.279146316511689,-1.4448393354755755,-4.334975950275457,1.3817036487680756,1.388633700322193,1.71775334974086,0.6054971853416197,-2.5104186651593716,0.5103997352932541,4.367147002599181,-2.892915149096524,-0.26747421348360506,0.08510032977139519,-3.8605357811291126,-2.1580931363419102,-3.7868483223916574,-0.685339324677207,0.8245841040806402,-1.997279620166706,1.181243602379338,0.7905309359524935,0.9493817514005641,-1.690202829217336,0.5586617622895829,-0.5761144338339939,-0.1534724983530449,-2.7908591626056185,-1.3605324796062497,-5.593605961059408,3.4681221690629287
user_800,49.82234498245092,-37.73562351984795,2.39887244961916,0.33964521980594825,0.42600360889251365,22.621281572141577,0.4139076108334871,-14.230323019858249,1.7249824943224565,-9.768005285179223,0.9996430049518397,-0.1959804903317375,-12.713621527606897,0.9280191429282579,-8.819665120153537,-1.925382804218531,0.3203307271710303,3.3443487860733807,1.0556264248760745,0.9401594647849545,-1.5368806423619092,-8.132939293949507,-0.11262458868281329,-0.07572888816752052,-0.4831443725878105,-0.6792097692330119,0.3358609200341251,0.25921870592665935,0.6107012894821034,1.8332051496426576,2.4237268568790453,-6.2017338360756415,1.240324231735477,0.5103559002182462,-0.4616195338562749,1.921837839619116,5.811460547874806,3.455656494106821,-1.0787894712338892,5.998283195747144,-2.079425172453943,-1.0735760627019526,0.6773398577318046,-1.0498702255693884,-0.32421993581519754,-0.7332039533610896,-0.8789410068680495,-0.6657204842638305,0.18961515467083132,-0.7565898197696497
user_801,48.8679856124679,-40.20963550934208,3.18532706814826,-0.2438668897873096,0.49026971921477736,24.765807804205693,0.772637110269396,-17.14304700104849,1.5212764211576335,-11.470115867602694,1.3086855670649475,-0.22295947404045266,-15.502691391469762,0.7162093562483426,-6.121815321210017,-1.51502522062705,-0.07278568447435196,2.3774033348044026,0.7221383852077702,0.593182951045404,-1.951884291618894,-7.853251343325651,0.06178816847663838,-0.021181013168021748,0.05707422270293631,0.12801373903846064,0.9069820094431078,-0.12907498802242703,-1.97704431262058,0.8267556044279242,3.6827127693754345,-5.2258230721426955,-0.7501109407923426,-0.9308655065314134,0.4843426183894392,-3.706797052173612,9.80463844566112,1.5871035206123343,0.8909567120284657,-1.6631608033340974,3.2880980230279953,3.9752848377471004,0.0555090600893324,2.678556155962855,3.1293763945970063,-0.6969849505985184,0.43745902076239185,-0.3556253075956329,0.3051279254697823,-0.25633897089874697
user_802,41.39382764635279,7.734304710908832,-6.909729145324132,4.50052890417692,0.25808015870320844,15.032708447290581,0.28167332548836277,26.594009895382868,-1.4681731936643638,5.967348786057193,-0.7929056050338077,0.15844608510916802,4.821766004250368,0.3125701050829482,-5.087561483569979,-0.9744228839071182,-0.11094949951277065,0.06155513872459305,0.10332434515980049,0.16459484325766968,-0.007554096880474517,-0.16065744923094086,-0.0032659171598818626,-0.05568543368276379,0.04123156527713885,-0.08747597887020052,0.27248464353899376,-0.09601728884649247,0.160993006941687,0.34223078481862096,1.0736728214754607,-1.6827250516630203,-0.06163325458339228,-0.01414171395539725,-0.14190280279346967,0.21934610665657098,-1.6213430479865736,-0.23532545924639447,0.26182238347395237,-1.1665253573800338,0.24406550389156326,0.013775945175298657,-0.0156194443598978,-0.7229741395460726,-0.1217787733492941,-0.06599309998140943,-0.574254167140089,0.2976682351312055,0.4731991058463028,1.5270950947799324
user_803,49.93962089186413,-34.67645996904977,1.4199199956736632,0.6466990360799045,0.464625403291565,21.120206434616428,0.3359359837049131,-12.779909438006436,1.3106120202931446,-7.3165425606163375,0.8576946392785783,-0.23320596645571587,-11.453831549186283,1.3603495004663084,-15.546030431519656,-3.19680459194082,0.13980588763695018,2.947420855054265,1.2552434310643434,0.6830246014289189,-1.1181798273214167,-6.261291418990009,-0.1388835500702162,0.060821856569813953,-0.5313487438297605,-0.4628541959151378,0.03591725268209859,-0.30640543660427955,-0.8882836323933053,2.2263127254908905,2.711352379823823,-6.952939451948005,1.3244760331497738,0.29576733179483444,-0.03299137715917584,1.866370644387001,6.653963350462706,3.6034824738332993,-1.265335659356056,4.826034254945802,-0.9844120390129675,0.13602999054043102,0.6538447198251305,0.21344542162363,0.7256161313995186,-0.7249491892486843,0.17613385448795918,-1.167064529167731,-1.0384665231066632,-2.261581793316871
user_804,40.08707092300456,8.534494699942192,-6.797386670573458,4.222184691303127,0.26285819358543067,13.881477932980907,0.1415269452058413,24.083638239881143,-1.1929143522349046,5.543276531974996,-0.6846830757278365,0.05947823925854959,4.8468605060716685,0.4863069020619557,-6.071683503437426,-1.1832718865367529,0.04955588720326983,0.6213012609313053,0.31147739460665036,0.04627900387199334,0.19683249047753,0.576503400328531,-0.016357177683203626,-0.06100760581003165,-0.1686599741916078,-0.22617079680250274,-0.3684610176323791,0.0906744477968153,1.452057433038407,0.44737837453032236,-0.37208212757431625,-0.6152615147680915,1.0285578620879507,0.8782283467171249,-0.9171387071922444,2.8095138216432916,-5.055807195317048,-0.5437862344853821,-0.9985433160922872,4.1284903786629,-3.0051128576910338,-3.1289424617111803,0.029004823433931473,1.6029891753308705,-1.8234159728250878,0.3920801450001928,1.861920338547229,-1.0106050056605447,1.215361281824042,-6.140414511160967
user_805,47.64629129817942,-43.896001478973034,4.65752337977621,-0.8019346079642761,0.3048464979416177,28.88321919837909,0.8302525751881955,-21.817651907612483,2.181293552207536,-10.846628609579824,1.1436861982285413,-0.5153205882868248,-14.175817426361156,0.30132227011224505,-6.843490358309019,-1.136262583727164,0.1074749990187141,0.09787715682664674,-0.08232737716406925,0.3047034075654606,0.441661483989678,10.432914191510365,1.1380410329920927,-0.49168244652090765,-0.524553834351386,-1.1290478302304134,-0.742594233403018,1.3938355799216586,-0.18674840176429156,-3.287115315107199,-10.82477156911194,15.498541247225582,1.7005695705042587,2.198421738807695,0.12603768346700456,8.249552192428894,-12.321802364759035,-0.7997698208051349,-2.671249987178937,7.285225860265299,-10.039383590039149,-10.84093293622617,-0.07504127744877415,-7.147566731010296,-7.872779882956657,1.7118724673202959,-2.0412167035344866,1.7992531115525816,-0.7435630992129774,3.2788434857722284
user_806,41.60541551016671,8.421610816287501,-7.103884438580653,4.594249390464116,0.2546158625370209,14.031959887285081,0.14666045129445582,24.871253279485632,-1.246483085916156,5.412673868132128,-0.665000315025052,0.1382551332085535,5.092290874851661,0.43029755537918196,-4.5237399824233435,-0.8841164622328074,0.0061853174163823185,0.585616299252554,0.28027218215719163,0.1339498019161673,-0.11901992439857755,-0.7821749371712582,-0.07351984908044484,0.01716808388581079,0.012237566445080504,-0.15567555378036646,0.1707124552425953,-0.05339655365699331,0.8938747666826465,0.5005500521242546,0.8367279038888795,-1.6178602900810608,0.18780182997245595,0.19890085518187411,-0.27121967160041077,1.0778178272452659,-1.84545174709108,0.1720413324840731,-0.22301824977621604,0.3396632485837106,-0.23270584504464253,-0.2612635863238905,0.25532726337182415,-0.5588046918319293,-0.16237587976330176,-0.21527115751976356,-0.3234152948219282,-0.25475405899697645,-0.22816177749395689,0.2511571994672167
user_807,41.4817132011357,7.796050653915347,-6.941074322245278,4.481486779620214,0.29211023257688845,14.544923219336175,0.1859215940850195,25.20669191021534,-1.3786797514633315,5.485215783185861,-0.6645562988426877,0.21932288281215884,5.062498574267262,0.37228929740495065,-5.075690418694434,-0.9451680441033086,-0.009411533618287816,0.28723081663916894,0.10246246351271442,0.08204902243192681,-0.11195397649499689,-0.12558788284969052,-0.04923258525202941,0.010845961934872164,0.14907998737419667,-0.14294724761562008,0.29075113372037953,-0.08633621828182132,0.7252865299915241,0.4961731284951562,1.4163157072676302,-1.9747135958628266,-0.07313687517882345,0.16507813124289125,-0.28823312456134975,0.19713590565936376,-0.7014576791576246,-0.1844793577472911,0.010983067680448233,0.008500646944711848,-0.3642065908505543,-0.3459998291485443,-0.19052924659577114,-0.4080159716223972,-0.26941364662577916,0.2306970850346777,-0.39555497673471024,0.6125826447559374,0.22167380728421418,1.216400260147699
user_808,59.282293392186624,-86.43689353343755,12.673622807451231,-4.488064491288412,-0.23919606249337036,-40.81275451773456,-4.0284008624326315,-8.83065925284704,-1.6243863107935166,46.71681935933877,-2.462100635788532,-0.6073022824872114,10.501585015659122,0.17929843670494514,3.698191243130051,2.1838960316386786,1.4487551623556818,-1.715719963804385,0.35685890010181026,1.5670566749314319,-2.921000278246472,-8.756863834091,0.6544140945452324,1.0672614763004111,-2.063693559210319,-1.2725812485533967,-0.7828414844990419,-0.27426082849169287,19.87374990221657,2.6141317041366947,5.09009734515836,-6.419115951406119,5.335282904947111,1.3732157431454586,-3.427873156322927,5.1881846211988805,13.550761632877036,5.599155557741597,-2.758069645790468,15.285727918754077,-7.734032900136859,-6.2101718382452535,-0.3556160216298338,-3.1581653872277196,-3.1164973765887165,2.2345832240897816,-1.8003465399146301,-2.750244107502426,0.6735746223266641,7.4113171705600545
user_809,38.94741172806326,9.358218428069634,-6.726164060547934,3.9921845427548996,0.20078199207001204,12.467707619948046,0.21962628735634934,21.966617977194726,-1.1919270970613902,4.761182147621967,-0.6199434830336218,0.13100475160308983,4.498479657684579,0.2502610015309544,-4.157110327556644,-0.8009123652578385,-0.05528874500229562,0.07700281980716193,0.0554168962272952,0.01033419331289871,0.2971271008291271,0.5392465122992406,-0.05948494344177405,0.05244678045234594,-0.013467538504003724,-0.05615768439974562,-0.30089855866787873,-0.00787087461585203,0.7292316311706258,-0.057970535475898394,-0.3002841444531855,0.3338243675715556,0.46920657766823237,0.40444496476956093,-0.6405068154909597,1.1523192813918794,-4.0251021912667895,-0.9822322796122605,-0.2670927789907043,1.850281208214194,-1.5554247533664514,-1.7171228318806055,-0.05822266766159081,1.69109135449401,-0.9079550135555267,0.44083484674428036,1.6140190745905274,-0.3180911928087953,0.3725185898049592,-4.997009337183097
user_81,-19.998055128444847,3.840919931509746,33.657104215517656,5.891236114523273,8.621243440854096,2.2269045361737843,-2.7310743286413386,-0.24366358629088575,-0.3522978945786702,1.4463688414030056,3.029768714540633,-1.1964235007515056,0.21267725603301912,-2.3992095781362224,0.36464399094376254,-8.489890357340883,-5.090834941876261,-0.7010433496626265,3.5710728293132648,-9.681678715060546,5.437105141363834,-0.9813703811415408,-4.202077366330243,-1.0042605075274234,4.9960597652251755,-4.377625868686328,10.83144618774866,-8.612850140972855,-2.199697432555486,4.438038148971218,-1.7682659215433383,0.9897454610692042,-2.097578316651517,-7.572181036169485,1.6055970470250494,-8.373923670767256,-3.426346096760318,-3.194059834959507,-25.38667010443911,5.348654976607183,-10.76642487482904,5.162188645958455,-10.915915587710723,-5.82011300741985,13.794562402948394,-6.840842411181086,1.2611378849854766,7.146339353599075,5.713605146695776,4.536764020767329
user_810,49.627479312741094,-41.6180381642087,3.2676792648061643,-0.11203196149565083,0.3678029884197067,25.238615387101838,0.5683041412549907,-17.51021572767568,2.0582621616994268,-11.751694510786159,0.9742778004320145,-0.4141605459634062,-14.782999687154296,0.9372139206647264,-7.775886680356063,-1.5991790202232294,0.5904689457043075,2.536072372014593,0.8022556844173278,0.9517902881237738,-1.61928987183352,-5.823882918387361,-0.16575481974662454,0.037931687149414965,-0.589399340582168,-0.5414853767824578,0.12816805615309204,-0.3187857139095263,2.2631648689213963,2.349376199593266,3.456120611268886,-7.540443333725702,1.3440115722665869,-0.10717501258340696,-0.3848889418123853,0.8909126832708,11.074904713612497,3.949723261238017,-1.0246672564556178,4.8487536027623,1.6243027113532615,2.599955197410776,0.919530691419977,2.0956182465087925,3.006433097114601,-0.7509860082363717,0.8798773977071243,-1.8714595712770121,-0.2101145586087428,-2.416479379633803
user_811,39.32714262283766,8.23587547891328,-6.552560654465772,4.080462652957219,0.21054775900213896,13.498006306247147,0.2646979256728862,23.763288106457004,-1.2631598530486405,4.994690700864618,-0.7215279677147437,0.1055988956958819,4.664444545042291,0.17788410529578566,-3.8379272758840837,-0.79883831601841,0.002734674883088268,0.200660338747165,0.10694089645943487,0.15864240041810443,0.13183209195087636,0.5008044586041724,-0.0897398909279395,0.011768160375054869,0.16291355425506293,-0.1007847898140406,0.09129401947108115,-0.1791887738001118,0.39266412534325595,0.15401873636645577,0.9585864395720379,-1.2260621657102193,-0.1675608536060678,-0.15016259085866626,-0.055349365976543656,-0.20678501401901342,0.8731401758305471,0.3681538430410856,0.1773492274575512,-0.6295376111415774,0.359161009914642,0.6720347479233357,0.2689007247574842,-0.6476709809503423,0.5879568142160884,-0.4184202600285337,-0.5887606433714263,0.164224411007506,-1.487406399126692,1.4792404053886568
user_813,40.755918796993804,8.116271814767476,-6.847492676842991,4.367594773014442,0.25196292196351816,14.343444460868103,0.250479381001288,24.900615694391416,-1.3706733819996104,5.201911617541574,-0.7002355213535817,0.18128656114205946,4.687692174232638,0.3508026269763023,-5.5245876634079805,-1.0464892724891777,-0.08336198474749394,0.10025771511723472,0.07733229665902959,0.09937979998755073,0.05292425559481369,-0.010598299985644906,-0.10046640026830637,-0.004834114469100624,0.1036671841061748,-0.12192752102120136,0.3311486511172626,-0.1640366672193851,0.6461890779083594,0.3568908027432187,1.2776926753204776,-1.6494457266177887,-0.22510323031618665,-0.1751510980828703,-0.1105425486691077,-0.059007065085826316,-0.8017014465599925,-0.07466015435105383,0.3296755444984433,-1.756588550763755,1.120727512695792,1.1215377423560613,0.10137540161978906,-1.2639636458751722,0.4909016972749805,-0.40730307585305786,-0.6272788704730363,-0.012861501898937326,-0.9467085593612452,1.3564256134312545
user_815,39.084587250008965,8.73408736284101,-6.643222332635925,4.01976445139293,0.2820177669437697,13.92722570433636,0.23392664613838549,25.349808958672323,-1.4553745597651688,6.047240734078457,-0.7517578997638236,0.1448981388814715,5.057162469029309,0.3171273798887357,-5.60396028142864,-1.0603365885393818,-0.022380755119856537,0.12443839550139273,0.013476766224224954,-0.09515487724888883,0.3286582550510448,0.8581493816640674,-0.05174757923482329,0.017647225004259696,0.10339098649006781,-0.022725800170981306,-0.34068603862958347,-0.001062059612255061,0.16223183258839063,0.04649076379640907,-0.3855998137978002,0.16571053370637376,0.4771417838364193,0.6757354313048843,-0.7021812530036488,1.262171982023333,-4.958438428355898,-1.5009021289903377,-0.3504903306857669,2.3460866912860388,-2.2937734813199326,-2.738384163091592,-0.31612559436261883,2.8915546547136652,-1.335964716371128,0.9828177252889045,1.959160089373416,0.21771510772606906,2.448647753395811,-5.243500988432124
user_818,40.062054556664464,9.3920181779314,-6.977755470162151,4.29518474020713,0.20568810127776038,12.431125358836233,0.24821250251594906,22.11075860344352,-1.2746083733096192,4.873384796005261,-0.6313138703883096,0.22014236989926267,4.1174875325551445,0.20459345188202882,-3.0528274830095152,-0.6002468824742545,-0.19771135222534988,-0.3079172941469395,-0.11031429095896846,0.04776867751094492,0.04318088228435236,-0.5724812199998188,-0.23912656820448377,0.09488062160689072,0.23342999454707533,0.019708196567513468,0.3446326033339772,-0.20893038898713293,-0.2193833542351407,-0.1476098200636608,1.3368443871111995,-0.7613606516896926,-0.6655770316571512,-0.5430525240466261,0.07355565236602343,-1.8188110316430197,-0.4122769863956698,-0.8336195139057565,1.0363365799418847,-3.9502563201162553,2.4726852724762924,2.220557563402669,-0.07046825924869998,-0.9718900387298199,1.0187783020743906,-0.13192472330021307,-0.8525217935641692,0.6429464254965721,-0.8949588718977373,2.3371092425115827
user_819,40.13562726706356,7.534070481181255,-6.572180577277347,4.191226948381511,0.23017427473397817,14.179159454159274,0.22154265549924004,24.299143147703987,-1.222840705570076,5.11153304364023,-0.7811021446824582,0.12320638948602575,4.490167184070174,0.30186992019185516,-5.088391380538955,-1.0348638051861303,0.009064043856020266,0.3177625110094692,0.24461928438194538,0.2643886228585084,0.05654841637117467,0.21875040555700115,-0.21135514407931605,-0.027185992325982178,0.009093110818933204,-0.2528325211676247,0.21161103002900228,-0.1380276334465872,1.3508450611858365,0.5270513778485518,1.262925004975967,-2.0104408840534487,0.07531646276886109,-0.062861222749391,-0.24283498490899286,0.6406866325255519,-0.23681822019665624,0.46898920002856714,-0.1539526653278554,-0.014649610424382531,0.22943299047199747,0.47500384538859375,0.1943506232300547,-1.8467518583672848,-0.15254975800137904,-0.5344341217078467,-0.5885647655037877,-0.401087140782831,-1.4789371991028133,0.4896856060941172
user_82,-39.06269965401116,-14.733770327331873,-13.600424473921255,49.8880211204099,-20.994333842343178,1.0605145551451718,-55.3432188192645,-4.162515205687884,-70.9813449824346,-8.706625236987703,-42.568892017113306,2.9650029159994404,-0.4486186106239315,-1.0830119353879486,0.8213252828531195,-0.44578522296632395,-1.5749997577554542,-1.0872655078751834,-9.322211458865231,-1.0671468965691646,11.580396429843582,-2.0166935197703832,1.73018746972377,1.5665693844042305,4.85423915739656,-3.018629014296908,7.732482917218893,0.5173988834124826,-0.36559089593278477,6.7871151461465296,3.828010021957689,2.0465109752853867,-5.871986507651309,-1.034841113960512,4.833352410618064,2.234980549556187,-1.7719313689963252,4.1518485871795345,-3.459818580672159,-2.2732032277542062,-1.0133816229614687,-3.0714566431436765,2.290903846623654,-2.971787188078777,4.626432601773479,-3.1924644534500786,-2.741131549419518,-1.2137918758376542,7.271081739338879,-0.16543938855425824
user_820,62.9227531611888,-115.98969316806581,23.24065098145302,-7.181854176011205,-2.572928251751438,-116.54271672908116,-2.837255347621759,55.12332454434932,-1.4948865828627889,-51.340705331780796,1.2662341026328698,4.929033188762931,-0.36961460611051333,-1.0968678092458886,10.678891434992513,-10.553746579669712,5.762442923430187,101.52776080420705,26.61220994552338,5.014039189992017,-4.430113891052037,9.881828833662585,5.566440892099021,0.8451668083441631,9.287464602443755,-1.626984993421406,2.6883364050351033,4.532542661834741,-6.347260741418149,-3.1626579357863376,1.563569763637312,5.124332081719624,-4.841930347196331,0.4185337657749014,2.3719559106807244,-2.6056287783449066,-2.4850885166969072,-5.640540022494069,2.670185216974379,-6.205568921512579,-0.03687146185646077,0.08784767770549481,-0.12648945455943325,1.9155245887648977,-1.7573172753557884,-1.9659386988127194,2.0871517804025244,1.7585905432045632,2.887185571784816,-1.7504808684459903
user_823,39.257480522714445,8.659257900786136,-6.644547780963777,4.037338899622557,0.2042677194558608,13.562789425551674,0.2302455871849871,23.805921749828425,-1.228540266992065,5.067481928779549,-0.678362422020857,0.10245753554404573,4.997167122217854,0.44079669528867216,-6.824468116591267,-1.3782179137248178,-0.0002427668902631872,0.3547621158551539,0.18941098984359,0.13364356137056282,0.41777919908389505,1.362011666651149,-0.07288006248787894,-0.029577560384991434,-0.05760933203449153,-0.1929701322310437,-0.32215530000548825,-0.016927641663041098,1.3201106225765455,0.10231618547533684,-0.18744675815868841,-0.08092925834761773,0.6184341594140534,0.3784047731600673,-0.7182816928736706,1.8082263396085358,-4.390680504765429,-0.6819632017635701,-0.3756318286349569,2.281668899525035,-1.7854713525974564,-1.9386608815899526,0.34453949428013797,2.547370985934488,-0.3384666197981822,0.03157116264534691,1.4150833994200296,-0.9858319939774164,0.15965680465047322,-4.882880139609652
user_826,39.320961201018314,8.83247988363718,-6.700730040266235,4.050049038863102,0.24626636256327972,12.854457527978179,0.1995576671704825,23.54991644977678,-1.2536475367361724,5.143155907358521,-0.6405264947285495,0.15709178483510894,5.172212422836518,0.47631774278312333,-6.653802558429553,-1.3238575701530215,-0.08771694342391052,0.24653105186586943,0.07522923703681725,0.12087100701014486,0.31112356051156503,1.1547917912030623,-0.1309812700630406,-0.01824016451693394,-0.026290214858052212,-0.11389884423975419,-0.2839168744341418,0.010112270065286484,0.729848866586126,-0.1386575679337797,-0.27721561452513055,0.49002262959302934,0.3821523546317024,0.34988867219798303,-0.5516936379565712,0.9769521482062732,-4.735993089879999,-1.167284270370566,-0.039312292042936015,1.2119104356870884,-1.263533914158347,-1.6391025304705558,0.19885954951459892,2.608571088560134,-0.38976219720136607,0.40400712737815886,1.3881891066099081,-0.42488182770069244,0.8529201495510491,-4.433065297526806
user_829,40.4064364484949,8.057979295352888,-6.767182276148869,4.296941775557438,0.24211179764370702,14.004928754150534,0.22609702533360723,24.63659945166244,-1.3178311349406329,5.344618813093007,-0.7757297217186364,0.18870426431336798,4.724162077633467,0.3091558479990563,-5.146235617817079,-1.0289919219370693,-0.053286738755616236,0.11050789411705178,0.13383959998330922,0.19897065849202486,0.020114852374966175,-0.26652954825534614,-0.23973230654831157,-0.0010731754829088906,0.09139317285594512,-0.20733389680269415,0.34070312543686987,-0.15784792847238793,0.8107571504821043,0.38770413658218733,1.3625854928603023,-1.7161420683987194,-0.23565450497967866,-0.25065563700367177,-0.05417328388388137,-0.1260036676914258,-0.02372322907590431,0.16280121087311344,0.21876267918025347,-1.5121597707686156,1.2022250624086863,1.2911718483469483,-0.03619992271359116,-2.9602138091363157,-0.20194466027639543,-0.35474206632782507,-0.721491561286495,-0.06653780816399253,-1.28288494739368,1.2601529508534912
user_83,-46.732052107813594,-23.58370173290449,-44.72666757664893,70.59256613666943,25.724944139179772,-5.277519954588392,60.26825165574472,-1.645164217034376,0.6714751027766507,-0.31373272873152935,-20.55018952298744,-8.213641495487579,0.8366148354002432,5.472208753181032,0.4762203754343691,-2.3492768438411216,2.9788532658447533,1.4803596742639993,-1.6232092931282383,-6.772882969082989,7.02412615387079,-1.1354976700185266,-4.140212773816787,2.7099595345236955,0.726083442931879,2.6516941152828917,-3.174097070648437,-3.5168477618376826,-1.7179947471140167,3.946348296101933,-2.480263280997764,-1.462297559087965,-2.0614079073707616,-4.761422279443714,0.9442141905561897,-2.7158291777000105,1.3522041185532172,-1.4822602511229193,-1.3951693041371396,-0.6252452001711607,-0.805474687813025,-1.6098450352179763,-1.5709747929830042,0.8193263188009191,-2.7994936475718895,1.5806594090379862,0.8691816390185462,-6.722421731718802,5.1886021881761195,4.361418901376826
user_830,55.21018673983462,-85.05461163422214,14.176158644516804,-4.809591178725904,-0.33485944555000974,-39.61227730076159,-3.308180363383555,-12.067367877255416,-2.5727926172817566,56.509347699681285,-2.3861887155819494,-0.8955512182766933,14.214609226314456,-0.9174069764569653,2.588354569012265,2.7344301660035724,-0.8576243663166969,-12.18137108899298,-3.0115164152127343,0.38137186062479894,-1.0331797811465315,0.8721212990670197,-0.3657015819894923,-0.7904499336625691,-1.4970545937817057,-1.1354934723364585,1.7485609992724573,0.29481076554599367,13.879029426915091,-1.7452729075831015,-0.5428448189469516,6.5625532512721,-1.9720023272051264,0.8616792151116383,-1.432056009560981,0.3888121519861124,-0.35481052249025824,-2.5443961568864175,0.41817676036847945,3.4246114201912268,-8.891745208699144,-9.276172969385966,-2.933030669917934,-5.999691199040889,-5.842445974552446,-0.21331407542193553,-2.2825925522958737,2.6546324300020854,3.121575246688227,-0.19425817717717053
user_831,39.90667632357084,8.62944106547094,-6.749828095966968,4.254255658245384,0.2255171842809004,13.275253402345719,0.2181346473257199,23.72947331271928,-1.231990154689881,5.1968664965907605,-0.6689014123570973,0.11048739090647221,4.46045005566523,0.42931436794993616,-5.587970878034342,-1.1182226010681613,-0.09963149762002214,0.4628478421509385,0.20021884786839364,0.16998469029273233,0.09408813635277466,0.05598941545850994,-0.11572871609969193,0.053631580275619956,0.1202279208729359,-0.02848908013590775,0.19218895421273202,-0.13415337611242611,0.39461247120649035,0.2750028489564512,1.0411365868807467,-1.2380119468585973,-0.11953545695817452,-0.2101361171822814,-0.07828635913651517,-0.1892122328232841,-1.570351024609161,-0.17070862179886398,0.5565804330871776,-1.9777554097269934,1.16502988567359,0.9210299422531458,0.4219215765336213,0.37619324917878966,1.0043331424176285,-0.26574893705557456,-0.5930031138125171,-0.21228749818124376,0.16134330957115714,1.6486227655767767
user_832,40.334170726633985,6.247135165351959,-6.10865178603421,4.193981181901176,0.19490347903407215,15.135067336336103,0.30579138600095096,24.13477340996901,-1.1367619369639272,4.82006153392726,-0.7239499076169048,0.12014488464487072,3.8791898137656515,0.06862417758833896,-0.7611674490100007,-0.17744283273576283,0.08139738972858919,0.13619362543155014,0.08166816317207798,0.16324339932324425,-0.09373825132252601,0.29538306526000274,-0.04028287186444233,0.027532569032228647,0.10828112506934354,-0.13166248801153826,0.08588635279672112,0.12177372345358055,0.5933682314075173,-0.13355487806381974,0.4815926554910727,-0.24607452425723622,-0.2861207945897699,-0.14191404320326392,0.06444044363455977,-0.8023602131457787,0.9271129467747811,-0.25870725561558533,0.4517342069304866,-1.4202764702524096,0.8110835306156425,0.7001272551020585,-0.04368286193015903,-0.21458495829010824,0.41027019170848966,-0.4325500033276539,-1.5983490525695703,0.6465177876285841,1.11257392361302,4.22437109052028
user_833,38.61004320015261,9.233158445792403,-6.594995711696515,4.0159723374758345,0.20818573146213967,12.273524114672215,0.2770350846891704,23.056186670592183,-1.3822471057031547,5.160210260599395,-0.7078500744781521,0.2338993668625167,4.594081176043479,0.245002591080133,-4.840644128256218,-0.9784617396069912,-0.21230950794290676,-0.11540550353076491,-0.06553743689004272,0.04047915385175931,0.0910834593039538,-0.9705559075345721,-0.2778136216289168,0.0857637031830006,0.19257491167736973,0.03578667576108967,0.3644432895187061,-0.21488338949610544,-0.2602496870234871,0.008997797191375688,1.445298413639857,-1.1079573876662427,-0.6733721135056571,-0.5918713065153033,0.030373815883987416,-1.7571359401833364,-0.19690033863956713,-0.7357451008731463,0.9933402528698558,-3.696817173159553,2.317507186428743,1.9545062778438682,-0.19845187150168367,-0.7060050843115385,1.0214063154052124,0.02808343926398739,-0.8428945508545667,0.7666561267438973,-0.37304281844244497,2.569494981619395
user_834,39.6190387573964,8.544137706428792,-6.670861490117815,4.214283929301876,0.2800351001332396,13.803011930924342,0.21339194606488093,25.369687308284053,-1.408532653226811,6.072821664029452,-0.8456332882799447,0.1333068065628062,4.419804043380935,0.3077577971482414,-4.421502422869394,-0.8892655441784438,-0.0786766743915104,0.20713673197574295,0.10713633346947553,0.05104775306874362,0.0767971446663556,-0.0556785875914163,-0.14734955997482305,-0.0029277717058512885,0.12862399703621646,-0.08118778357428834,0.14751717034971795,-0.11328420063916293,0.23063683741710733,0.40570285431602227,1.0108477560082088,-1.5741476763493363,-0.11823978004801156,-0.03531028399067208,-0.12701109842635872,-0.003330956462612354,-1.4639503363396265,-0.3815702484133883,0.17604892163871638,-0.9702266106801402,0.5706920483134925,0.21190255192309213,-0.06013858245611028,-0.2493176668143359,-0.00021180367639086733,0.18088333933281028,-0.28185405184105655,0.08670764345728006,0.8552587264249404,0.7036732569018338
user_835,48.38547862228646,-42.232302061034446,3.690129899567941,-0.44955957612936664,0.4355022963980398,24.98488799481013,0.692645678624942,-16.317594467001854,1.8866824040093635,-9.272809966246083,0.9421327398149221,-0.4872482414202788,-15.522468174572941,0.5661109934755617,-7.103295046028932,-1.7697488480953976,0.6569593172978817,3.6658878808979063,1.1260867793993037,1.007899509299023,-2.078119313826317,-9.25696079907845,0.1394031430108817,-0.048711861615750175,-0.6156220230695945,-0.6087610490203047,-0.49022598856358324,0.28750410388664144,-0.9441114842655334,1.8429996110727274,1.7450456009197317,-6.348173301666592,1.7194128219576978,1.2955115812685953,-0.45173575245333497,2.3859573845438553,10.023231527587368,4.131487176626739,-2.349018466439484,10.512647725556093,-6.513853081067441,-4.684117666980629,-0.5921738437326797,-1.496660331351812,-3.2941565296341597,0.7242073960603294,0.4464984283728971,0.970597157738108,-0.6925185428782148,-0.1918489028968875
user_836,41.05798143987331,7.656338584218706,-6.775173296921546,4.395187288696013,0.2193678883606509,14.29466279708199,0.17329822430389571,23.587004810643684,-1.1471822278517139,5.179281945918253,-0.6859684644421494,0.03591377174205948,4.194992436822716,0.4314435807295669,-5.452848178106251,-1.0820782448550732,0.025077663686982856,0.43811307637114844,0.3408384698700339,0.20516455265457317,0.09660626550350708,0.3680154500778276,-0.07827044812305414,-0.025783320904406545,-0.05739366068965172,-0.23001376438400478,0.17708517440878838,-0.12387896998205505,1.4192698507899653,0.6052858011461383,1.0403010571822027,-2.0432697736924084,0.21104207056817434,-0.0332005385682905,-0.27737522234287465,1.1699446557834228,-1.2405792507749944,0.45700403128832134,-0.16632442467291136,-0.49295428136533914,0.426187612448663,0.5041592545160829,0.5734461890873116,-0.5663303141214394,0.7406959001200598,-0.9512600753009647,-0.8820820137284539,-1.057167821255666,-1.399664291112736,1.1541504434529202
user_837,55.92445272691918,-80.57300909964567,12.19217127987091,-4.847283924683909,0.037087571807935295,-39.025594999157114,-3.0297669294706884,-6.720122991786909,-2.916393299367295,48.22969678512896,-1.8854840514976143,-0.3468472211733125,11.510920611266204,0.0006602046656859335,0.4883024918389975,0.7983757839697856,-0.3003437626831264,-6.834266777055206,-0.6232850179718383,0.035460515152118774,-3.4028471283696233,-8.035163794444317,0.666918921887904,0.18370557315589725,-1.542661188093318,1.3825792398376104,0.3862763790596153,-1.118680412644924,14.724525960776568,-1.2856493782522667,7.294629094594846,-2.3626735597483406,-0.8303995128805313,-1.3557409961242581,-3.0036430100130533,-11.405904116350902,20.80189192011785,-3.9223679451416427,2.8623906520124134,0.008963599534159455,-8.030920914933503,-8.32859839875078,-4.699092745878814,0.2798297287422555,-4.212006967126427,1.911131780623669,-5.084084790333355,2.522058434898695,6.354568318000247,11.37523720763876
user_839,41.65706637002161,8.244178397985905,-7.05318440082395,4.569444351435849,0.21583555215251155,13.757289739212908,0.13279783145329038,23.771868603288876,-1.1754337342580399,5.229322324399181,-0.6647515821452407,0.09420751708585903,4.6178103034545375,0.40288372480198126,-4.2100147982422165,-0.8474314466355092,0.1408364869022022,0.723388512167234,0.3830210804466627,0.1591108737869645,-0.10204143663876215,-1.153824479427876,-0.020856017738389947,-0.05187897181883096,-0.11942565558357915,-0.2994411792157221,0.13316140699297266,0.02080523851108151,0.9119619878738093,0.8538100239933382,0.9566965503745294,-2.602704305923213,0.4421521371084642,0.3372164149690591,-0.4262969580618212,1.9451457970168737,-1.5442147916311249,0.5970838487632388,-0.6727495109450923,1.6581859439224598,-1.022163762003154,-0.8086333156295362,0.2061645115040989,-1.479212981176654,-0.7557213381040533,-0.3674693459405075,-0.4433267816897293,-0.6083418170177419,-0.8250561100370531,0.0800284218571414
user_84,-26.463201855481373,-3.9557803298839427,-6.548566960801517,-15.336212652593012,30.402138461644828,0.3103623134903543,-6.656994374743449,0.020231730537672833,-6.318016270250399,-0.6856393594292164,4.432848678020989,5.3462287908886035,-0.47302084149742163,-1.2772456178944402,-1.5865924335121693,4.159259734163066,-2.017331562686148,-0.9379163393219465,3.200816681421876,-14.600867319081376,-6.76002469526716,2.18918559876263,-23.330921004819302,14.561811421323712,11.657234161371917,11.488537602246362,-9.149438933279933,5.07450248316638,-2.709248776692979,15.334308755949674,3.3890994685572906,7.749220768719726,-7.432922359847307,-7.326272231113444,-2.9372691879034485,9.859045037546338,-0.5820182067504468,-1.6205680843998616,4.720262195781904,6.051995371042697,-0.1797580910675478,8.762429459008564,-6.757851221093477,2.21982571608765,-2.3859241942396916,-1.393041403474513,-0.6960888161411185,-6.460917255029935,2.8749389859096035,7.461713389655216
user_841,38.95908785457826,8.246810812240618,-6.5263696015252,3.908908982531922,0.2514223032370392,13.551248244318586,0.3242131653290868,23.963574919946733,-1.3688370393976357,5.110389952286811,-0.6302215212532137,0.2216530690602408,4.921367212246605,0.49691329782829735,-8.318096081276584,-1.6046676163574198,-0.31599096624360656,-0.29768675113875903,-0.14870163573333872,0.078585049881313,0.43023444969679664,1.5701918947991214,-0.298342062856304,0.06815822413077616,0.2098792145875306,0.08465312944115984,-0.04103550313707934,-0.16510930182628214,0.3278399300507965,-0.5586925195454863,0.209329198140011,1.0961977517611807,-0.2600123014468001,-0.18815925582613255,-0.3730682972219969,-1.1545185493367283,-4.202995461285761,-1.9926390241860612,1.0267806745020724,-2.345726303482792,1.0932165273996346,0.4146876613103195,0.012993392028071444,2.7777423912879353,0.7804891209698595,0.3414634083175455,1.0918408762576202,0.11562429444445291,1.2458288005407123,-3.043116943766985
user_843,48.83321935062591,-40.53146335519394,3.2344942608155516,-0.3255101960110653,0.4421310778417668,24.530949979084752,0.9606020051659514,-16.117885561190846,1.3521057816440158,-10.646479810490103,1.3467342524194421,-0.0902722617180823,-13.43229772230851,0.5062811146733434,-8.24409746205039,-2.0943895207269163,-0.3456134864487166,0.6741488446173762,0.10456436446779517,0.6699107831673059,-1.948782122872668,-8.141264545244807,-0.25199137526929233,-0.2495800714502024,-0.6474969988980348,0.11692458781078632,0.6735136413493041,0.15775021192715719,-1.2755831112797453,-0.8535129831725976,1.6769520869981016,-0.8393307101818076,-1.06414479881873,-0.38640417363025387,0.2393476785201295,-4.6071925245402845,12.111332323345197,1.4443704897997376,0.24427423744108967,1.5526925257276571,-3.0912502372450663,-1.6981262876211607,-1.7986461182370561,-1.0184777751673122,-1.1718026930674,0.09622930182742975,-0.7575737835600208,2.496863416741597,-0.4750749836598089,1.8793532558520751
user_844,40.96789912423986,7.152560508627051,-6.466688512947569,4.396211930412656,0.14468328012536563,14.541749717848464,0.29063249378832573,23.446882247087665,-1.0455819858909687,4.6439222963004045,-0.6396602612673281,0.05982358850829242,3.6321083940360688,0.06613217247139512,1.0244065983060664,0.13987977666051002,0.10717025345085579,0.3046413470580354,0.12249176716679917,0.16529862744940357,-0.13084364528608528,-0.4531442813331029,0.04204308822155451,0.10530374007165227,0.12113023379316695,-0.07497094139910493,-0.05758612057350377,0.1823246369001251,0.1852957374102264,-0.23473273829271318,0.19165118771981973,-0.057525733658886795,-0.1250677885567752,-0.011739767120261245,0.045034751826931535,-0.35424296141622386,-0.2042892388262773,-0.16888752944224372,0.41679302724512035,-0.9735722322098873,0.3080478947604594,0.20866063520569705,0.059521956590398904,-0.6847243125481358,-0.027102619369428628,-0.3176996718571608,-1.5366940081195493,0.7779449080555176,1.18632238403715,4.084523043891675
user_845,39.74192220263688,8.343165458895028,-6.644678458111447,4.154422307037703,0.28728565261876265,14.124277229168191,0.17233632179352756,24.83709927167313,-1.293846764070658,5.851728372057722,-0.7391100540464656,0.08650416850373027,5.100781603920512,0.4269331791449007,-5.49535396170533,-1.0598930792927053,0.03437853669913991,0.5440543634611599,0.2783903462997738,-0.021351853116821768,0.25433783047324343,0.5939183227250142,0.0641728624633728,-0.08679024471795284,-0.19122613596123836,-0.20297122112486982,-0.39374073751558186,0.0761389521854557,1.5639414586691935,0.6011573906547356,-0.44872185735371894,-0.7410046026849333,1.1098417111023602,0.9835532713858497,-0.9259281327280887,3.294510572507177,-6.220084972022573,-0.7007294837407781,-1.1373397029595886,4.375914470395618,-3.4760504556604817,-3.7275540327410277,-0.017337397408689115,1.669001450821705,-2.1222994192366005,0.5954363551758449,1.858467600543044,-1.0116129677660284,1.6766227805182976,-6.1775614545725555
user_847,40.179466061044614,7.925647500571639,-6.664991924624577,4.2394916512651175,0.21396782720112165,14.280032067980969,0.289395335181522,24.269261748123895,-1.2926372012546181,5.1505169353991,-0.7161144210856006,0.12857938029777408,4.505322416383442,0.4018646047122824,-5.998268465396991,-1.2182777023911382,-0.09065616318138414,0.1552520560094377,0.13464284688678513,0.19470942951992762,0.20148377053586913,0.545352267745365,-0.1626247378186234,0.003944510116951915,0.1325435261281461,-0.08721123816591529,0.2645409904641255,-0.21262437885933763,0.6800028208069904,0.20707069282663793,1.3428799861539393,-1.4905292619738055,-0.30497485104867034,-0.5276209496065138,-0.0017653640692062678,-0.5556007010172226,-0.41915892473505356,0.01631580342643314,0.7583243781611642,-2.8831372333359218,1.8532846999212518,1.8419427968384807,0.5264365803582827,-0.49149977324643235,1.5619349148388384,-0.8476791741242491,-1.1402313143318257,-0.4417164576946692,-1.3309608584160921,2.685615110973186
user_849,41.256255980315856,9.650151358927674,-7.288534681911578,4.588118525658777,0.19460227316010048,12.819778783613707,0.1810078960566857,22.928884491929583,-1.2029646244886785,5.028167474023268,-0.6305214322783699,0.10092814698432545,4.086890912744354,0.16338876040925002,-0.5549562493120203,-0.12225804045514596,-0.005284525097398087,0.06145107759867335,0.0644349049025695,0.0074385696962212195,0.0532587108872499,-0.3958973358609756,-0.015068990560532458,0.06908547992418797,0.0853919952258362,-0.012611587108608767,0.046700529183211194,-0.03821408943101091,-0.05766126839150085,0.10858615550202509,0.46208149289238226,-0.7822537948439625,-0.008843327094383988,-0.0168145786668111,0.021661380313374015,0.06882263038302677,0.23363272920667053,0.2857958962671706,-0.039262875999341085,-0.1721637310217521,0.1574569688339548,0.33120771868278936,0.0750909289216349,-0.8645386216864749,-0.0025997536974714905,-0.1635688806467215,-0.3113417832683767,0.09540756002207669,-1.0607728954719549,0.6535223919882653
user_85,-20.913885651053835,-1.367293982109038,6.322236511625802,-20.230520275240146,-4.650007140593781,-1.1280263343676904,7.775660062716094,1.2419985326738607,2.2949397356037613,-1.833420315807735,-2.6060898441565428,-5.813269472973358,0.18923263786445071,-0.8433024610670575,-1.1386704650209372,0.8750770106953842,0.5334856727794416,-1.9159288693538332,0.30310630375661035,-6.875144221778982,16.464475224462042,-3.849814445715639,10.285219036154597,2.284138873402557,15.072668431658771,-7.530385108121362,3.399617907589438,3.3590486696373074,-1.8746048805153683,-0.5047302502980283,5.113613555736201,2.345574665940891,2.5041920726805205,-12.590818393063518,10.635673724056991,-6.2245570477245105,-2.546223660270157,-8.490446363870165,6.10273646570445,14.514144513266196,5.475509044337566,-1.8654715425663606,-3.0150541610361645,-2.894587050225836,3.644302869897386,-2.1380054480226174,-7.553561967970693,4.15587526313472,2.073989328995294,3.534057579906248
user_850,40.153696307098315,7.851971274525184,-6.627775528774612,4.296316788119063,0.23257511951902554,14.889383773037194,0.2666202161347337,25.236315560005437,-1.2707818815698348,5.615327072939675,-0.8081015793726631,-0.007384430215916515,4.460903932259385,0.36121685909067713,-5.555911392373317,-1.1177146890184544,-0.003550617783091732,0.4989820878411557,0.3511780835499718,0.1674101512603394,0.26092083912177644,0.547384972650792,-0.04904985391198352,-0.08111602929535916,-0.05643684183424324,-0.13338462060724857,0.11110345902128603,-0.1875281779415117,1.3563106317757878,0.7007921200020856,0.9051081924760105,-2.144524045358218,0.3517074155607675,0.01693095758478517,-0.26222373077194355,1.4652595516214306,-1.5513709376728042,0.6729622532030952,-0.20386124334651806,-0.27857758031365415,0.1972900862657716,0.360318039938531,0.5955400576742731,-1.2757360297976315,0.283328433332131,-0.9734043078944107,-0.7202099333146518,-1.1461671252075758,-1.0415239605070226,0.7700041548423406
user_851,48.937876927132024,-36.87213364157635,2.2434852162364467,0.21127335765869307,0.4901883596198786,21.876065054971598,0.4019770860507842,-13.792077543805377,1.4441133323480968,-7.700551346398302,0.8515766342967251,-0.2682679892692432,-12.836277049748631,0.6371048138452476,-8.263990209051984,-1.9774062142910012,0.536434199599715,4.0135822141517785,1.23989381189838,0.4491801569318778,-1.5177513494787516,-8.254364247409026,0.21577153903895369,-0.1640175880290545,-0.5496285089854384,-0.6682536863989934,-0.8368876515697329,0.518086321240979,-2.927261677981157,1.6199871046439163,0.01437645332822628,-4.456995218504669,2.125824633527752,1.6888317804312267,-0.2837831916480863,4.001249725863627,6.295274581511595,3.86522734805262,-3.0318282907701066,11.345376327670778,-7.3322381345836325,-5.499822011422373,-0.530319648425417,-3.5296470181510893,-4.829141262065964,0.7722245114283899,0.9716103882180923,0.6261835987203592,-3.902522475022213,-3.324757839084212
user_852,46.09234486010599,-42.3860574074465,4.911671172344187,-0.7495079462829061,0.2859778078880111,28.88190157931407,0.9140774199875437,-21.49724265564734,2.086236309257866,-12.4731884827125,1.1788694069852885,-0.5454429241548021,-14.03132608364066,0.8587751921472476,-7.22494297860575,-0.9589662041780038,-0.3682709638888149,-1.6123153858139518,-0.5189558212300673,0.02804570927877002,1.8130667597867205,16.55181854851515,0.38192969105703156,0.02914946112719395,0.4584885192248692,0.014830473562459524,0.6278550082146218,0.4877885983276368,1.7460687076576118,-2.9572624451240803,-7.0604593082695795,14.367588082194708,-0.7643443244905231,-0.905342526158445,1.3360781700400295,1.3918954975260367,-10.274507605540466,-2.5260313156421628,0.8956059530106172,-8.077012843482123,6.530139641002055,4.219500612475997,1.7907463430683583,0.9548700112840608,3.8361152427384164,-0.5371273551824519,-0.4975306304374378,-2.30278537480194,0.5159928619878111,0.4560373269075778
user_853,38.83359577527566,8.923971924304773,-6.55678405257497,4.0629593684188565,0.2457550049783068,12.848473826727982,0.23605089848462574,23.76428676759506,-1.3553619751453614,5.295885197340677,-0.783206586869276,0.12988986753313525,4.426558509083279,0.304652606014259,-5.557598727686111,-1.1591927901693546,-0.07055908605996031,0.3785952593516075,0.1600008179785804,0.07373388556862677,0.18640323776186282,-0.22989280405462523,-0.14882534460882307,-0.05123428235634094,0.057890495512082876,-0.10597378490075991,0.20928783485562336,-0.16940161888074776,0.2529661923301937,0.4123792770286599,1.1475407016106443,-1.6725796749113202,-0.21773942712226158,-0.2898253577842373,-0.04497825497707129,-0.14637070401124014,-0.9400366928464052,-0.1340376359725643,0.3883637083248129,-1.9034547064178255,1.0417496786871974,0.8208481643895834,0.24034689529623465,0.017607521356260227,0.8452392179336166,-0.30190264233156666,-0.8627635404346662,-0.10047115372686884,-0.2270755508733487,2.2104978016110213
user_854,47.01924040678498,-40.646303869369774,3.7608543429147305,-0.5874756769994802,0.33564919745854804,23.962667302826578,0.9415287519682978,-17.568120739027922,1.6838007903441272,-12.221232579252302,1.1363000247167794,-0.2159352353151897,-14.853091401658721,0.5328984114699333,-5.385665661340518,-1.2224466826542604,0.11639882522703508,0.8753235718774816,0.22659571769886383,0.5294880274580352,-1.270153945326326,-6.400056183677939,-0.31749818057976253,0.1260025039142862,0.23323129580547525,0.5180903165039505,0.9059934026590407,-0.13995821465720237,-4.500128288210814,1.4401793636997853,4.115231709260961,-7.252513883961802,-1.0358247376826812,-1.195777942885805,0.28375017815073555,-4.921320379860703,10.869529853453814,0.9281902836738776,1.4303967540734182,-3.33403513922462,6.842229920270679,6.85833216003309,0.14320169660357085,5.065950535380735,5.319283007251783,-0.32433155717720624,1.9626510788855325,-1.3098743359027822,1.925557237210203,-2.7073022585404583
user_855,46.631043104627885,-40.399519393280805,3.817468902442495,-0.5403122089978314,0.419350098455212,24.94294611194146,0.9226896697967757,-17.26759783399162,1.68904037564197,-11.58422983514269,1.1402759748169675,-0.38201119874073897,-16.059317843191366,0.6792962605391918,-6.509430869073558,-1.4653733795986255,-0.028952844670805042,1.478457760530822,0.5033544631514825,0.5016010732917722,-0.8842752884190929,-3.4634800631221596,-0.38298845551760646,0.1589699973426778,0.814551010802115,0.46615997711640933,1.427812946999263,-0.4622852093379698,-2.189215822098228,1.315937069957688,4.827960040945233,-6.172252055703902,-1.692302041256754,-2.1093233899390476,0.9633540846293308,-5.9273871177759645,12.085041213990296,1.359374513037146,2.1999328522348525,-6.608787369243917,9.558544018145858,9.383690880267425,1.0483402215608348,5.426943765919786,7.250540275023332,-1.3893871470286936,1.6476587691315956,-2.4524636961708577,1.4351607889372187,-1.8912646390357168
user_857,48.85653826150144,-43.77577455780135,4.391693754227991,-0.5606226752343116,0.3705306059614657,28.347431601631477,0.682476573373486,-21.432767188825583,2.17798629688278,-10.743030159929242,1.1868469410572076,-0.6249361902354669,-13.80333901073526,0.5194381949203363,-6.948443531754869,-0.9599668892193998,0.15949612303735802,0.46507089866361545,0.047039255875335695,0.11898184606427369,0.42562650215095177,9.31589895872009,1.1468383820789894,-0.289738464017107,-0.5860918302129385,-0.9856462466997387,-1.1667422011401993,1.0737514652361924,1.4909210917058109,-2.932769345142938,-10.448259082440725,14.881540208454624,2.2239803487653558,1.9356292385082263,0.1331348056577488,8.347006618369033,-11.151588850259875,-0.35217651730123106,-2.561686848568221,6.925022178981308,-8.071304168979403,-8.649825527080903,-0.045919832442353245,-6.359308651775832,-6.372010070272353,1.4155806659439716,-1.3498958418996874,0.8014356804608114,0.04448530951536744,1.7473269453726403
user_858,41.570409050311824,6.929792679389887,-6.768015469463535,4.4260822585904505,0.2346965578326418,15.452698595298502,0.3320790772900542,25.607283641806404,-1.3342782230682182,4.951616592196189,-0.6683963561324929,0.17643051046999933,4.933581279043752,0.4225029450315173,-6.259629117950534,-1.2029552102244185,-0.13325300550088104,0.0999255012669682,0.11596516808847677,0.27029743257609057,0.1549446453613484,0.8694833044004417,-0.07301379506624227,0.005502148634051049,0.09553627865180936,-0.06345049860079423,0.317182946562861,-0.1703730784859337,0.9523059143876188,0.26617917062674873,1.3806706182795208,-1.633695502691736,-0.1316088528655357,-0.2627017527177586,-0.08600023353897956,-0.1514372954224317,-0.3105270662784469,0.2941622380563592,0.4686942243836086,-1.473795412938459,0.8574294930638846,1.0151802066719313,0.35191692840561245,-0.6594274298726907,0.8431283725146894,-0.6037352663752132,-0.6954854307480831,-0.11956880081234485,-1.1558984834910666,1.536608092308886
user_859,39.950686844284334,8.622638423959112,-6.788855033174766,4.1513896589956065,0.23191113332979665,13.642905811147784,0.23443744376880188,24.49718475547677,-1.3638695152188847,5.550391525789559,-0.7249186579974045,0.1573227132953655,4.7694006264278,0.36466149135001374,-5.850383344100106,-1.170075752944931,-0.08099597029044991,0.1633795000620743,0.09497408559975916,0.027557001034306722,0.3475280842188892,0.7673210934028398,-0.008367914927871738,-0.019100663022254417,-0.04185437755259712,-0.07381884130101059,-0.3008578531065951,0.1113334184510013,-0.06671406810184285,-0.015124283103984896,-0.41302790369937203,0.2862731032144694,0.5173536058110154,0.41535046896855526,-0.6022834398982515,1.0797074833971074,-4.5697859271383905,-1.291559716467748,-0.10556716570801664,1.629707032553218,-1.8211528053807988,-2.338296513134405,-0.189537993309835,2.6177427554946178,-1.0778426848276832,0.7476509000529705,1.6411882827240911,-0.21025689324407318,1.9815547816764574,-4.287265672678253
user_86,-27.572106144282888,-8.81547499640893,-36.91969759851768,-40.15591525383753,32.797313720182004,-0.9769536735266999,-4.194300628665221,0.9404930126414479,-12.397718755919742,-1.617982073125433,0.2375462840422948,5.477926514559329,-0.5044493119310958,1.5837985281486209,-0.9786358710779672,5.504609429150804,0.2965668726294943,0.5415001387427885,1.3043683857026256,-9.571999916231766,7.734378922279699,-1.43070342108759,0.7106301423704148,10.246669596416135,-6.451245611010365,7.77509293609983,-8.110435160999792,-5.844903992997697,-3.576509358417568,-0.30264720290458236,2.3079864645807806,-0.878569626377294,-0.07221098687694821,-2.4553357210260165,4.5128435885796785,-12.276993497478589,-1.8836236709830467,4.448387588304332,2.505430848480618,-6.339019523607936,-0.2100430254876214,-10.097137971803052,-1.499817201476227,2.7016285861802003,-8.232434269940489,-2.576586320295832,2.186771897459142,-8.385589182524733,1.6576513461850877,0.27812195821897684
user_861,60.88915085314454,-122.80725491433667,35.07379657924321,-4.824145031973947,-5.887232167587908,-153.8114077821583,3.6083940161429666,106.63916009384951,8.46058380244782,-153.15663386376502,10.933053582162799,2.679167874499726,-21.485895314693977,-1.231550486194882,-11.672416050081864,11.834110065884419,-7.101350480856555,-113.44431452460225,-32.914217676750724,0.6584859633169802,-1.675234213736642,-6.013909153207019,-8.6719636596841,-3.7743094456742576,-13.281528891116126,4.536543228398355,0.21047912840169195,-4.035626748681556,-0.1905182087584651,1.7027980416287782,-3.852077573442849,-3.1575589748151884,2.2810785640514943,-0.6654360472049128,-1.449977835164199,1.1561252634882486,-1.2589910016034926,2.003451667892545,-0.7668539704176967,2.531650705124532,-0.8234990593122828,-1.5081837751328655,-0.2924629317228588,-0.9826320365870655,0.7999617624610331,0.998921217221664,-0.6455925901832776,-0.28184852194542753,-0.8508118101167603,-0.6576491500209594
user_864,40.78776496835954,9.362832183009196,-7.093447720996715,4.476558378063606,0.21397758876754625,12.798481941899185,0.15782328694234574,22.322553365865577,-1.156750282227678,4.993316146091084,-0.6397468848201158,0.050547720623694746,4.027371193262489,0.3104437720251415,-3.1173671430462124,-0.65385383035541,0.0069178638381159705,0.39501432992105856,0.2287916961136656,0.059710880935823954,0.14148083354600285,-0.29059770116806016,-0.018275931934562152,-0.009753552183407468,0.007154147211965391,-0.13653333058590744,0.08676383022892309,-0.10457069649271002,0.6402881021669594,0.48222190537153514,0.864611618410859,-1.6975593222557497,0.14725005622377588,0.005303636271208266,-0.1785351562131606,0.8707713436024791,-1.734736219011245,0.19555963865829007,-0.03238268813455466,-0.6213661865988669,0.3210662810130529,0.3362512576827546,0.3954236767480706,-0.7528795385191656,0.29756832125141863,-0.47978162738330143,-0.5624290484396083,-0.5200524671860021,-0.8678874981176077,0.8951028154063235
user_865,41.02576482056248,8.960757979866774,-7.136164660795432,4.463583760991729,0.2109102755195659,13.53800411020781,0.2962603655421639,23.877999044001896,-1.3553093754563728,4.883380811632284,-0.6243810316591185,0.23162342560910926,4.764694660239431,0.2883152560460956,-4.265715457443535,-0.8570782347352653,-0.2080047193222015,-0.22577919431385968,-0.07903968246874063,0.13313256911772942,0.11986855654757832,-0.3478657742290285,-0.2144087739152388,0.12915742883638703,0.2717305068308983,0.07400554948160626,0.3282125664596536,-0.20096637523475147,-0.25658658646769894,-0.21856985318663305,1.3157078533201692,-0.6137146201982733,-0.6877013760907286,-0.619654310312814,0.1690547875956738,-1.901335479351602,0.7056995485988888,-0.35379574728767904,1.0663775170441445,-3.430470467575368,2.0511965218564345,2.0171625662052697,0.04012621658908932,-0.8181901630785203,1.147258412039714,-0.2226223822820791,-0.9802383046503176,0.8818473527578234,-1.211587719894235,2.90577514120987
user_866,40.938711291734855,8.739218285792298,-7.066512116396741,4.436812602455453,0.1944247411878338,13.685150354543987,0.30011339678715476,24.050328349294585,-1.3461143028122131,4.9715946339711,-0.6240509324868146,0.2334903157750535,4.767225417492948,0.3019552692706741,-4.424839656953577,-0.86083166494625,-0.21084501371784478,-0.2207025993721796,-0.07688571946713618,0.1433711385443001,0.07435660780225138,-0.5166847427439721,-0.23990508770930105,0.15203440327184428,0.2399265851089298,0.06737481130797791,0.3835355919180074,-0.19484311953709035,-0.16557657448710927,-0.17977495794825465,1.3396005182078317,-0.665705976200769,-0.6774769980641926,-0.5684890079911338,0.1315690133752969,-1.8632372875763998,0.6839900307086192,-0.33728512926408627,1.0106356289995617,-3.4021555059539814,2.15279868081771,2.123990695712323,-0.004206563545649358,-0.9070285706997863,1.1738554772216028,-0.1746783019275783,-0.9642760024082266,0.7963408998903835,-1.251783382112403,2.6974851791465957
user_867,41.404265763216145,8.082438173743151,-7.0044209993581585,4.503281800818675,0.28116782356557657,14.466589178474353,0.24820523299056724,25.40104335828022,-1.3977850656519295,5.454234232622184,-0.664682325242971,0.21691141941435985,5.168992875940487,0.41428797155155417,-5.339389216743626,-1.0242462892877617,-0.16351361942994563,-0.04802498888523759,-0.017236738672706812,0.12893262634536584,0.056186301609668435,0.24632720261949723,-0.11927956124741781,0.025051539442024182,0.18792361131469484,-0.03405877689610471,0.30451965445486046,-0.1415634808538977,0.15315001936531084,0.16338262416039154,1.3417578513363895,-1.3664754726867545,-0.34689371372397054,-0.1796419439061438,0.03791249850365028,-0.7899294846675174,-0.22064563403587353,-0.14191105501521137,0.5682181055945595,-1.7959582800332246,0.9856299376180709,0.925113058248538,0.08950229713504045,-0.4042882856059778,0.6564667951805386,-0.04274877845773469,-0.6065368650223919,0.5561191881240454,-0.3752130766078799,1.8477618876700654
user_868,40.330036024255435,8.804118940953567,-6.898500694851419,4.338164543799825,0.2386673845596856,12.84644657339847,0.18673521755903563,23.452772662676907,-1.2250763149587172,5.2180594983340285,-0.6570673564017716,0.10568358986852616,4.5143446238802305,0.4064158333653014,-4.425908303287538,-0.9046232363187854,-0.04865221775763482,0.37315424059738567,0.1338506447329616,0.14012280123746063,0.060894711441928574,-0.18639824939994487,-0.11872495330336442,0.010060218508372165,0.09683473622304085,-0.09629950257852664,0.07710267022160905,-0.06298094226740063,0.13268114738125106,0.28437514928038343,0.9804410582743192,-1.5420804079460044,-0.01745501385428932,0.0005045397801628816,-0.12367041249718891,0.11473854000553925,-0.9341163103741796,0.09296474265893943,0.18096800801996216,-0.39094014635692786,0.07692205834337387,0.04345335746786906,0.16795207027127884,-0.6998912770681056,-0.0363865185594861,0.005765554411915792,-0.5202965484002774,0.32772159981226007,-0.17229241120688518,1.3250522251380537
user_87,-27.162527576309955,-5.610629577737234,5.704778123154157,1.6890291034656026,-41.16809416192273,-0.25603258118708866,2.7326695931683855,1.4278693890459337,5.218517304187828,1.139740222589777,6.06661726198406,3.379353452264365,0.2006016401012365,23.131150967372765,2.504949426946924,-7.96034225436504,2.219284249404967,2.856398506754427,-1.7285321317962423,-4.790029059205733,4.95461245735373,-0.1176088200910009,-6.513719732527995,2.3654031001429363,3.832632231742199,3.3618067817800097,1.5659912782939156,-1.6419905547960807,4.219893069953751,14.327162493116614,-7.470022083830877,-3.1081327901811817,9.48732477621246,-8.292888342575276,12.317836170976737,14.037119634927777,1.6590268491988953,-1.5186927090903657,-7.441311097577207,4.278557991557255,6.667189055515669,3.321691261836785,1.6023647641096743,-0.8541799884203704,1.0930663169654602,17.006786874152773,-6.480542441247824,2.0275389213726847,11.495353679102648,3.8088897003488382
user_870,48.81661125035145,-40.734588622661,3.41103240376938,-0.23619353720050992,0.536509529604207,24.152467772344252,0.5565496647299416,-16.76758003861453,1.6806889921503936,-9.551213835458748,1.160315781351397,-0.3337017137339226,-15.107796162475339,0.7224743707757042,-7.764457012395196,-1.888816536289562,0.17880173170578126,3.223612523710864,0.8935822291245518,0.5330595508868425,-1.9967091069288216,-9.925527695144266,-0.09222422437812387,-0.2475824738583541,-0.5714107062101123,-0.4956116467465107,0.6486055020416915,0.43458569930679597,-0.2710499768625052,1.1582837269464292,1.5022775545809104,-3.8431092761846113,0.5721375092668269,0.46572802012164316,-0.11225583136278709,0.36768276426926744,9.827205473063877,3.3382104536594235,-1.359846300307948,6.37043822467418,-3.445396674502154,-2.4693237202188403,-0.7666733173568498,-0.7308248120606328,-1.0439962072624067,0.14778770992404222,-0.1753122950239109,0.378900722032505,1.0590614234447293,0.06824398948761565
user_871,45.36684120013344,-39.69637564568388,4.159202580874201,-0.9184463066124416,0.2828635218944874,27.03181152158876,1.1594582669198683,-20.027846954616084,1.5133938556162665,-10.354479857306718,1.1566249683959355,-0.3752652792797408,-13.940945169417917,0.2435985307538537,-7.900113989823905,-1.6115533276808138,-0.5102663586065835,-1.63151791434598,-0.6918337646784678,-0.26592628481976627,0.9037226612361243,11.167024399833275,0.9827670053655991,-0.5061325147538924,-0.2538408002083073,-0.2873124433204634,-0.940403793753659,0.9873400755539817,-2.3368138554052544,-5.005656096238339,-10.535002116510366,18.20492263428051,-0.2754541462362905,0.9123290217001615,0.6352120693180277,1.8458725943768337,-10.42897868178973,-3.6832324009954243,-0.4584316739356657,-1.3498695037125028,-6.0372000745802055,-7.606524310056329,-1.2960850271782476,-4.492954893713619,-5.928690098960486,1.928471515214538,-2.1366467046710755,2.4530072630396895,0.798166070243113,5.484873373171843
user_872,48.338687486183304,-41.0555633966989,3.525198233746611,-0.39653765986600376,0.467497696409314,25.473007129611585,0.8466758073146381,-17.688005455755995,1.7332125973180628,-12.237659585475802,1.2059152560759205,-0.3769294007926346,-17.320254219548282,0.8892112749604804,-8.227145269806904,-1.7513464844039106,-0.02862129708008524,1.6332555882841713,0.5294001656959719,0.48133669273229834,-1.0245602400197205,-3.7470361939382757,-0.24138860234287218,0.06262964921047579,0.35032686530736407,0.2064950581639883,0.9543154031824307,-0.46503753104851114,-0.9462166727063746,1.1438082087830403,3.7247682778991624,-4.9638587770423115,-0.9597947555173261,-1.5424373799217665,0.8636695165876771,-4.082105058372792,9.500382819571785,1.5224576557288068,1.5942173875156092,-5.05689516351508,7.3129397634316815,7.563293012497555,1.266678421164501,4.666605286341921,6.188270055465996,-1.7577217386143957,0.5134771165978599,-2.0663442363593103,-0.5420926760974799,-0.3926305215078891
user_873,39.816736139644846,8.601538115212973,-6.750301533407484,4.184571528273427,0.20366560661876004,13.294529595684782,0.30386091302553436,23.58396032735968,-1.3556561944530134,4.883843594676306,-0.6541159861176182,0.24474036255534007,4.648857599077691,0.27604325383339867,-4.653157797631863,-0.9304546663683791,-0.2061892920390729,-0.14536135654746377,-0.0796025884797918,0.08667616773680009,0.1372420560860383,-0.4540644645750892,-0.26681128620374966,0.13504993749295494,0.24590098888466402,0.03547830677117077,0.35041585857234275,-0.20937868754294225,-0.06345912586499793,-0.08363088703187457,1.438896592415517,-0.9410548839454209,-0.6448554344574124,-0.5516483185450968,0.02580381521439176,-1.7487429029657255,0.2198879799202418,-0.532142879148162,0.9367651553882339,-3.2638293206307143,2.144668572620556,2.0212616220042934,-0.1391774935521466,-0.9590803022779342,1.0072553720954094,-0.06758016788194694,-0.7234471752330919,0.7542600578595648,-1.1161063861824576,2.0572570085634108
user_874,39.0223411597132,9.343789712063193,-6.713786374626779,4.134386835132036,0.2480374743143474,12.50856936599495,0.21916290592021304,23.209692073444153,-1.3170276466072977,5.228729305754225,-0.7060985749308097,0.1642538440249005,4.5441512912815165,0.316562328678029,-4.54983923962145,-0.9272212631764513,-0.16322193148222713,0.153944177026627,0.05158280322580137,-0.001112317873651925,0.14233603030490058,-0.6299828232030164,-0.2565426244564628,0.07298131518680288,0.19420332430722348,0.048499227626944925,0.24754500753201786,-0.18443699493717838,-0.028190177372269663,0.21272755258946854,1.205832309424173,-1.2362257393049885,-0.41471133756371836,-0.360330085523229,0.056140907312854614,-1.0528202705892995,-0.3886966708710622,-0.29568849453897456,0.6729207413758705,-2.6013563638389194,1.6369881132452693,1.4267016130720325,0.05541106389676494,-0.6028237613074517,0.7598469405948031,-0.06401522460221871,-0.7449737806380615,0.43559483443949776,-0.25162478301996466,2.1952606624368283
user_875,47.9130354862861,-36.08574905316715,2.314174553268744,0.0768771851860638,0.45141590450628627,22.923202746052272,0.6540307251399358,-14.518730178373783,1.4840202668292684,-10.107589198712915,1.027714376855854,-0.40007499090484105,-13.586117077084797,0.9536300657735516,-10.27624836540542,-2.2175543630080057,0.036303288424551834,2.5036668835795064,0.8953825521814395,0.31702508709541366,-0.745019747518421,-4.3487853983717315,-0.2510119981693182,0.15547794082150007,0.007519552376136455,0.007450121269913884,0.1595990238526899,-0.6574567326251595,-0.5959928545030666,1.879568141801112,3.306891358034149,-6.50970665839994,0.45342092580711124,-0.6379222238787513,0.11857428990306491,-0.8091956533920976,8.208308077465547,2.6541777948497858,-0.14992981750902698,1.4017297534410442,2.8688875559990246,3.8468251112258884,0.7460261149630307,2.4525036611919324,2.9368501347397893,-0.7975561932543419,1.6844830736160588,-1.897130731738431,-1.1101638115958985,-4.710653911174516
user_876,40.44130040655369,8.074554970720389,-6.7764795995286935,4.320233374284561,0.2554647792539135,13.814004453506602,0.22139070641154882,25.149194310906015,-1.370274297488784,5.49101945756614,-0.727830063483266,0.24473555323088966,5.003099596851678,0.4033874518912076,-5.720430200478584,-1.1616851764870608,-0.16834495095369081,0.2461415601873367,0.10873232849641941,0.16244825846657937,0.024077318971340435,-0.3455804632122508,-0.298682103548037,0.1089190851061954,0.22544270205808914,-0.0776660401813665,0.3754935748169037,-0.15938897986839196,0.7835630566740588,0.18058283094430264,1.5359223923685705,-1.30564024543645,-0.4703639243384495,-0.3035875202997141,-0.13898047339225394,-0.9140879435000354,-0.7624449656205354,-0.4771644802169334,0.5671899114609235,-2.2891935207225855,1.321767722372043,0.9920352140139871,-0.15194942109375734,-1.0003002019478702,0.3565580291015541,0.19248561022816765,-0.8508293195505835,0.6704493874942646,0.07573563655504643,1.8718579878081052
user_879,41.19781171046055,8.771729148276355,-7.10916146913655,4.481533187525721,0.1979102618297763,13.440168498624171,0.2532433610367897,23.71347640900674,-1.2805666517124994,4.93839459687915,-0.6309136603031457,0.19569003879930164,4.631220410563287,0.3150894674421691,-3.4777031545033443,-0.7096348916086053,-0.11402144080364889,-0.044902583329473444,0.00793071798929436,0.12661612419527798,0.09723824878808776,-0.4705966782329258,-0.19094477379876526,0.08547236182332672,0.16590962561552222,-0.023984251739602044,0.212180543153764,-0.10949118606450765,0.11304234752119599,-0.036858739571719784,1.004152683742347,-0.8111112752708436,-0.36624162453746784,-0.35330010776609877,0.013247947449548315,-0.8695151434140039,-0.08775401055547374,-0.17420723186308557,0.5719773097497752,-1.8955493798990724,1.2929427586164537,1.336191690143324,0.05749987897197978,-1.3815622473611966,0.4040563621140782,-0.23208907587882655,-0.5891439366838558,0.3413081372354228,-1.2690674246760416,1.271045223600128
user_88,-31.940844004198677,-7.153612640024475,8.408233610186755,31.173890179557517,-75.93571256739936,2.242527698903609,-5.3455329440410635,-0.8345201896197694,-7.072532542791373,3.0873442447799126,15.277809765145053,5.058904114206266,0.15944690983365054,44.84841318208342,4.2983130809329095,-3.8885559672028367,-15.643360723588348,3.4463722816216755,7.6850561844561955,-20.96228939150153,-4.354531699684486,1.9348360597420011,-24.889391101159664,0.6872375680761108,-10.916812096775,5.1895523961220675,3.2365730638303467,-22.19945024446686,-4.097910846261811,-5.7602558568613835,-0.13847886588503033,-1.4456064229089003,-23.18270472538317,4.796517228060309,-12.433395969663986,-9.431355142441635,-1.260504500416939,7.768578023202677,-8.408969842651628,0.6124317828634671,3.866102749032245,-8.58116009841033,5.921460930779061,-2.8069972064356294,3.289123167664776,2.1899472184379443,-11.001780713762255,-10.730936374580383,-17.26222579584531,-5.241705718501854
user_881,41.53507687652039,8.486464234657527,-7.111260227199017,4.537642902879669,0.24343663765117995,13.877655272280471,0.2345835595417254,24.91855369547378,-1.4280685501955566,5.542084737463633,-0.7087494180976895,0.20998502168095737,4.5328785292112705,0.2949534130629371,-4.100358324406292,-0.8114440609942514,-0.12668465832784775,-0.04416268429563502,0.000966041681454778,0.017369079151161863,0.04120324406728814,-0.6661030811837867,-0.09957098005311651,0.025956753456787295,0.15732059214396382,-0.01166233862204816,0.2726174429558712,-0.046247484118440624,-0.5767085273815521,0.15458085718366144,1.0923190807654828,-1.2374999728002547,-0.33484264434843675,-0.21472653614847403,-0.04816294119457712,-0.8285593083338207,-0.5623487050722802,-0.5724739914734065,0.5661807893488917,-1.8949609565368568,0.7895425292987535,0.5271063828997897,-0.2999529399021121,-0.5708919874524379,0.024178398375319845,0.22574672019473369,-0.5386507420563742,0.8031075266458129,0.4404205119265067,2.101275031915719
user_882,47.28644252006206,-38.05922889165713,3.4597537217328203,-0.38901715630319733,0.393236423970964,26.33130890058764,1.109253816665268,-16.747448648319374,1.2116099843591066,-11.178053751203114,1.578064840715763,-0.20059586838971546,-12.317688425466702,0.6833957889698629,-12.745488360666146,-2.3374382955828295,-1.4719657265567037,-2.3548185359204563,-0.7433353243762497,-0.2519113805017057,1.429716625816737,13.655062258839173,0.45010306522889537,-0.4841853157775744,0.25092678003044,0.1653520178602353,0.8160286655073574,0.5868752037506253,-2.7520083459872455,-5.687727290462499,-9.215146271521427,19.48218284909626,-2.502281267007869,-0.7642018119477761,1.9737292960241675,-1.5731240410115928,-12.359778018375033,-4.922970734353102,1.9404102948357107,-9.086526744218512,-1.347537108925434,-3.2098005588210725,-0.29257677952423605,-3.7375587773422088,-2.0477055182110706,-0.5084277612994603,-4.050453846392311,2.2647277064763363,0.7619247180258119,6.736641195834454
user_883,38.97880038028621,8.534795695890752,-6.539588025309337,3.967153195497744,0.2151064527355576,13.64363367535933,0.26873163603953537,23.703603430931654,-1.2410720531534831,5.231542276678613,-0.7383604000436617,0.04790383936106265,4.766834134006995,0.28625408786296647,-4.778276614083411,-0.9840207619470512,-0.04264569664817022,0.22723506369348118,0.17085418553603984,0.043763253112353254,0.5743053071730797,1.7261338775263266,-0.03241955747883739,-0.01686735221430014,-0.07348358043328324,-0.025689259313316518,-0.47350799244636105,-0.006270772854163129,0.9353954371056128,-0.0004141826477400757,-0.6895934028749825,0.46336870078484604,0.7330303619982129,0.4156939202528348,-0.5656866672003257,1.6476541939603833,-3.5321967649558967,-0.4500744816955708,-0.4584242832779611,2.6169634543144324,-2.0966727165041137,-2.1115249657694486,0.27655426465471955,2.3659590974076465,-0.7413831001001484,0.042062100636141395,1.5377933112147677,-0.9604446513568679,0.3084708920910003,-4.915746781288247
user_886,39.665004624631074,6.1262528164874235,-5.927106182358257,4.030789513079423,0.17627643695428535,15.231265800377917,0.46496556543924544,24.83767460486402,-1.332581260048045,4.756387785251716,-0.796066652065548,0.22524409244527369,3.630077032540439,-0.11852216789259597,-0.1293837559347758,-0.057620104297072504,-0.11010971140261837,-0.2718626276821144,-0.0887402687103642,0.09287107174647527,0.03853194503540763,-0.0931268317822216,-0.04358924306468509,0.060484729551977236,0.24828055758326628,0.14060529215772807,0.22281165864642044,0.10844326079774727,-0.7683211812336931,-0.5063354059119574,0.5115849735396977,0.43422832388649235,-0.7886662878053143,-0.6720010928510141,0.3741007386127646,-2.572951129196527,1.5682808700396058,-0.785113929198676,1.4010768701895941,-4.360856753585978,2.2050731414489424,1.8492852493427177,-0.3072599988870416,-0.33443711820533284,0.9713383494916603,-0.08189937694337188,-2.010176390326956,1.4907650307658107,1.9643038084264643,6.378244524794747
user_888,48.314013587238755,-34.93008226937799,1.7842214309789988,-0.01896182365705512,0.5822656959851362,21.056651051412288,0.3809374765870251,-13.006196729050103,1.6041687485837173,-7.914875254841684,1.0975114582963412,-0.4160490206051625,-12.058849492901171,1.458504945862477,-12.303098035535614,-2.3572492696715295,0.4783644719882298,2.754313963041605,0.702109724105301,0.06690219862185229,-0.7932318132510094,-4.709003654073315,0.26842779407905426,0.41429806355433807,-1.2303076708124019,-0.6460464618005517,-3.33541512880024,0.7043788698352416,-0.9700208733499416,1.1244858553307786,-2.047717405371938,-2.8456321482389635,4.482022643701752,4.110911431311558,-2.4082915109865124,5.031827184296656,2.0427364499675242,1.3301173219306204,-4.226397437418366,19.274179974917597,-10.329711338753025,-7.961806927032734,-2.5006590018817647,0.6659200419553473,-6.942064363594835,3.134990934108463,6.993571705461112,1.2096122878694693,-0.1673479144995906,-12.261768380855834
user_89,-24.792737334190264,-4.538212747441597,-7.00516104732472,-13.788349985199643,28.569028522745754,-0.46260553640292346,-6.46248565288387,0.9062478161276867,-5.244236523446668,-1.1655405574471815,2.7307307776923624,0.8726777426975167,-0.12313834648181492,7.770021176574507,-1.5442043482470995,3.5327408256049657,4.779145985670916,4.151554092788302,-4.208625253678799,-10.623863591734944,12.867417617716388,-0.7832731084253455,12.464384207779124,-0.6064383400408805,-13.591460492848908,6.394209363268338,-16.81836329066738,2.7822731815567225,4.607044808627324,-6.756073528174465,-7.280441295717306,-6.694827624476115,-12.100245254614094,-2.3488476268058847,-2.192060799817093,13.616730540158628,1.0845807774267684,1.185203471943379,-0.639915929341736,8.282752685204859,0.004112159139740906,2.6440907820704513,6.550523415637137,-6.290924059174276,9.740160617548211,3.2546041330599014,-0.11321424751769697,13.57638868664787,0.5731959871992084,3.368466510571499
user_891,41.16889288546695,8.847667682499797,-7.11683066729269,4.490152068043988,0.25791013034235283,13.311425723884724,0.2405285714378408,23.85394032024147,-1.3526293930751976,5.085676721315681,-0.5856183748658598,0.25093303211070156,4.84260658720879,0.4119589135159007,-4.696034072968513,-0.9052958912832965,-0.231232690566581,-0.09594574263189688,-0.09600815640681735,0.06130983460205001,0.0014842132869774215,-0.5827633247036982,-0.16045433154764424,0.08713075965096181,0.25941067164293524,0.0392018582836203,0.39068179293672006,-0.16452995826412567,-0.38030598898946716,-0.024630291595835616,1.4226005165563287,-0.9578708338080536,-0.6317086168876683,-0.43552619712039226,0.1851242004532577,-1.6973817418105785,-0.034065167754579795,-0.438156885075791,1.0002776037617365,-3.2405336154062403,1.9387542545887408,1.7657294091686049,0.00017432559220369672,-0.6133695611719668,1.0034100464609481,0.07223649482097395,-0.7521131475335643,0.8745894057721973,-0.3981479869123661,2.5949513342435755
user_893,48.97101780996445,-40.97734777842752,3.3667973161140607,-0.32588475880927,0.542092197243229,24.872967374127416,0.986530937785265,-16.486305343874044,1.351719498883743,-11.209642026214262,1.4099347092352827,-0.10437801132644638,-15.698434743108988,0.4370136625637368,-7.322570683396517,-2.093551043177128,-0.26121000535725986,2.0142216305434437,0.3882635419206009,0.6680105480388091,-1.8869283671777484,-8.846911815393737,0.06255492834235168,-0.37727829889564246,-0.1784555394869611,-0.06561149925745526,0.8115338788798253,0.4603725718717218,-3.204780470333218,-0.012452604887861126,2.6843630660238498,-3.609806986119646,-1.0185155629767582,-0.07322086279959822,0.10290945203015708,-4.04225133613112,10.533707622873132,1.1054780225898613,0.19458092174600922,2.814529457235351,-4.121163407355947,-2.7930802017620384,-1.709313756053787,-0.7785962903034315,-2.4708142875827073,0.750636765191132,-0.20525953270883587,2.4232516019952137,0.9904402016400368,1.6746880021063888
user_894,49.655140601930135,-39.565837465737815,3.054888853951563,0.0911230401955823,0.3191518518623132,27.77265655543246,0.6061908381907377,-18.245808892102737,1.9726902390523753,-10.232926117988056,0.9831868992712411,-0.6496877975796852,-12.923614485880792,1.041282839771129,-10.634420786565247,-1.5500497754820537,0.1108888856742002,0.3597542184434164,0.1652816089745034,0.05597396272437489,1.7199243628336693,15.302224574707115,1.2074022740882702,-0.11919214111760627,-0.15658001361135368,-0.8131971084922544,-1.9070307854990103,0.618910167612509,1.281812487451074,-3.240324934943274,-12.22701688357416,17.622252925549517,2.3148114678766682,1.481243505253468,1.244439679522054,9.42689101872012,-15.361823367003582,-0.10419176841369474,-2.1958560216440475,2.0884115516107866,-4.051822469077446,-5.030366518580033,2.5383679661146,-4.881161653957106,-3.1758083188737856,-0.7179176063680613,-2.901594766627455,-1.092354672358422,-3.2405181549172872,3.871721675030356
user_895,38.89945222873757,8.713487358618451,-6.38539486186943,4.068932368902096,0.20302730077189868,14.117335095012455,0.34023200170481815,24.08338576733609,-1.2608433881629844,5.2570481381728245,-0.7254572613913377,0.14970569748352075,3.8427400720531004,0.17287554160124033,-1.5960791713726303,-0.3231537035074578,-0.02360711380019364,-0.12529425098397254,-0.12038332153899875,-0.060732121525879014,0.3739295685778561,0.38043858871750696,-0.09041478074870837,0.08914121931026416,0.16199591321585022,0.14763265145672946,-0.4282844994807703,0.2884969947431452,-0.24034614696232534,-0.46014761606104015,-0.20384077220786223,0.7065398684053372,-0.059000842591157496,0.08036705374568952,-0.1786427725886491,-1.2801291443980372,-2.0516320777657215,-1.658918847147772,0.7622636389549441,-1.2288683457673515,0.5028812984945256,0.023364538469441136,-0.3553520236947694,2.2610939620700607,0.20153496150429245,0.2711583398425117,-0.003003041740287155,0.5757924878132942,3.0629217130322703,1.0456155968241618
user_897,40.73903611158678,8.619191493499955,-6.932061402785704,4.421569229319297,0.27184241552223776,13.649305236424407,0.23249632753434643,24.85984551977081,-1.4195687119118252,5.733791106382868,-0.7229083196725534,0.188934671277926,4.505141679737507,0.26370345376174403,-2.8297680132360985,-0.5604425351958461,-0.10818487773883301,0.12483441041305421,0.004220005745154203,-0.06323282221786619,0.020226550850074056,-0.7181812042178403,-0.06085944145265059,0.02806437018573687,0.1844826684808712,0.0637754794360065,0.2189544786803134,-0.045263723695601825,-0.6846014794395524,0.25241386996875037,0.9110536885736845,-1.2117146146799629,-0.2617881190221931,-0.12169690797679834,0.07773215052202845,-0.6585919155099742,-0.3847574778207851,-0.31173743043200547,0.4264492387133682,-1.458654930220088,0.6138074189855424,0.3918852159021712,-0.24763248637183113,-0.6704475674723066,-0.08831036360765114,0.3688944278085274,-0.4663619053706947,0.6865024084923499,0.6879041423629819,2.07293812931642
user_899,40.15175173437493,8.43404723261414,-6.789064108513081,4.216569143064676,0.23655387085545113,14.092725781129575,0.2366603980124031,24.917661295037398,-1.3407813011522727,5.699164079409109,-0.7218056449073116,0.09870284855336897,4.999274662788893,0.43508719403517365,-6.3554966061340386,-1.2593669645570853,-0.05530209109956776,0.34602866935191817,0.1951099190490787,0.002458414819837718,0.40859978247800555,0.5529061937372477,-0.0062759615187967886,-0.06441602788811068,-0.15170210015463756,-0.11882513340974582,-0.3366169322784096,0.08665671771208969,0.8672042458869013,0.2224598818471975,-0.593646781302956,-0.025123336220617267,0.8343672534049872,0.690131872675451,-0.8381605199680402,2.351907758483369,-5.845933892485351,-1.0331830607047672,-0.6493873965254866,2.8870726001797284,-2.330050958218522,-2.758598778719805,-0.2681305856711706,0.7091689435522387,-2.175955792793457,0.5987854553274218,2.077653162259363,-0.848482382918503,1.9583345101725662,-6.371654449747875
user_9,-18.393794370396037,1.7881591057871686,24.278591259034876,-0.27735913404205365,-27.01988987838133,-0.08161968265733371,6.494043358956996,-0.23654213998680085,3.852336643298122,0.5472145624754305,-4.521112158151598,-3.7454312429799974,0.2323779698698249,-4.369696143473463,1.2105580950547823,-7.226069750006296,-0.8010394581177112,0.15257408029746108,-0.04865828838387354,2.705617646199546,17.697090681741322,-2.158886874933005,-3.3859872886585474,6.832134957991841,0.6571146290013917,0.3778814722036499,5.301091108385732,-1.0078109568302003,1.369943183767502,8.858572723866946,-5.515911477158941,-0.6175450780695491,-0.05531550758904334,-2.990090291271556,1.4057087357167215,-2.8119069099604386,-0.9952064893026684,5.880150860263807,2.4113127202299593,1.1950782333124896,6.1244108213804935,-6.944979727152163,-8.086382913260564,1.771157746728023,-4.373648910736697,0.04332116814075232,-4.158572631019594,3.1017028524703525,-0.31241073080339704,-2.2698691131536104
user_90,-20.988999300054292,-3.413898642798255,-2.319203858251379,-24.04724849991961,8.675227542829372,-1.5148294813212062,4.2505738850946715,0.3858579548566839,-2.086867945348982,-0.7720565124756864,-5.447947207053946,-3.213195456799458,0.4358475821803342,-5.388621014106339,-1.21888242174699,-0.5111554514432557,1.2805407673548934,0.2185985614086841,-0.7538881038863975,-3.9580169535158984,10.966574889034947,-0.5448868140149394,-0.28072595547202606,0.44989963763508867,4.489113293213046,0.5615168265656179,-2.3464569438423175,-2.8762610021198305,1.1397979666310358,2.786119193798291,-2.7218674549182174,-0.3728895728556149,-2.8105262211290887,-4.7442142719031075,-1.8826273919756569,0.3201446162681244,0.3200830927058447,-0.2233026612336844,0.06470612474494036,-1.5493023045720333,0.5734483471647556,3.3023040367493204,4.779286535071402,-0.1053901969998038,3.69443316504697,1.4965145198787633,3.749796970246572,-7.643615751878994,2.982811662548791,2.5060084011034816
user_901,40.156958004357705,8.338717028472447,-6.765632112047956,4.2841422612311755,0.2618044808404822,13.65996273438786,0.26949110553552696,24.50651288196235,-1.3459130618626243,5.25526445314426,-0.7000364112052901,0.16353493361199653,4.67134439443901,0.43397935411544936,-5.815852593526296,-1.1850846939256046,-0.19671167524365893,0.10865387383629134,0.02705503576281339,0.1281461574994259,0.17997123836327128,0.1143808581310616,-0.26643575517144685,0.0215232771835094,0.19940170150324693,0.0028790535744017886,0.2909334282003701,-0.211117486445761,0.17883939581221928,0.04043941099068818,1.1984130279893581,-0.9448078359533071,-0.5261643794370147,-0.4726009711645014,0.14558648437736688,-1.1434549454036738,-0.631059273964967,-0.31033933053934853,0.852653484310093,-3.1738336616287848,1.971160744605783,1.7232527032680263,0.28686521465942033,-0.477343957012858,1.1996998858174504,-0.3064533337994263,-1.0277257602952536,0.31340993452662746,-0.4023948292604957,2.6348591779585653
user_902,38.176782040998624,9.628535158296582,-6.63299876624705,3.8404241148217735,0.1961934495469598,11.829822472012083,0.29540048677331043,21.60243870764771,-1.2850360176240079,4.8489549429285965,-0.6451728157878434,0.19388532398976324,4.521343050508849,0.3146235399995356,-5.279713560725516,-1.0945549627614242,-0.23415367702350326,-0.23306653900250646,-0.12191857059713579,-0.005790750484367901,0.49471796625567566,0.3695594872876422,-0.28494395284346796,0.08976061725871441,0.11426578832161624,0.051912561950484395,-0.22380258775926687,-0.07734061524187952,-0.029443996688698407,-0.4664449649158447,0.047574819087153226,0.8239638815630417,-0.08172325577956048,-0.12372288923012098,-0.3994314866688201,-0.7866999133260438,-3.622968677920909,-1.6341441733745454,0.651377828672747,-1.013686212477254,0.258747632423879,-0.17618275609873443,-0.24975645185601558,1.0342496925036266,-0.421135317377495,0.5950271025390885,1.2730492347659945,0.24365579721199843,0.49823061856237755,-3.661426551559964
user_903,40.32432073504459,8.259351737762595,-6.730287366563818,4.357074655786356,0.2641099815698795,14.242665674393628,0.16652992647042208,25.408263687668697,-1.3080728397175634,5.9614394880172386,-0.7975478600052256,0.03783411114721678,4.570392069568477,0.4233860857059377,-4.260362417216163,-0.9036403766008678,0.11307577717776383,0.8549745886860797,0.3578862103698287,-0.015881254117029633,0.1515473617190764,-0.3553100728185448,-0.026400250632086546,-0.04024806395152574,0.013325559089143974,-0.1723288994710035,-0.012854095098511384,-0.007797967739582209,0.6529932947190822,0.8265191578522438,0.6023721998846258,-2.1542544112945095,0.41707466232880314,0.28116355239007174,-0.2922818623276034,1.8812791142787975,-2.3752283204023605,0.3650191402473337,-0.5097094800765917,1.1991791928733986,-0.7203331084840332,-0.8784907822925377,0.30852145558605115,-0.11586192384658306,-0.27024273315150255,-0.12524267585095825,-0.08021561148767575,-0.7673092676007179,0.610005677449666,-0.12325232388216058
user_904,41.44572874692553,8.435897435677393,-7.012658093793309,4.522127571111049,0.26291640922849374,13.400382694691519,0.10799798718494065,23.39524118703929,-1.2146027589077246,5.507980365979946,-0.6459762616426326,0.13428740040509485,4.206078928966994,0.3637590434811009,-2.2997392572501862,-0.4860535019983838,0.09562387342375354,0.595750481555311,0.23010221786285262,-0.07480630734151293,-0.12507569522293707,-1.5976145386128124,-0.014135494645424473,0.0039148381668881035,-0.028563948064448237,-0.22530900682887842,0.042672903952292264,0.10054217803702829,0.28218541326921853,0.7731196584177222,0.7828535983231245,-2.2620329795199945,0.39752098492275506,0.4555656936849208,-0.40411971548650366,1.3922481660545984,-1.6622308189449317,0.07156925869136167,-0.6516427249139105,1.5933000019890304,-1.0451557911708418,-1.0129681029653648,-0.5089850447234696,-3.372810224354541,-2.193107169516892,0.494720543979052,0.1561638507486554,-0.036592877461122574,0.3277225316053955,-0.8441764445215201
user_905,47.76421945858019,-39.76382984179824,3.4625967746566504,-0.4276724922102631,0.3426379539228839,24.215713090022284,0.8076282434895747,-17.067600343140942,1.3042804911586547,-8.787785227337006,0.9999453900390677,-0.378687107438078,-12.922254994933311,0.6212463702167631,-7.712855917750167,-1.3566539053281088,-0.4383285165111305,-1.1632393326842179,-0.11499136728924242,-0.030301413434672048,-0.39523965852505544,-0.32100883695989585,0.06537490725634754,0.04560459870064694,-0.36107062113883476,0.19117715279188358,0.17928904174556062,-0.34616307453245815,-1.658995136078001,-0.7741430599439021,-0.7665997874611847,2.2686441094851055,-0.7464848219266214,-1.0409112233862468,0.8596218912304117,-2.3960904941897505,2.8077356149516226,0.4199298160086203,0.7369632479340695,-3.937341545437565,4.31599091655327,4.595034501791862,0.5179457016969305,1.6960036802144327,3.4946651292763597,-0.8529838812289594,0.20536956110523225,-0.19791938515201504,-0.4314910774502236,-1.8211433356379372
user_908,44.47350132797356,-41.12728581166401,4.762613434075081,-1.0566033382809912,0.2200842986583773,29.14099499269826,1.15735766236552,-22.385550196812112,1.8763583545278288,-13.183478409787309,1.1173944661237956,-0.5608485776384787,-14.692811994723488,0.6947271797299223,-7.933631751907794,-0.9868349080137758,-0.23349045869841178,-2.1428220848170105,-0.7369878876161488,-0.5616918801241669,2.4454296599359053,18.73350527179149,0.6703778703998621,0.2791044349954789,1.0992030762460963,0.6594615680808307,-0.4512272535603027,-0.15394757299497494,-0.3862520854910184,-3.593487032426319,-7.687090678544121,15.921596215596454,-1.2001304958334007,-1.281950706274015,1.6178945317484397,-0.3584600007392912,-12.474352558327032,-4.421988960577346,2.0133362665707684,-14.732317712967662,10.994095415194872,7.700529889936373,2.0832475222010434,2.9352939898181383,5.921716018950899,-0.74865660511208,-0.18533212793188913,-2.373071129460018,-1.534033421035789,2.6887595314017356
user_909,41.69920147849714,8.377157431400674,-7.106705052421503,4.550064879963791,0.2052507282161768,13.513966862197956,0.20187106473308572,22.779038551415198,-1.1792611756326736,4.867016371955519,-0.5886641830174163,0.13416195585504526,4.369902336848089,0.3607144187689549,-3.4363978326028537,-0.7023779603512935,-0.07241887839040426,0.1542895799159988,0.13769838209690516,0.11294085593252667,0.006171399771572826,-1.0333265743604076,-0.1428636028802116,0.07260799977463184,0.042907616484032324,-0.10813106364766166,0.1775612868885064,-0.07431991723255185,0.2886671144987979,0.3091144263895634,1.2016251087085148,-1.83397609000772,-0.05155541194060444,-0.09956594103505656,-0.1609862268714547,0.02272262043721057,-0.3787280262679115,0.22344505272663537,0.10790599079391698,-0.7322808038284877,0.4133107095798125,0.5909524187531574,0.07529360040103086,-1.750240391913328,-0.01372948931582604,-0.3162213424603566,-0.764579634248644,0.24261026940970168,-1.5697791339130458,1.4839688284352606
user_91,-19.78403218837281,2.5875198969088817,24.197197729713793,-1.1339485801237512,-27.205490645671354,1.3526048065836025,6.420210606512923,-1.0623471020599409,3.2790480132789446,0.820456856742733,-4.285911746818498,-2.6911401388027754,0.32445300319304426,-5.409537818341497,0.2708957437127556,-7.561298982572896,0.12635661432948891,0.5969556306906963,0.38399524441433575,1.0576284965055867,15.762186143505318,-0.8365509602971145,-3.664812851094008,7.386547543367213,-0.749551785500746,2.3891953614765415,-1.5246298423332696,-1.1404875067827434,0.4059077024417583,7.499719482504063,-4.2275089062056335,1.250371710225397,6.3714882502506045,-0.4544700557654192,-2.6947600772679503,-1.833567181356863,-2.7359844976820393,6.99660894598696,1.048241877237506,2.6488819232345415,12.18753623283563,-4.2635954070138276,-10.444566596099929,3.145873069737352,-4.210583918945749,-0.34586785505182305,0.5131909151546808,10.356099027342228,-3.4394456959607544,-1.3768499170140054
user_910,39.93964011692152,9.432308132350421,-6.98423120730095,4.215307715376172,0.22432095387189138,12.88558257571239,0.23247927863468879,23.59903587734384,-1.3621040290901703,5.299043623339077,-0.6515376799829949,0.21334778589039813,5.253695133987358,0.40692850343772724,-5.50268940442341,-1.1521790269703116,-0.15038575286228298,0.11010518597532876,0.022842032095461703,-0.05236865277405356,0.3880281793637207,-0.13031533348608643,-0.14372578489882662,0.03540243791919143,0.017328945203116734,-0.05601366309326225,-0.25494363855573166,0.04584693878758728,0.15530534022767659,-0.10381833263294286,-0.0432776827015072,0.22373075895395977,0.27036044606272286,0.23600608401986356,-0.6160981112973167,0.46665062121081646,-4.229463675935286,-1.4329872277868434,0.036704709939079885,1.0257974038923474,-1.1479597790689269,-1.657924504984903,-0.32355824099946584,1.8200290926994251,-0.973278346792725,0.7446307840021031,1.5424799174500734,-0.03973346398202262,1.2710559160705213,-4.360334452871283
user_911,47.13737674122626,-36.67260159221235,3.2785458338146833,-0.17996482008194997,0.4858453102915269,25.96240996913172,0.8452048092421809,-17.465585355572046,1.3281450449283048,-9.963595720939255,1.4731401178504464,-0.3468424888474025,-12.262191928042954,0.9967128494181523,-12.78914745012689,-2.207908548494176,-1.232885818801163,-1.5824723280505382,-0.43012159681115153,-0.4615108641454827,1.5617109441488777,12.063796832156818,0.4428928111238179,-0.2766175426103934,0.22556532566312276,-0.05989168014271083,0.8542968498568337,0.4733098772177575,0.5658582359247321,-4.057786923147425,-7.19985098228903,15.667812289556913,-1.57662737403591,-0.6606624149566467,1.1065838281215892,0.11773871256864227,-13.143888160482009,-4.162770905974529,1.563288029636965,-7.010695505134328,-0.921197599105398,-2.9980759363529472,-0.18980166423929806,-2.2141513409879052,-1.4193696952009103,-0.1280186791315282,-3.4636054211942415,0.9491047399215783,3.1993428743632917,5.976111706979843
user_913,41.83452783982301,8.517031851224889,-7.16334291926406,4.62737666234861,0.2630430904243176,13.762919972913306,0.1268955720756539,23.967997398507492,-1.220265538814687,5.25911457902184,-0.6224721045099488,0.13757688720273362,5.1963471877030925,0.45208220534751875,-4.026568251901727,-0.8149334325693249,0.0020542377605261854,0.5130755344370875,0.2530667584863871,0.049538792801285744,-0.012289995065327984,-1.0522296845530732,-0.08960104763216664,0.03753802378035793,0.014789476835268085,-0.13418807391555568,0.11726001345701775,-0.04988922390475947,0.8074738388450942,0.6070001302164235,0.9990447095139228,-1.9381353887715107,0.18834583506742142,0.15368371238049397,-0.2526865970915657,0.9697149454476904,-1.3077348634005523,0.32462055497062386,-0.25216039807149,0.4525743370461057,-0.30743106390273106,-0.1775208077538797,0.21249911851498865,-0.9738845677502527,-0.19418571026244166,-0.25104520396165925,-0.4667557083638095,-0.24240555180726536,-0.7998264531119555,0.6479318394765264
user_915,40.416977491521585,8.325979159385565,-6.82422466214168,4.2399568553211635,0.23825626232483701,14.10131326095193,0.17733941326826913,24.549652054338363,-1.2665576496507278,5.652353784367557,-0.7495602573732756,0.050566815706807294,5.06523405779892,0.38392100633529636,-4.9965878735583935,-1.0293956708686456,0.059755982947914045,0.5320305934718849,0.29625806388546516,-0.017106582542892795,0.4563100604073907,0.7461287946801978,-0.016007689028802986,-0.03469993657767127,-0.1670620896684979,-0.1847413787772951,-0.47596649494498805,0.1116464497283644,1.3765423965235366,0.4778246081896667,-0.3850934014235558,-0.7418984732692873,1.0627369566218177,0.8306529051666691,-0.9580823245339024,2.855672276256173,-4.761133062473341,-0.45136168302750584,-1.0745697014951114,4.566690077446909,-3.3520753589207914,-3.4596679660638867,0.005691244828878782,2.1854666107765492,-1.7974804193470053,0.35720150354978236,1.8729497327895033,-1.089851932617414,1.16890081823298,-6.090789509962481
user_917,55.46474474044167,-85.41972035729759,14.310091692258988,-4.553370431982431,-0.5032890941835981,-38.883431363307004,-3.4312205738357515,-11.66278282518806,-2.6414542592749846,53.38293689597374,-2.335864451912262,-1.0854721632191857,13.44769080820737,0.1571889270465429,3.7380314362547753,3.119407970326146,-1.2295968376391309,-13.688361961379888,-3.5833995808760974,0.4501736540785689,0.9560996391851729,5.9316708942815515,-1.302084814188952,0.3756814366800694,-1.244088668184118,-1.158586736885112,2.4662036654050437,-1.305276721664212,24.706986795562763,-1.852528038064443,2.8493505867684954,7.467429744102507,-2.5544683374075032,-1.5401750703847619,-1.0809603829206282,1.358853446103715,-7.832726795969165,-0.20569375932171938,-0.09239676812691741,-2.648747979397141,4.087601410905889,4.674065378317324,1.0178811161383123,2.0102685436437753,1.9178216478512713,-2.352661135551783,1.4087996196663348,-2.7306653362311724,-2.30280243247756,-5.069150273977326
user_918,41.08606248786327,8.47561112772787,-6.99995036121161,4.448292638828498,0.22160562133200712,13.534308267850069,0.23420755490695339,24.06567036485498,-1.3547080729705498,5.155603975790087,-0.6402800192302516,0.23224232734084155,4.946606703508003,0.39104291690238085,-5.087920254943862,-1.0288247301640072,-0.13572948063271956,0.13215721039346276,0.06070096528438607,0.06022452477692757,0.050778855663210325,-1.208812847898756,-0.2017224112255651,0.07925316427370249,0.12449722380500038,-0.06613666589113229,0.336497016374498,-0.10216425927428269,0.06363198363027682,0.2356883408333285,1.3373751199677681,-1.4884248683629409,-0.37510406545526415,-0.29563514713640654,-0.10620991265626323,-0.647297566702077,-0.7144580304978235,-0.3501290905673159,0.48198796267648747,-2.040594527084593,1.2605677685211507,1.0736930969789062,-0.14287048608956257,-1.2125863024108456,0.3858152361457885,-0.028873706449148474,-0.7255170156320918,0.4675253545492073,-0.6150803482267259,1.8547499069003968
user_919,40.71768692344518,8.88943386414622,-7.010003343152864,4.422150933720885,0.22952796134998424,13.392375342650082,0.2526171355073048,24.10272515306641,-1.3802248857777124,5.346391127658344,-0.6838462773387607,0.18291835272022816,4.643394202921559,0.33017867869026474,-4.194009160200685,-0.8572511924340087,-0.13543781181871548,0.08856729352019337,0.024475018627279813,-0.03497380086521502,0.12817387811117625,-1.107876042507144,-0.18136841774113005,0.052928223614007446,0.15796182319601076,-0.025458136054959005,0.2823189275658519,-0.12558858798417394,-0.11653914635256628,0.27210861595064467,1.3231687786338509,-1.656465745054779,-0.32192070200565026,-0.24281156606329193,-0.0874251896523848,-0.6217027397830719,-0.9335057656597728,-0.31287329766139244,0.5010321482337661,-2.130318234100273,1.256563824393208,1.0993937623771044,-0.15533422721501444,-1.5782809969996585,0.1388926929149446,-0.02814511944375048,-0.5684082794936546,0.4512419979429081,-0.40741718403663807,1.6641043902619248
user_92,-18.320603694700367,-0.09349308135600692,19.560779177549996,-5.317273321218601,-17.27255242889569,-0.9359706022131983,8.479276693587153,0.28269246234572476,-0.008308665477542193,0.5537980781520131,-5.934148688550735,-3.2229552316764734,0.5365937297649642,-6.043036073269737,-0.20016743194690556,-3.477470688128249,-1.1263533166306614,1.4098515762438062,-0.7057921701387039,-0.463652619530505,14.676018616898634,-1.7684475909123898,-3.838059673231878,0.20305471160100144,1.1818125243757072,4.350369863530047,0.3512243906527001,0.6410900822082196,2.3767224150321478,5.653657158174956,-3.6781005569179426,-1.8605191495189766,-1.4241082327451542,-2.106331971046656,-1.7479272638208252,-2.907542786056299,0.7278706973114695,3.683850017086673,-5.192299617240273,-1.392574129753454,-0.4371823828506721,0.26532589583268446,1.7036037456269728,1.4716885642791846,-3.8730256240399656,-0.561604558300399,-4.092221654333967,-5.224232614109435,-3.180786842225348,-0.6161156985156646
user_920,46.1106934290602,-36.72931741664151,2.7694666100646352,-0.720301688247034,0.5021139576276077,21.957380881442365,0.7611104254984508,-13.76989993808738,1.2709717566661223,-7.724032420492875,0.9857081628217895,-0.11688547298217425,-11.845273279282845,0.6424960678821918,-10.19331990309442,-2.4573083584109088,0.5919374965631377,3.2086274529567707,0.7117454244339283,-0.05932806330348773,-0.9564806411909678,-8.119571933518209,0.5224722398629558,0.157262335548885,-1.1179090682254236,-0.3444850697546242,-2.9622911256847178,1.861639076324484,-6.979808729819299,0.30975762861596956,-2.4409936637718928,-3.006040992651641,3.363749376718406,4.64498585834744,-2.968320297491363,3.9137653852686416,0.054692834967654994,-0.8123112040012802,-4.4132566248003915,20.278237827490447,-15.261691711395327,-13.09583319447789,-4.441677912501765,-1.8343156472068713,-11.76368896296142,5.27258354125209,6.776304763597024,3.760969007610684,0.06902072031672189,-9.965860412449892
user_921,48.75545654260351,-54.128697482044025,6.7550239576679525,-1.9080915340042635,0.4226928289598466,52.42218989327636,2.561264508708968,-59.136680283431126,7.0387101844713245,-72.95846621796332,7.409025584356192,9.661420909545619,157.58214578468147,-2.1216313497724912,10.625845351309579,3.46205269037193,-0.19844800685208422,-8.621479188815528,-2.4306627096276077,0.14565915165515453,12.191173549667864,104.87866609045781,1.8620487023309833,-1.0358484712405314,7.63405609901102,-1.105938106913877,-0.8111272152879986,-0.4914867628335366,-4.217222303545441,6.8580536374881875,21.039951005740406,-36.351249793040196,1.5587600065141152,1.190700514145783,-1.6557588595175894,-2.990840378502751,15.849849496715041,3.1383847183030253,-0.8975752318590258,7.746200945978937,-5.591968565002515,-3.969620257176967,-2.2285425436328006,-1.1264384095267772,-2.413522194797919,0.6215723358972143,-0.12698818243001947,1.438863747100153,0.17412452861464572,0.06274006626761283
user_923,46.27453552076867,-40.644175959169495,4.268284978349767,-0.8043312869098994,0.268983408938072,27.90391973996091,1.209111215420347,-21.392381881349326,1.7120023026407662,-13.069607156031118,1.431154873998935,-0.4551859843798084,-14.80841187200845,0.457437285964996,-5.978291122836996,-0.9817637383956611,-0.7633539759981,-1.7891318571960209,-0.6328541925466813,-0.22828732070373395,1.6670848476741986,13.527364632902286,0.5520336544385683,-0.08670780069581864,0.7992491867534021,0.37408274589469626,0.12415568375035706,0.27346451866127935,-2.9503479382385174,-3.9988650273070934,-7.407039262947921,14.711008599001142,-1.7645952158203282,-1.0514725207094169,1.6301748747560518,-1.0744889829711677,-11.50177608519077,-4.157847234470085,1.868422689987279,-9.897987856817252,4.6225703088134455,2.5507823744431195,1.1306495147287932,0.8963854287264494,1.8790090555842494,-0.33910672792340746,-0.8827643107444259,-0.24290191697606903,0.37387575574223475,1.9079559531170993
user_924,58.600732154657294,-85.65709610659943,12.802542455445042,-4.992932372028725,-0.04259596403662368,-42.21201209525184,-3.027896091046678,-7.475485576594102,-2.538148322896766,46.07349669407624,-1.7917143215801803,-0.1765577710883843,12.278291152956346,0.06325354441960601,1.5574099406731496,0.850931207446922,0.10802594344930953,-4.260167200819758,-0.5044598689827928,0.3034557613742986,-3.0954487541971334,-8.187409733164404,0.44772405711759333,-0.03138313007210486,-1.2939305983210907,0.5189590516438926,-1.1662817585650511,0.11276971781990178,9.0189341931011,-0.8881520816775483,5.347828788634544,-5.012910375019905,0.22883411709854917,1.1445255563707442,-3.3568376155093382,-8.009374691637404,16.17645546464196,-3.9548490107579406,1.3624388135362944,6.06461174838629,-8.571391251670477,-8.270267992325069,-5.12598642289856,-2.3839515287789665,-7.2161356053082795,3.3822352687396577,-0.919644454459016,3.4750774469432346,4.602349054521157,3.2308204140907097
user_925,46.33558353718993,-39.619358653916116,3.930144816481652,-0.7098174453562163,0.3457358672060569,28.561712122566618,1.2180317740085456,-19.50928820594271,1.396455276204255,-11.965047917115525,1.4340384301702136,-0.45997337519256093,-14.863353049328978,0.7510274018082461,-8.805181177248835,-1.582115863355412,-1.1168387141394145,-2.0015429644261213,-0.7163426529349256,-0.48884230422378067,1.5912387177948693,15.131091283970072,0.6775023934139759,-0.15873736833442934,0.5651105651560829,0.5011115679775678,-0.04695745992208839,0.07408553449809735,-0.9599789371950286,-5.511246794637116,-8.951151148113366,19.538180504789672,-2.081305352349874,-1.4618130052157199,2.1871647046296245,-2.6165692509727694,-10.179503837680937,-4.700881279911311,2.3137634601577273,-12.457564132827002,4.354686435809877,2.265512555391821,0.7873511355775502,0.0599671479205233,1.8895004478189976,-0.7503391066209554,-2.342399005182556,0.2534207991128481,-0.5484624507298228,5.405266282773034
user_926,40.21358232078975,8.713995013660059,-6.8497458727125276,4.290623786211867,0.2272719960780005,13.281038546662671,0.21947133908374306,23.83299381832242,-1.3438740944667642,5.332069809335039,-0.699735728701671,0.14288528542171125,4.8601259420173335,0.30243896624475924,-4.631946130667403,-0.9504958363983254,-0.025740957500848934,0.3219172622996665,0.15784134936173208,-0.0033237997184932845,0.23486981352949854,-0.5598166737841684,-0.14674729410576484,0.0627082430034297,0.14517825064129974,-0.04355367404723123,0.1183294857175279,-0.12213965990735884,0.33133121113215613,0.4041492888577116,1.0215881937119151,-1.5622823309700746,-0.08318228854959325,-0.06634158065540303,-0.2351550926255524,0.11052554562094973,-0.6856803334653081,-0.08133171192225952,0.07760662908499392,-0.3521778063888604,0.060115272634408246,0.037390342309408194,0.008141672362500059,0.04509868966180286,0.1714324289135734,-0.06515255593016153,-0.34922769541446697,0.22767213631211225,-0.18346212120742653,0.9635400384643372
user_927,41.28760478534278,7.2424754230935955,-6.754377095801812,4.381185336348034,0.23308798925931132,14.524224489604281,0.25223475249783267,24.86212590667776,-1.3300479693236997,5.416733612692154,-0.7580588556836065,0.19420701892777362,4.729773486316336,0.3261947033798868,-4.051112011893835,-0.8401194502200012,-0.05284718777316117,0.17898859795172475,0.1611496673688283,0.1465860370083298,0.1513571744385107,0.3222663095213571,-0.13729687037031676,0.04132423963258442,0.1395133387735332,-0.09961099072547341,0.18871313426777472,-0.04706511981333379,0.5496282605483266,0.3828156844945397,1.2611217338570828,-1.8143557259902592,-0.0811853463373957,-0.19193314874159148,-0.0792684045962574,-0.21713883962460329,1.0945690144540359,0.39471082869872454,0.07532635834396689,-0.16408671634759103,0.3250255229966935,0.4338808726277893,-0.16898028677266316,-1.7242781022838638,-0.3406460635213856,-0.040102278196468145,-0.30551702534188374,0.033137650972434485,-0.4712207096844285,0.7503445007711871
user_928,56.475479039573045,-86.08690367600066,13.849478304387935,-4.581688813424047,-0.28083822413119897,-38.626875824876926,-3.4136993368448985,-12.455824632443415,-2.421117799115419,55.885965592847015,-2.544208249365252,-1.0565341252598222,13.172281994604257,-0.4215187516687023,3.452819285975957,3.064864298184784,-0.30771472151646,-9.946002391757151,-2.759214434682961,0.3526707444919311,0.11817353000495907,2.5866943875103114,0.16534423147484764,0.4376383643113623,-1.2602775848323104,-1.351912405939253,-0.09977542342847409,-0.6263189722696263,18.540745889565407,-1.02021033443232,-1.3211317823280309,7.673853247680758,1.3728067584859398,1.8164452428237774,-0.015738438004391897,5.272269355293295,-3.2218910108051393,1.6117350394169416,-2.086329814946818,6.3599125100918865,-7.001199175042072,-5.862521383730552,0.3874603279474181,-4.237270297338711,-3.4859471622101705,-0.8021318218841597,-0.7495599453456487,1.7138494908952866,-2.940395073175559,1.9091909288225564
user_93,-22.293096929547417,-1.3861669425240246,-6.546460172639044,-18.94571214042401,-9.179889546829147,0.4652870394065625,11.392152304482178,-0.5123289170394986,-0.7642928934106912,-0.20818291427350047,-8.37126173605146,-2.8268942412820754,0.1148117161771067,-5.942140823886539,0.16301610031462146,-1.9894537438848376,1.2591984939937366,-0.5711599041237883,-4.181922052859345,2.1244959196909448,13.316874863924987,-2.365321671776172,-6.427494976545351,1.761646418413084,8.826272048609054,9.373026105704039,-2.0784581579328623,4.863085304728589,-0.9545955246739711,2.847157673804203,-3.3806433599121815,-1.4621225253772985,-8.372106865119989,1.0233276732944627,-2.897235880015554,-10.643721373138684,1.395040834509055,-3.0804718182780912,-1.164777284753687,-5.75728326193294,-2.572906213475004,-4.255225248398056,-1.3527618551434073,2.70163148570149,-6.307136249726729,3.1199946474801883,-2.7983027501566347,4.195618946066043,-6.368043488795544,-3.3984240784842354
user_930,62.972027476706465,-115.98726932594742,22.82604569054258,-7.378050028789015,-2.8566910671547507,-117.63811484202496,-3.527787893076152,57.29254810405273,-1.2062893039370972,-53.949755416531396,0.6653811002704294,5.149489835103043,0.09741300229215895,-0.6912021101999732,9.83709740338932,-10.772609518727691,6.0737272461127905,97.25810799422476,24.992522830855926,4.490949967590753,-2.438146043978433,9.84875555384374,4.58656319312117,1.1514579254884691,7.454538244862674,-2.0132200211035784,1.0971364740853173,4.243991416539448,-5.029001910664996,-0.8374804600080856,-0.7241529962792049,4.179977269367512,-1.6567330888644252,1.5435915517944487,2.274409015972437,2.878262533878267,-4.140646470926386,-0.010466805097578661,-0.47642040858616774,0.007404814117763004,1.9034593110130504,2.0233170545524124,-0.12859258973297302,-0.5762699869344108,0.3661214567248929,-0.8148921750200226,-0.3957819095667194,-0.5511087672757187,-4.044125270010674,-1.4966586219646165
user_931,49.471801061870885,-37.40956368400885,2.197667465174732,0.15685217068620508,0.5201884946708571,23.004923366222464,0.7361851652788155,-13.310956428169824,1.0934658890512214,-7.846870800685364,1.1732469758507698,-0.2110692570170899,-12.624757072823368,0.7305461259222849,-10.079920079970034,-2.4483855104862426,-0.2002044810191823,1.4985124761922226,0.44216738965163865,0.07121562351760564,-1.700943512076742,-9.825553348995378,-0.21729782318755653,-0.03466544380766461,-0.66503848387388,0.06664547346416592,-0.14931231386907412,-0.06377223218606753,-2.329959866868554,0.25300341787628117,1.9176620938901638,-3.5741536828570935,0.12462465446797462,0.6106267986900326,-0.32432038604056185,-1.9508642812318422,9.034452298458248,1.5642643867050696,-1.1281360678306196,5.101942900393969,-5.225046979334202,-3.4772549959899752,-2.0962992920901224,-2.825951995644535,-3.527469426660293,1.0070702590073677,0.5430898001061286,2.6731957231730377,-2.6216050127812025,-1.447915079138665
user_933,48.34689826108357,-40.729374026622736,3.4139675364532307,-0.26891873706092834,0.4085530784795932,25.658937593633087,0.7825591561141152,-16.936915836338656,1.9060504699882368,-11.848230203174841,1.026024679051403,-0.5620197923404172,-16.167691263673724,0.8999877723419052,-7.685987459734975,-1.731373882349138,0.3014525164400637,3.1507200328121243,0.9588613072394642,0.5277604087639961,-0.5580311352930329,-3.504936537909468,-0.23496097932290913,0.17792375851619835,0.38852005709390847,0.07143950162346746,0.40112763942565205,-0.4683332507271979,0.25947375953626073,1.592455203789495,2.776309557152772,-4.911904079275357,0.04722330328816664,-1.285087376487092,0.7155871936384374,-1.609501732093139,9.983661071338256,3.0541915758991336,0.6777841035071274,-1.9146732840470642,6.772310798440534,7.11734374500729,2.0248840552854874,4.760028118987372,6.278557055788325,-1.9828554995780268,1.0780282515047888,-3.1547890619195007,0.09622131252416678,-2.0189515506936986
user_934,39.380713056783236,8.842908912552236,-6.683985453162604,4.195501605544201,0.21731396679705103,13.726713559839437,0.25671143969621163,24.647693936342108,-1.3160653909265683,5.530498644366658,-0.8079209863904339,0.009650798524712866,4.407313725637523,0.24256433553534462,-3.521175957318896,-0.7859108959152086,0.022840149572924975,0.48108443690231634,0.23368536484370991,-0.02631337586013293,0.4209137684485,0.18127179529655807,-0.10412317695525752,0.028016071581662822,0.09018367370649395,-0.02066657438744018,-0.05893663695631761,-0.12045799360132418,0.45264540955241545,0.44121156122956734,0.5676647215592989,-1.4364052177421087,0.19678621201356788,0.01597602706041384,-0.12842437230471435,0.7662788508274054,-0.5596814362033197,0.5311359919397391,-0.17394547370153546,0.15915861268481038,-0.09377874407426649,0.07132179313738878,0.29074220423090086,-0.7111753013840174,0.05451913564396397,-0.42533145488948926,-0.25613090700700925,-0.4537857697756248,-0.6672267658451705,0.39520977582715433
user_935,41.01326914063829,8.124415297029028,-6.916067774834017,4.424272425035325,0.28068615118634604,14.163054850967665,0.2778374090796994,25.776331314449344,-1.4914572806611233,5.582862325058051,-0.7265250597879295,0.28626620790767526,4.943460566001892,0.385932267226721,-5.009349356086627,-1.0062015333166086,-0.26322032047443894,0.0212187823082144,-0.02947902979645472,0.013170112452119175,0.11171905276099682,-0.36832813942714876,-0.25336499049928646,0.09779650595911968,0.31796668575609327,0.08341723830603716,0.425027709831088,-0.14302830822623455,-0.07784213143387059,0.022708326973350873,1.506252467477264,-0.99004717622521,-0.7118391614349971,-0.5146534611583046,0.10702943232035533,-1.9057962850872152,-0.18105211827440548,-0.729845757128106,1.0529194711304832,-3.560948693410014,2.0121267208881246,1.5829814571447784,-0.3137259852574984,-0.9612946220191246,0.5439324855948058,0.3553121861621795,-0.7852267235998708,1.0579693423274532,0.5760477855113778,2.6595061795478045
user_937,41.13501971171988,8.576555849360938,-7.065525815321394,4.452677946185877,0.23801328390930476,13.90700977356663,0.30317051837879594,24.762461754241244,-1.4545555026406323,5.319136683537312,-0.6747862588191382,0.24431461750500047,4.980718492383827,0.3710347497483823,-5.281094234232218,-1.0501814994852492,-0.25613291311432784,-0.24756219838022017,-0.10407102790866347,0.021363202840822913,0.2684971695637918,-0.07436505653489488,-0.23834970467239358,0.09843568293959369,0.2924270346067801,0.06913738246299916,0.3416936690838834,-0.19978286885222568,-0.2927114304518478,-0.140897610567425,1.3191721300497408,-0.7220201015883151,-0.7011728404795018,-0.583639904507634,0.12091534124915562,-1.8084438210155387,-0.385537175797275,-0.7042439737847899,1.104408825582601,-3.750924032691981,2.214066499419783,1.936487719994283,-0.027700708018827486,-0.3771895170382708,1.1444468971573953,-0.12880074135446096,-0.7453637185049574,0.7847191861743618,-0.5216548799168137,2.415089028648558
user_939,49.22286026842363,-46.1888118105551,4.982136629965787,-0.8181808119883982,0.3126202322992964,28.070449635664104,0.8460575677568293,-20.94974448802328,2.0541013673050097,-11.703890591414238,1.3961943074853531,-0.37537135411914246,-14.220597512416617,0.4254031070214757,-8.405060290244084,-1.4579595705883979,-0.008221592448182408,0.17871394799047752,-0.04382711753435452,-0.03153132993742744,0.2356796756738318,9.551548184084048,1.1230592417861096,-0.6003502135775347,-0.7166977668595589,-0.7517816444364667,-1.1342623884569165,1.744200990890153,-2.380920272573786,-3.749983655641453,-11.706232143302024,16.634906268963036,1.7412762196680496,2.8414241346179385,-0.05354576251597432,7.305154597909706,-10.600591455197293,-1.4724045794533085,-3.474886436769051,9.674140652822414,-12.970172041092308,-13.757288738382888,-2.3010083284754117,-7.820013906113303,-11.010735926106253,3.2631213493697504,-0.3148922273052637,3.4605757056029196,-0.0014448510684171483,2.276474997661654
user_94,-32.59637676975151,-11.537784829004478,-37.842174375671505,-17.681893363299455,-8.671864243627057,-0.2332962347160972,-2.278679780953669,1.2748674510629392,-4.504233951963616,-1.3328371462564503,7.254150451524947,-1.4786267114504343,-0.06663188558989994,18.01255648550526,-1.5976068255832454,8.755444494867593,-5.847470078691418,-1.8815801017602287,15.599503582741574,-21.845311372146952,4.704999753849679,-0.20752674633518342,-5.384455571742434,6.63853379098984,8.320399050642383,-0.25302742011445545,-0.38807037531176797,-24.460045372576523,1.5141253019675478,0.8298753563507378,-16.852353846998753,-6.817306649188984,-3.399236548565994,27.41450590255497,1.9627851929666027,-6.971565545389502,1.0752787745278718,-5.054710650446183,0.5173674981325618,0.5188677066239635,-1.2846046086087106,0.17258258856172085,-0.9190866250270469,-1.8707200954701093,5.897349254040874,-7.050709659664576,-3.400277119446802,4.605786847701089,-1.1623925079290762,2.511337820969462
user_941,41.092088111301656,7.740918806943286,-6.8148950684817144,4.388677362240921,0.2652344249280431,14.13320840683914,0.2385748610469152,24.96559127063708,-1.3955280803423713,5.383083869943543,-0.7348926255396745,0.1581150978743808,4.379675575087685,0.43017596694982757,-5.992001131600932,-1.213169492469245,-0.09655785062339865,0.17819438264096232,0.0971933487400964,0.06458211715825625,0.19039787601385008,-0.17175225145483997,-0.14557242559975883,-0.04968439483191418,0.06881541388612991,-0.12045839507423302,0.2677241000677648,-0.09859434648179917,0.19927422883173074,0.41121007172736107,1.1712373116218635,-1.6939652364894422,-0.22951739982913671,-0.25295517150270325,-0.07892093281955613,-0.11754919448111076,-1.3048592204376381,-0.28030586946941527,0.3926396108762067,-1.9063680907914085,1.104406301452345,0.7618417116520747,0.13026248069830967,-0.15758884424915626,0.6830052346423896,-0.22007998001835552,-0.7740980263841832,-0.11487799109843588,0.24247636142230955,2.0435231453270015
user_942,42.12110923598871,7.492414903144125,-7.005298374641991,4.606228033393638,0.23436789485926357,14.998685995646252,0.1998969351753243,25.17644804257034,-1.2081187908153592,5.114161836282634,-0.7048112778710198,0.05778345825435162,4.91128658672233,0.45522735815868004,-5.256433889564639,-1.1013595083845302,0.029631725195420393,0.531198204000844,0.34048855929215927,0.2242412604355134,0.2539800792349843,0.5304921473392988,-0.0908601591695278,-0.03117400376357014,-0.05313270032525849,-0.2564190696305329,0.049744864973191895,-0.07066757793236665,1.5927157063116806,0.6930807523444793,1.046787425613499,-2.2676186945192085,0.4216429455919183,0.1786448841531117,-0.378553892667628,1.714007005729662,-1.1818266583518968,0.8578667081933004,-0.5430387101517246,1.3976178341168097,-0.8962314371400257,-0.6190317408757147,0.47438089553158297,-0.9577567595639072,-0.21361293628363334,-0.6587528985025036,-0.5126837532125876,-0.7202796574950883,-1.390495944418648,0.160851161452163
user_943,56.11347968592126,-87.65077692542633,14.706010389431354,-5.115574095076938,-0.40527575049532205,-40.339047715938534,-3.4992424113401013,-15.871768552278544,-3.179491439046004,62.59467946908523,-2.7200587170868396,-0.7840060330554204,16.463140568956494,-0.24938086301412166,2.931045434405708,3.273691091985629,-1.1712269268847144,-16.461299880954098,-4.102959184951375,-0.3881051969521227,1.4615835794892844,7.6851920143999175,0.04755869257576115,-0.29987745011834316,0.3530488062091913,0.23062822614744452,0.1996653757170436,1.3464753195490886,-17.41498022122635,-2.19077228508072,-5.582959927970874,3.2096252769114724,-2.260122322236299,0.8530328377125524,3.2127079841462165,0.7759669226756489,-20.16072500028718,-2.903751831724531,1.561388819459948,-9.67348191530038,11.072270113010454,9.568264408865355,2.771071516331866,1.0685739875920897,7.329098353065028,-1.6812476012010225,3.229287443168694,1.096028660157078,-8.722185011531973,-11.242846402938756
user_944,41.60153897791693,8.62957857028878,-7.10494131468409,4.593773539097761,0.22134986688124647,13.65857832764243,0.13133686373123027,23.98130843158487,-1.1858942716184677,5.399103365658132,-0.7084395477778832,0.05616487944757038,4.525606323055348,0.3314583847933643,-2.5162778497835023,-0.575325495678238,0.13474676154049361,0.6971667534653676,0.34064310618326576,-0.011467232833885609,0.14644011909815743,-1.0010555623774737,-0.032680914179447414,-0.018059311010837357,-0.11264729246359736,-0.24099520601859123,-0.05769795726957956,0.0685986803478314,0.8716359724155283,0.800503267943683,0.48686742468486605,-2.059033033521256,0.5854026062279631,0.4140074976767753,-0.4329958854032984,2.091886916366938,-1.631367155902052,0.6106920313739336,-0.8781500876550247,2.370598475502104,-1.4415842039243203,-1.3156034732750201,0.1780518799622825,-0.9582721726654021,-1.0504204044040248,-0.12457248260844474,-0.011273734922581557,-0.7246048273761304,-0.294902371038516,-0.9658174825500082
user_946,56.22792840791097,-87.45206052965841,14.13836556718507,-4.79953041187815,-0.47049419971457085,-38.07846067887878,-3.252490875661944,-11.911133665729446,-2.5904337763787706,53.367075876893054,-2.6019669892194743,-0.7704351334346219,13.7091672812193,-0.2028285649312273,2.005887414115184,3.2015562021770814,-0.48871912790675814,-13.188229597893919,-3.733744501216228,0.546592837093805,1.2308109130945564,6.578719041091165,-1.0955980217260366,0.5178147453791009,-0.8123566750102886,-1.1405810934112923,0.9499890635632388,-1.5330027701574596,19.138975138496928,-0.9319402293236327,0.13316805467888113,7.658152023722416,-1.0874824190239907,-0.7616924629505849,0.28406257324204703,3.0217270611042824,-4.526197751994058,1.863844192958733,0.08298146312928191,-1.423083412650108,5.181618154018885,5.476415463708729,2.652548470853978,1.0769419441281938,4.4491162831419455,-1.4589111383435556,1.2307524357830986,-0.6001088489922597,-3.885511166969889,-4.7439303741907795
user_947,57.4175501449514,-82.8578694013794,12.369097317939096,-4.732958733492049,-0.15562534487917576,-38.70061855026883,-2.935305814243761,-8.25814087091276,-2.7048544113692228,45.27044587838324,-1.7345571159176485,-0.6025379576508925,10.261885305440497,0.4791354206555684,1.2516094831096944,0.9252571247619679,-0.3269866037121664,-7.3692482780328055,-1.0267195777588956,-0.2517302887846995,-2.78510368504833,-7.561065992141183,-0.19621350768049803,0.43418074743549684,-1.316187875608565,1.298644563059422,-0.6521689557582124,-1.9298741095649101,18.30356737919046,-0.5619140416202728,9.611445693545798,-6.329727245696273,-0.5883687807514922,-1.5740189948524448,-4.324209830781791,-11.483873802773166,17.202014957689055,-4.757136463939179,2.798858679570049,-1.632541624023297,-4.4960897637172454,-3.9431899134246247,-3.877556936123224,2.857156896383031,-2.9746362361829353,1.8915597308775285,-4.291664156690649,1.31548368422266,4.703739170895564,8.460761331249364
user_948,39.54854693509402,8.324294226781152,-6.632455311777654,4.1085466571599,0.19567863211669287,13.028251560861069,0.32444901521168196,24.008973249795027,-1.3535016593775917,5.140243961552406,-0.7407193054174767,0.1761524749920681,4.276898012555347,0.3019275884221338,-5.041611130591895,-1.1038364427334533,-0.23447752513055703,-0.054974306881746586,-0.03840587174955036,0.12504173929007192,0.35967183631877914,-0.10757147104678587,-0.3869661768010481,0.10757856600522489,0.2704324294647151,0.03942771684552601,0.2398555884744523,-0.18801279618162578,-0.2945118373049766,-0.13922819551834653,1.3023052268281148,-0.7987888170940647,-0.6595335612103427,-0.6219760703939722,-0.0011807104258242794,-1.9534317609801632,-0.508817553005232,-0.7986502833916223,1.0954499628151169,-3.7456158717036288,2.495074910595617,2.0276240069231437,-0.043503531317828366,-0.5637985807637562,0.9158330013467899,-0.004780880949945038,-0.7187587626733208,0.6310641438491276,0.14523316274074088,1.8443017422721018
user_95,-49.359198986160415,-26.114382221915516,-88.41201331558726,0.683744501265899,15.907911683584695,-1.5903925560200858,-13.20965756954703,1.6251295239858299,12.271337005869766,2.529149340439071,27.40975748530012,22.479449537002036,-1.5325841133051623,-1.2247046968085622,-6.953301056009326,46.08716078935645,1.1719027064750018,10.632371733688213,-4.128565954524582,-12.565683479011438,67.08371135200667,-4.765197380526861,-38.76325808968956,22.569513493899343,-29.515182034826143,23.301945818045684,65.50723581124431,10.25691103732561,-15.7980918067544,-45.327916001906125,42.99704350378874,17.7133436439564,39.03971139822142,8.5765987342864,-28.570218492641917,26.288679386707194,11.83147321634081,-16.501331250853077,-7.522740953941102,-7.013324529374615,0.3137563700378429,2.7918271757754165,6.063128695503907,2.5319356170215923,-4.908828786865006,2.2174226756209734,-1.9197458946585992,8.611141025650342,6.152221395902902,-5.423595243070967
user_952,48.60246405594866,-42.34928680158513,3.8949102664079995,-0.4355476298481585,0.46785912942651514,24.993664244372667,0.7228938776095467,-17.97158447625266,1.8784676387781416,-9.481167783191115,1.1346895955191276,-0.3758743817895923,-15.801352099222116,0.363627619681845,-6.2324284699660435,-1.6185306236145918,0.4403485403291277,2.789491728714647,0.8803028101097525,0.4734900904906274,-1.9160724916918233,-12.265176033157196,-0.14990418842301992,-0.21094916331222954,-0.7172233326060693,-0.5593353072805053,0.6605525909169507,0.5705480290230922,-1.8004091914820781,1.7397102686077557,1.1749849087356192,-4.858868047038798,0.92477652693585,1.0331467627331699,-0.2758052706247066,2.1015830758401832,8.856943276061346,3.6859827525443234,-2.209081635667747,9.909821593107496,-7.40440624513149,-6.008887675489157,-1.2831689235712747,-3.314604141787781,-4.443321248679823,0.9352256214427125,0.3078004905425239,1.4276607758914839,0.11121750692476376,0.45286302431785885
user_954,52.742982172891665,-48.543428010346545,4.076330628896185,-0.5001453345800417,0.7480602101277369,44.13907736065988,1.8483001396701817,-51.21921622021635,5.937206896866177,-66.56255916365326,7.3394115907271935,9.918516648746484,152.47359974882247,-1.2569382518733856,17.716924244613956,2.1961663447769055,0.38362134094556943,6.764246539413265,2.191950512450056,-0.05268559850786978,-13.23242959739682,-113.83233853717518,-2.486453524329674,1.096486592527031,-8.100112045879463,1.1404997974342952,0.8675068335887013,0.25234709211809964,4.524921185843118,-5.714352758939489,-18.37273219820421,31.50184286181162,-1.5414922778809252,-1.0488513024866664,1.1734634275519598,2.7970197171952758,-16.324693071802056,-3.2176472778572456,0.8771841804205811,-7.681280405796605,5.6391482899857035,4.391219336289809,2.1477634907267427,1.0502330822764703,2.4187649140512564,-0.6688307124481943,0.1820228908393713,-1.5694396120501728,-0.1594094574931867,-0.3297581212634949
user_956,49.276069321534884,-37.659761963939246,2.312817007338695,0.028074793839485565,0.5351848205200519,22.572280815393704,0.8339625771750654,-13.848660181155394,1.0033344027355806,-8.85383163810101,1.3617947429383033,-0.18212103556915768,-13.209055332152145,0.8254673109837163,-11.647326701056446,-2.8011535683724884,-0.5297735331637156,1.470300369180994,0.4109644553806801,0.024644957301263416,-1.6409012459495314,-9.565055203444595,-0.2931966136165914,-0.09691190598866918,-0.4227791165594927,0.18385776815158852,0.2346825404366589,-0.3330158905535775,-2.5821183475986262,-0.04939611380587682,2.5986962021602165,-3.3742361395926546,-0.621932672972285,-0.049973493890617275,0.04650313486679685,-3.581937559753853,9.430456826401315,1.2446121647937476,-0.1681041641894583,2.1614319313130754,-3.373704464367071,-1.651161312643635,-1.9143279334929963,-2.155081329932738,-2.145728150202629,0.439892935079688,0.1596756871126009,2.377183859917043,-2.4972324987294994,-0.8679896424249588
user_957,38.833214390401544,9.045437942786535,-6.6334162990311905,3.951355352218862,0.2708574135230819,12.757974048781923,0.2532721462667775,23.534710757776164,-1.4359324887736342,5.392292718432397,-0.6322298942529749,0.26104918440536484,5.000805534504444,0.4647751658421681,-6.784871256549201,-1.3102370956918332,-0.267682569620689,-0.16049727127203647,-0.1594693050411044,-0.18053290997666796,0.4353070598337565,0.4733144257969977,-0.26162162560038127,0.0935883063131429,0.16186713847062445,0.06415788560788807,-0.07945673732089022,-0.06547707846917007,0.2571393707098575,-0.20815700983247798,0.16895479920889306,0.6243083652129626,-0.12017178247375335,0.09500689248131644,-0.46892214862516046,-0.6111720535773227,-3.7922603289239247,-1.857044709117856,0.39608114282957224,-0.4058649583634195,-0.2667183474028259,-0.8919067375438821,-0.5347024130055045,2.258952538574323,-0.42824284108965094,1.0113883621846005,1.3799443428074567,0.4968502161371422,1.5215704315416676,-3.6518093120438695
user_959,46.50817380335494,-41.77405733643543,4.259613159791521,-0.691073609199936,0.46460221478455516,25.734306199726298,0.9590693607582074,-18.274652901901007,1.704418664206199,-12.336203004207915,1.1234684916869153,-0.39216043673812273,-16.641847070430437,0.7122625907827899,-5.684387676168202,-1.1999821355026907,0.24706102793438667,1.6088224350858846,0.41871634414686854,0.18511540193799578,-0.3073936624687474,-3.4099533661492365,-0.26372228583612806,0.3592230102107397,1.0782077126623228,0.6894512495100371,1.1838499232961537,-0.35375151180286135,-3.456099862710134,2.2676103561923826,5.161137651381091,-8.2079286264182,-1.1889089242380868,-1.8973714608091106,0.7589739627518269,-4.8654757106673845,11.250214483924204,1.725092503197958,1.74721066837707,-5.8981254532549645,10.722176325329626,10.272743466900595,1.2953755570411536,7.043634824064267,7.759232775170345,-1.0391770857891718,2.8203547769909165,-2.919581758898698,1.6650335112736192,-2.995229007646973
user_96,-21.02734048997134,4.192899611411253,40.670201489510276,17.301211843210375,9.952468888518112,0.4987399402524314,-3.9081394293154994,0.8301011029599145,0.0019474212415019662,-0.5598688368947645,0.9748942507269758,-4.0201590036683035,0.3420947080670718,7.043428091721301,-0.9104420597394851,-0.0918756982609753,-0.218089897236506,0.6754003241955893,2.063457635083684,-11.150370780975953,14.96224135656723,-1.3773794335550622,7.721999817995242,0.16851781709088284,-10.887832101162116,7.039420514853092,-7.093370317345179,5.5600188377267035,0.498256241478144,-11.809873827721207,-8.024622230384209,-8.799471419474758,-17.200521582211017,-9.760307451968663,3.0107137818012424,5.996359787490469,1.9869923816922028,-6.974421146265895,6.009727203634778,4.409682869332542,3.634151018287009,4.003291382613402,-1.1222411528839267,4.117935224810581,-7.753846623129789,12.177015116994694,-1.717454026402827,5.9074249658460625,-7.835635256752059,11.606531649512393
user_960,47.96289485169798,-43.909844824378226,4.342864236886582,-0.6526203836176223,0.39716725938876996,27.01798345759896,0.9212461666178767,-17.62216178530586,1.875197402983801,-12.09990587150802,1.1047341840729712,-0.45403241525184906,-15.90376654271316,0.8042507407336184,-7.447544034503955,-1.5965052980881338,0.37373730767168584,2.747710487760993,0.8227919893717087,0.8580330968323565,-0.4312816043511244,-2.271772254381422,-0.2460111793036482,0.39109846458659975,0.8659145577040683,0.2813210642011684,0.8802490996100832,-0.24675180864925203,-1.0815967458242197,2.032101933476533,4.861386849769407,-7.3440702337933,-0.6333441601505431,-1.4326639830051038,0.6048495243834972,-3.3406309310841493,10.623427279733487,2.8395624513542828,1.1004636268999777,-3.222847754776796,8.322366103864397,8.928849803263331,1.6910718412377812,4.892765873613636,6.770123018751498,-1.5928461385410742,2.2131313338971768,-3.0051640489985543,-0.5102791784327256,-3.029574244815219
user_962,40.872654035759325,5.9803880694395195,-6.172551898777604,4.301813236710807,0.1906311364548318,15.804950347857675,0.3357829903871012,24.911826759432007,-1.1071598650863943,4.712613819001806,-0.7329057857968417,0.02264896031706052,3.895926112444693,0.16863905280054237,-1.410335879080518,-0.35620932865894905,0.0704308436685836,0.34244397816137906,0.20191623373084086,0.22133297212139577,0.16959498118229901,0.7580422709309901,-0.03621802590422639,0.054022958284466245,0.08789628419668598,-0.0930490177386842,-0.053565461798145746,0.08340777852675428,1.0987753669275224,-0.03152937643793381,0.28826147734761054,-0.2690987357187894,-0.09947123518936006,-0.12806578526576162,0.11330209766338341,-0.04533506590797819,0.1886141482569048,0.28029345774531544,0.3056238789991077,-1.0931449489806007,0.4144134854037591,0.4184228449607352,0.45888160170492304,-0.17954413941903483,0.6267600786364288,-0.8643952240371356,-1.9834447225459213,0.2035354377000228,0.7566815131121066,4.6948208173636115
user_963,40.528012872266395,8.187939264794569,-6.771084657065715,4.34161718411266,0.23816114848512573,13.739822325803607,0.15724667752383784,24.074406374733186,-1.228012157236231,5.439618107955156,-0.7633995065366388,0.03583889491035955,4.597967839863802,0.31902329477526165,-3.8806541269852306,-0.8449067005602013,0.11160381844426061,0.5923414566311882,0.32946754580965876,0.014972232131521192,0.3066410710531558,0.12198535237626043,-0.10057250757871632,-0.037092716435024875,-0.030597513008715504,-0.22225674330253686,-0.06598924292719482,-0.04707235784252242,1.1669638098266057,0.7923620281530777,0.7441354726373344,-2.1932709612229297,0.4792985914678647,0.30869120565977176,-0.42020737038797307,1.7279530716650575,-0.5644086005721435,0.6975517641874693,-0.8075546607688455,2.229460990607344,-1.3195478494730648,-1.113896696686035,0.17702732448579636,-0.34251693941861716,-0.5605739030164406,-0.29234878538667275,-0.11786881987441367,-0.6424464867464982,-0.5903092125283541,-0.4361046583970175
user_964,47.989860212690886,-43.809974615252116,4.581855978248026,-0.8012875925511632,0.34138691331880927,28.63500847289545,0.9399253543169667,-21.813007457607142,2.0438126218210346,-10.617115484119756,1.2418394749991333,-0.5609912835911122,-15.296230280419083,0.32839434507458026,-6.70923492009687,-1.1591690362864968,0.022137117034735376,-0.08396311172473987,-0.11384675900758318,-0.13820094279651798,0.7782278748973595,9.474168214905742,1.0501275794232026,-0.3364786136557861,-0.3126240859125933,-0.64261182726344,-1.1798055102637661,1.3534954241213295,-1.864103736565601,-3.6529374469081284,-11.31899919611827,16.6106906141769,1.3182255382572416,2.0731651860606872,0.5148350197359788,6.898344035706581,-12.163228384398495,-1.2946398357872888,-2.481911740725184,5.549918719037073,-9.840946755624149,-10.586063980681798,-0.5172658191970785,-6.703207684234311,-8.161284398202282,1.8673409991377528,-1.782052854393917,2.408069284770101,-1.765822955111791,4.342524551295725
user_966,41.958664319184905,8.403126260332145,-7.1291178806916085,4.687021228775249,0.28859352267875227,14.26807635440904,0.13144917856951044,25.20309638890728,-1.3024610092034694,5.944894589154488,-0.7254803508777976,0.048345994531204646,4.550234835295641,0.35569690411716187,-2.081342093532699,-0.41168171344112015,0.09259546110180183,0.637202112993253,0.2809839402421159,-0.14220247205585926,0.0425735304079937,-1.1620143477842797,0.07938028832404903,-0.05343043085102203,-0.05579866118607784,-0.1245061753441143,-0.005790901956796822,0.038876953526620496,0.5573320149261244,0.9550656733632291,0.5357326667971556,-2.3592700577751007,0.5925603098519412,0.5793275975608532,-0.35522720918253414,2.268162117389632,-2.5383376032646385,0.43431394312729854,-0.8576092708488605,2.1431723459708087,-1.6659578681907554,-1.6179144023457408,0.03146636986407237,-1.247259734793202,-1.378837673663755,0.08850920409050933,-0.10603613272101617,-0.41269909823853795,0.5082006749984646,-0.1681251215669687
user_968,48.53042318130441,-41.48545477214612,3.7798294148825358,-0.3819178442713201,0.48443256022601155,25.656669293548426,0.9318251557092269,-18.06431729405329,1.602409906500895,-11.850590717799049,1.4260662885111757,-0.22789555655837385,-15.258792810092462,0.7180432506950574,-6.701346807009132,-1.644453160765474,-0.41936672394720104,1.4058915380714776,0.4359018433234407,0.2900982788824504,-1.2218799132558464,-7.16311775163852,-0.5693035670133834,0.04052844805952407,0.35206110184571976,0.49900778873557805,2.0278160587263026,-0.3599391886320828,-1.4949470733034218,0.8299781185418652,4.262377602709559,-4.559391212699373,-2.1030501371496357,-1.8228468956430082,0.8453602480878815,-6.008739561083881,10.896358250872133,1.045240150598337,1.9059170031852044,-4.639878050783025,5.776648337457097,5.956447846131124,-0.05588290401280547,3.2712092497714536,4.59598521836568,-0.9977256830303132,0.5985671268126734,-0.5873153943311753,2.0210750076793254,-0.7419553506110034
user_97,-20.96683944503306,-1.0999398992512937,12.46915426176014,-8.31724854691824,16.257006229533875,0.5420653852661486,-4.083294744252076,0.15353784811305013,-3.128171757869689,-0.027149527488665802,-2.1417829820910357,-1.0415305593565625,0.03638048056863507,-0.7829839824095607,-0.3853679193992283,0.8824120632921236,-2.769365125168988,1.7889559991522281,1.4778632197372483,-11.19589858001327,6.007574358020771,-0.37439308411649164,-2.1062869815788803,7.991205658866379,-2.153460656868584,2.470022470604999,-1.3373413961391534,-8.810067139285241,3.4817751325400597,1.474131591601029,-6.506921413781392,-5.816030016323346,0.22745893171758524,-15.720724511471646,10.603637477693907,10.405234115463488,2.538031874546968,-10.665114498726105,-14.558971076149573,1.4796419879093126,1.2398885532919197,4.277495923987404,5.728787581716633,3.1880627148704654,-10.033748199564162,-1.9216187869554777,3.5538722429995317,-8.439302869248548,-10.763509675620586,3.163906398667194
user_970,47.76627749934859,-36.98996310984646,2.6472713096517806,-0.08116446308601048,0.5092470040424321,22.774901143675653,0.721228860291373,-14.565025159793233,1.1652429755142226,-9.365741638353795,1.2021361414737812,-0.3862111192705573,-14.085188761390862,1.2632558572806236,-11.342451134170245,-2.238429087726815,-0.3246391536457877,0.6114400652616364,0.3293750198239818,-0.20809866752684794,-0.29929248225023564,-3.821861054261875,-0.39030566534661926,0.44815934725206313,0.5032154865014017,0.8457558946060417,0.478652758209619,-0.6836696331795921,-2.676543282608089,1.4364076613669143,4.592153869894401,-6.663888723892756,-0.8442955653273875,-1.280247980329707,0.1598933129231428,-5.115125530040326,8.783409924117002,0.8205906847893578,1.3351671520240798,-4.715230233289182,8.349441641448662,8.50615576136569,-0.002806594449628615,5.967050236688987,6.025281766917951,-0.49329482688359133,2.8552918638438123,-1.8090826798603115,-0.23566863523902082,-5.013784595087026
user_972,41.525229753805576,7.540133103304478,-6.848645791508398,4.4751928849151605,0.19976969856144236,14.648079086090917,0.22526244614886487,24.39998855174898,-1.1759675700748402,5.156156503870244,-0.6985470424340424,0.032146004619513474,4.472592678131896,0.3434635110247592,-2.7602603208358487,-0.6181083636579183,0.12960245380596144,0.5786757670735853,0.30870597791334525,0.10903424137344961,0.30849673605208267,0.5820927206927008,0.02195889677578543,0.02513482242825207,0.041346404522295085,-0.15244766841572466,-0.07946013686871876,-0.0052327504187054934,0.9286953023747293,0.566872622111575,0.46331284861409266,-1.5983324926670726,0.40645741963432397,0.13906825053006008,-0.12327243692983524,1.5226699317322103,0.22601198799265154,1.197556031479885,-0.625667112867555,1.8248151971521738,-1.0128264269982634,-0.47613779008894763,0.5776089975675156,-1.0376268498988883,-0.22215469650736683,-0.6748352723389295,-0.3822556741714307,-0.8796577515691039,-1.7134193798456725,-0.02840286567435582
user_976,47.92364219320086,-42.34781235134118,3.9640449731384604,-0.5379056924409813,0.43459049387471615,25.80037815912459,0.9976879950706652,-17.234627710700057,1.6765043915037658,-13.022553611446869,1.2368314683385824,-0.22420541545279107,-15.066088870909875,0.7045424816351784,-7.5464215540332145,-1.7313918719181414,-0.06168216032387154,1.8405725867121376,0.5759899467289081,0.4386781750569731,-0.534618108765606,-3.506524725892059,-0.45305813729187655,0.1448045912591176,0.8130132007848234,0.49589381064253246,1.4986327553462995,-0.333432240843081,-2.216724729627931,1.4968990164008025,4.973334645170495,-6.637980907843227,-1.6110103306288939,-1.852112711367264,0.8399752077900021,-5.430299400811991,11.212248651825291,1.358447207614991,1.7999319544130157,-4.924872636568149,7.322861609596534,7.431256011222824,0.6775604616526745,4.552349333354692,5.668770481128202,-1.0458557612829746,1.6115025026266065,-1.3972188671701324,0.4572102392480263,-2.1128441088733
user_977,39.56751710140233,8.092632112742214,-6.5382802831536155,4.030422552521068,0.26046212616247294,13.68277355625141,0.1861777121619808,23.71853647135389,-1.263529431439413,5.341302394454299,-0.7264336846783401,0.025690936791928,4.282541875239522,0.48932055442861033,-7.0760383238480955,-1.4552858449320991,-0.002838440204829478,0.4986280710041204,0.2735235199966225,-0.05022789279802688,0.631579737565828,1.4978908603591863,-0.040931386303839336,-0.09643623322744267,-0.15610868056079233,-0.1976492520989403,-0.4136794524097658,0.016782590793775434,1.5155798268054133,0.4680362396220429,-0.3463809059558817,-0.5006722750753606,0.8564798320569222,0.5763455703594748,-0.8689298081986669,2.4634964361921567,-5.470503746662922,-0.9090846706407787,-0.6964471024842246,2.784890839408896,-2.247162895857021,-2.708088020385282,0.17553814637195359,3.1073554856032555,-0.8048066105717476,0.165918783092793,1.59486309886901,-1.4789640346990613,1.6074178387778675,-5.285927709496688
user_978,41.79129528111211,6.269829293645099,-6.449912548834989,4.444804438494041,0.16960726977212698,15.511387820939136,0.32638627981921153,24.180579897748665,-1.1836976768994276,4.626698438918343,-0.6795035216730272,0.1405157946627878,4.063958815435869,0.10564565719141623,-0.470449955545638,-0.15042751803316443,0.0792452130502894,0.20499379497828146,0.12315907645875067,0.09594004150782667,-0.03496570367618606,-1.3576427996374847,0.008875117177563058,0.11035021595570786,0.03984510013447281,-0.08886552090200438,0.040031582997320306,0.23653385675368865,0.09950359915564926,0.06501506010959703,0.6081111712243219,-0.9493298617559066,-0.12912569673280963,-0.07874659223170657,-0.03648726481662161,-0.37932089632852306,0.37000198925475264,-0.028548385737986685,0.33694611768554317,-0.8340285774624585,0.18857252658359572,0.16474984717523758,-0.1724726733579409,-1.1737498313069161,-0.2766944926636856,-0.2992482026629551,-1.5982570390188808,0.8447364837830417,1.099373926169621,4.421808079829824
user_979,45.98050227527644,-42.705579111744655,4.954668725450676,-0.9945321673836295,0.2694191732715046,29.165703101986395,1.1899394556707261,-21.834841596918967,1.8300449413754003,-12.545812713607997,1.3138098457533305,-0.5959737011556858,-16.142897047556513,0.7093532192420862,-8.858630713921055,-1.395884653668199,-0.8148383737910007,-1.656571942094939,-0.5035839964546625,-0.27290133504692987,2.110231767930073,15.246041480597766,0.36029924649481915,-0.05224991859876894,0.8405937463118053,0.39628982925079553,0.8540529806760188,0.17651755176953354,-0.7387560021901758,-3.752347493265816,-6.946073677911229,15.331358374917958,-1.844675434643592,-1.6512291079451618,1.7905614824385436,-1.544443081928994,-9.913376221942801,-3.7124676184813663,2.3916826406920006,-11.774411234833625,7.36519009634732,4.635173498109369,1.4854383343685142,2.087252165501313,3.9804701765182737,-1.0003590371111986,-0.9251487975593138,-1.64442407508595,1.8563610048229784,2.8142414948503434
user_98,-21.1048658565609,-1.073914214470481,4.840834622398047,-20.160111110952716,-5.425260415264025,-0.34761104089722156,8.266800091733288,1.0372645152090338,1.4046837062403699,-1.3438616583071799,-3.7869485557600946,-5.166044754783255,0.2833267931685865,-0.9869490953119596,-1.5694219052716163,2.2092908846774963,0.7995563947250384,-0.7711168767234683,0.028456390610820115,-10.835081622828724,15.764039947802944,-2.898412878242992,13.872384557763054,3.125356137008915,12.71853318941761,-5.8978183994956135,-11.191753826925707,2.24047785283113,1.3039248090491216,-0.5315657702009043,3.651359354891247,2.4061337319078846,10.796368955594732,-4.655949382709678,2.231393952624807,-4.222461058303646,-2.093727555429854,-2.484188274376423,-3.298752283917838,6.095828579519877,4.6412917594547975,2.3873501741125476,0.694059982797444,-1.5912764514605602,3.838848080392342,-4.241601509985303,-2.6082237392761574,4.3886614103448585,5.113746089225976,0.27767065333968804
user_980,41.933519312762634,7.887805254775554,-7.039401643693989,4.617118144344077,0.24127183959828352,14.72179456372274,0.17759663266400486,25.29779084038186,-1.2837753501594868,5.568172872734087,-0.7275228636140166,0.0632363329322027,4.917267683641213,0.4639653877842094,-4.817947323296841,-1.0146180495670314,0.07255781343087775,0.7439249476537343,0.37599063058177756,0.016839697854912194,0.2056803456541285,-0.8433996431254721,-0.07250487821268772,-0.012949195799795565,-0.04355216567097198,-0.22871364581050802,0.06931979689234961,-0.012006797203507863,1.0126849930125823,0.8799205249265233,0.9055511403277606,-2.542409355104828,0.45871388565007115,0.2970971295112489,-0.40403008649260025,2.045209844823807,-2.2473781582430603,0.6231252074843892,-0.6440803913456222,1.2542997259397248,-0.8065003589138587,-0.7171220055924414,0.31202828343163586,-1.3176846625095175,-0.5463202890197454,-0.44632590274601497,-0.3592864476643017,-0.761440526816322,-0.7125872000843121,0.06039483310806702
user_981,39.97663967469051,8.652048930261275,-6.776552254603528,4.222679763469839,0.2796833509551452,14.07075456402446,0.15401249929105648,25.446337932378597,-1.3421462361280563,6.186373068076841,-0.7837841058315315,0.022345235869776815,4.729479586441316,0.44566479294685507,-4.7831716460280616,-0.9958133287304375,0.0655653066971476,0.6038167908135571,0.24878869162720296,-0.20236113803042002,0.527701009201589,0.8121422333832824,0.005729857820527301,-0.043206015938266444,-0.0759755586482932,-0.14840306884593668,-0.5714912599986208,0.1534638581131194,0.7492235402132917,0.49759103087092504,-0.8349180272154314,-0.38039150008284833,1.0783311333400314,0.9900070154817964,-0.8797801302483084,3.073256889268428,-5.821634293643518,-0.7793856727081016,-1.205732159384369,4.792231963357718,-3.633558292347932,-4.049347148232554,-0.13865748807661607,2.5683237011260314,-2.144323083694239,0.8364064291433846,2.2445672395465506,-0.8496287461809933,2.334329951592138,-6.668696252795656
user_982,40.77623451987452,8.651599402142363,-6.929102246058984,4.424863960727642,0.25512999650311047,13.338325188418535,0.14279359219762383,23.55667598764753,-1.2231870511590854,5.3204210565439825,-0.649103746279133,0.07652526373308001,4.3987231228059835,0.44037096032497314,-3.886544686438268,-0.8037896495743891,-0.004623033916791054,0.6022362775968579,0.24067702719328135,-0.0684708208683796,0.17461658679989078,-0.6170866585261703,-0.13733711242590746,0.05786792725973834,0.05585981588757345,-0.11038067811392041,0.051566395074549305,-0.05698980873702851,0.8414838096579009,0.6601406518073193,0.8956648542449697,-1.9456262905424349,0.21507547096096116,0.24402555581622348,-0.32748749801760574,1.0300577930541142,-1.4413103036331834,0.22271496124380522,-0.42571832298300366,0.9327286158064554,-0.5823500938920108,-0.5846863781390569,-0.009548139203045862,-0.6409819266747309,-0.4623419903969026,0.04129659163016489,-0.17273333808455188,-0.12591675504376887,-0.1864169048797233,-0.0694693692327211
user_983,49.38856673692461,-41.43303816700373,3.4352672843266125,-0.1741411179105686,0.43742931950389913,24.471028379732058,0.7192953975684704,-16.626652300984777,1.8857191377225735,-11.50093609299322,1.223278574634055,-0.2827407953754456,-14.376084645525406,0.6373999885504656,-7.426116258008547,-1.963181003246088,0.20893181996631172,3.4736633018884673,0.9821562799601706,0.691156711323363,-1.2120684376712034,-6.9340655235419115,-0.2114126702694101,-0.2726662701715474,-0.11270074147060659,-0.5516614005773187,0.5629692557605882,0.37486361955845504,-1.215025547995602,1.3705926370458343,1.7761736756684414,-4.455035321320289,0.4001615215186988,0.11062788430387535,0.3575533059023294,0.24704987625597954,11.442679499557707,3.890118653955679,-1.2712956829282753,6.935038690519429,-3.998601539141335,-2.6774070770828757,-0.2317339471891296,-0.9594375491654222,-1.1906080309789995,-0.2859039623534843,-0.09355557883083696,0.12400752377490665,-0.07259496304139142,-0.2392938218781709
user_986,57.84561732599522,-86.68628159187094,13.592991084202287,-4.704132392443879,-0.37934896987269184,-38.71044223519854,-2.9404087979326246,-11.688107640391939,-2.896344549844512,48.97329581879717,-2.0799781313209826,-0.8510569900212368,10.566088734497695,0.5258254853235939,3.238211906880685,3.03534195545172,-1.4261079174954272,-12.33299833545658,-3.5908775764107923,0.4526565575931481,1.1292402965372035,6.9831297062811934,-0.8902975594658948,0.614576688275436,-0.28395469299073345,-0.17788489415124142,0.5779541193127312,-2.5482605452266687,19.226135879086844,-1.6454801558176109,3.521517735499311,5.197365381829583,-2.9079187384687124,-2.1317182646933013,-0.44048936113516063,-4.6256888221363255,-4.804022790407919,-2.018575303523638,1.8037274803730954,-8.641768479616745,8.286216509158216,8.495257082997286,1.8919403949973845,5.964826743132793,3.3466813940641984,-1.1056805185816956,2.3518426879436802,0.628407578554097,-0.549385399471261,-2.92401499751605
user_987,41.753128560730026,7.9091894972979135,-7.025112890866747,4.564719402938837,0.25183009947548957,14.652998910666934,0.2676230741504168,25.782561202092914,-1.4186618577540786,5.701232440471712,-0.7395703034508682,0.13542769056610066,4.987548114629861,0.3736292697147813,-4.459411450404361,-0.9220221128927929,-0.10733526632057146,0.26453396012487723,0.13917930887779734,0.02883606693253983,0.25459882406445616,-0.2625473087652967,-0.10747324951935985,0.009298501089967262,0.09851594191363652,-0.04522631434171911,0.18896954451829842,-0.11086239769999727,0.5793682141502609,0.4214169963743981,1.1646431569776763,-1.806190301140696,-0.06298333132359807,-0.07072595528481972,-0.1600822186400532,0.16012904436543776,-0.6289909206867196,0.16782684404923376,0.07686259233186997,-0.493750996174654,0.17507223496992116,0.12999434470435298,0.009577632682496805,-0.8576386177670775,-0.06448216840564935,-0.17545357140900866,-0.4925413179113782,0.0517368954486528,-0.22003504940238647,1.0477438095856226
user_989,39.79210554499013,8.427687269920114,-6.718399634785345,4.168349578639993,0.23639835936211426,13.748209149976063,0.35192009864707074,24.11560522714954,-1.4374962041958264,5.111600169969547,-0.7016655558190568,0.1998743526824622,4.707020324401765,0.35197047333027626,-5.901649924465432,-1.2077020772825213,-0.2842959658522348,-0.21950916821412464,-0.10050942470868203,-0.016463556150270665,0.4508958241025079,0.17449312268610415,-0.3181436411132083,0.10218629071357221,0.32075634854023377,0.12802176325613127,0.3179974161867936,-0.28491097029889545,-0.19151949322599515,-0.1636969435809105,1.3549858432760027,-0.647876669073331,-0.8010103531879202,-0.7559291836113434,0.16354363907838101,-2.1185882486841,-0.41754807799856014,-0.7471054589348015,1.3270169254743347,-4.777153460430883,2.888150438082991,2.627188788316842,0.13769462973547048,-0.36748651514294706,1.7175645575164389,-0.41413045880899374,-1.0518594392609701,0.5355909005375664,-0.9027919019610489,3.0647736570948636
user_99,-15.920661743340414,7.576347289046515,53.37032308453342,14.730018138380233,-15.52353666396367,0.0628071780142943,6.699386149859959,1.528115979297211,4.516782289309437,-0.05460989198238237,-7.167269889674363,-6.001697235890124,0.8496715208611944,-6.378771199818578,-0.1835425809890216,-4.0681991757232305,-2.0277110031274495,0.9131690573041069,4.889107308575893,-11.02869613700935,11.680104764305437,-0.5688268489833647,1.0810748037713522,-3.005268441793156,-6.215928309057311,2.1193010831374792,-4.7178279078664715,1.420149370920726,-2.1351109587140398,4.5049108415955175,-4.977122757300151,0.5498433148420219,-3.4990194877166365,2.988936524313065,-12.071229311435,-12.026493006940962,-0.8976229310658621,-1.063479087719213,0.8831119809334735,-6.048276315261975,-10.378537924206517,3.8825453880414673,-4.59574685971402,0.6057415631340008,0.5197735899602911,7.321967198742127,1.8482590588026993,-3.5238786818749945,5.887033246806549,-3.2596688589923994
user_990,41.680215148150985,8.935185940508232,-7.231751469117605,4.60847071868203,0.29348843409680203,13.578307037941963,0.19404239751735908,24.382319179549295,-1.4096435830683776,5.496317006386742,-0.628166733868476,0.21024020771701005,4.655182636130045,0.3977797074345304,-3.4367302817706995,-0.6706253079076475,-0.1309195640453627,0.0736672840648805,-0.04546382694133778,-0.21358998904131918,0.12953976072834303,-0.948279872393626,-0.14118035520136388,0.053612956098078625,0.22172788886918846,0.006702554972246044,0.2132672721979084,-0.07327041926445997,-0.17227892757063099,0.30613940429322184,1.0643551182357123,-1.3381181340441368,-0.26962425278224245,-0.0001989757260908228,-0.09640682142649805,-0.47671256665887946,-1.3118397549308225,-0.5959691156224365,0.28300557214497446,-1.2821199972523867,0.5114846919862593,0.34355312293407675,-0.4059969789278733,-1.3858798543601545,-0.5074438145666239,0.4029394379101311,-0.2544262287670988,0.717535508243062,0.2468588749796026,1.041149937085167
user_992,55.55402162107526,-86.05713972800389,14.369440994282458,-4.69369838809834,-0.6821260233931391,-40.96504670971131,-3.8189558525502822,-11.855994054579448,-2.850390198064442,55.211479905824184,-2.862740089751773,-1.0464215186228216,14.242346525950763,0.7210444068560858,3.6699111217475537,3.238519196975518,-1.09662078643788,-11.167561395719055,-3.1675614440063065,-0.05927603668742939,1.7915216357035395,7.750086484306802,-1.5985162748107802,0.9260930251688053,-0.39503551449485147,-1.2040844326097921,1.8898876758877665,-2.0416625185085215,22.162968980524095,-0.9678017864832504,3.1009602017969953,5.3637608303233035,-1.2801316836861765,-2.107266980691545,-0.8327381885756462,0.366418977692408,-5.343588858351466,0.5970804760294833,0.5741322204459343,-4.1965316815976275,12.646719438875035,12.075812269246212,2.050857345933391,6.111772274630461,7.353135986894736,-0.3332887667188979,4.5635459775799285,-3.594355235379043,-0.18156701860924998,-6.582131921050659
user_993,40.76616795200605,7.964950885115622,-6.7565292680757665,4.378528222379854,0.2536689673435161,14.334678691009016,0.19264387038340608,24.95942960252417,-1.3171020279761716,5.572145665313223,-0.7887699719215658,0.05179969953967582,4.500273610630041,0.38529735193106,-4.781259841754002,-1.0128772243710413,0.06505109680247236,0.7243807234295427,0.3616900737410141,-0.03736902428860983,0.3311483665861375,-0.36619667084120816,-0.03141055649488641,-0.04713100843473024,-0.05871407996658598,-0.1423836171945135,0.0018288424172083573,-0.000842344436923267,0.6374578659956541,0.8522991142839476,0.5241356308481973,-1.9953557266547337,0.44788492261303803,0.18626093145313696,-0.3048969177205932,1.8595283441061097,-2.3924713469703973,0.34742202522108545,-0.4576438512737617,0.7528746073989323,-0.5873124546706253,-0.7057178759208723,0.31456034789012244,-0.2572653689042327,-0.2373450695293077,-0.31819763313445515,-0.253908558836303,-0.9454322290267071,0.2598371979298201,0.3246634234328054
user_994,52.50385740956269,-88.08489736924983,15.526132462459598,-6.190218160780638,-0.20890668505098006,-47.63579045779736,-3.638389889327587,-12.516724669051245,-4.3241997374084065,72.63048989935469,-3.787355922913323,-0.27790322856505667,19.61692878909548,-1.561018855530365,-0.37215269602017054,1.4194533275751031,1.3611389668403269,-18.014562675155886,-1.3808945572986537,-0.6118899430630926,-0.33162443452415413,-9.557289206297366,4.187538089924182,-2.539924272041195,1.45015902507004,2.435365883190297,-6.646377124476483,7.066371589752377,-126.26599211598436,6.480734033626299,-19.653525075820387,-26.63182717903128,8.08625450221111,4.101205432074859,7.962434112852466,10.007420591320564,-12.870593419822157,5.936066962187849,-3.890793358031804,0.07646458530863835,2.4476615238927772,2.312292232343235,3.2664243724878754,-1.2754250696784222,2.068504094639417,-0.5517900569857657,1.22751822010546,-1.961657445870718,2.1804827890660725,3.5295864923170486
user_995,41.74293050721054,8.619724884444336,-7.143855211974095,4.642625059489747,0.28958400954955066,14.106741976208847,0.16231100288551056,25.181196934620896,-1.3519321255723533,5.8484605761277715,-0.7088115824021929,0.08498048799961762,4.523586955348037,0.40485264038209906,-3.0706910220775834,-0.6285287919404523,0.00022064387843335088,0.5660490758084892,0.2099351588496366,-0.14163526856515635,0.12809637073863606,-0.9426816372492688,0.02214480882831403,-0.011069780666651478,0.0421430373145693,-0.07085575177057009,0.035304316299529716,0.01673745490843152,0.11832201663485954,0.6966865187160165,0.5825848950146733,-1.8411951271274007,0.2951869846843699,0.3474817762153291,-0.2064675017979047,1.3229746022699571,-2.1914608328373286,0.12180502463775339,-0.4434545880610464,0.9447980862540855,-0.9242009441460503,-1.0410437071992085,-0.027609897522098928,-0.8128453764870447,-0.9099558699570984,0.21279573397027113,-0.1147513522012113,-0.0784681193358325,0.6467559774528128,0.27123469484498086
user_997,47.31936960172694,-40.980229604042854,3.809271687278032,-0.48403456708731135,0.4005051484494171,24.978388573546635,0.626484626961319,-16.215837546263938,1.8454886841713865,-10.592833673837836,0.9055633148871686,-0.5679048509984286,-15.796354984763745,0.8707083219917682,-7.61781938916029,-1.6607230684585819,0.43470797563384356,3.103190962202035,0.9882595456236144,0.6200278653262631,-0.5930776507741403,-5.872104647561244,-0.4843657524879868,0.18024269976371243,-0.2537527774414016,-0.34550871680261147,0.5960591810697384,-0.1936125066711594,1.0046199982373738,2.4379346874089807,2.782237273047656,-6.1871842011298614,0.739759245178454,-0.8415643370024489,0.5712475199851581,-0.06819866320057735,11.296699778892675,4.026613234252161,-0.5640065466645423,3.3726089300716118,3.1487628713005518,3.819218669722065,1.3584917381231505,3.5103991568112844,4.412217877218109,-1.3642448740079107,0.8563232223880543,-2.4926660162430228,1.3793230650861907,-1.745060187229457
user_998,40.21270555069566,8.926001994579345,-6.888830462762186,4.289242332964224,0.2633747962465687,12.721409550646921,0.24340273113104505,23.736867002783047,-1.419111064003372,5.3107999964568595,-0.6271153523588974,0.23657595844301374,4.583986112999926,0.3046694098890717,-2.8411049297175666,-0.5791852455480666,-0.12025010319102432,-0.010967157033887311,-0.18099733263586465,-0.17831818571771108,0.09170876259071234,-1.317076532913284,-0.13407721076187906,0.07959441473680012,0.29604613458493584,0.04552273060112055,0.20129691554876133,-0.06905523149797024,-0.8637356205434219,0.14121741535744003,1.1137144600102329,-1.099943509260795,-0.5496314852735337,-0.1282331460532247,-0.016463078135411393,-1.2553595713664643,-0.7183483864651276,-0.813116143115732,0.562690104750239,-1.779894572392614,0.7687646177544334,0.5633733465599291,-0.42340420236358595,-0.8882422277837805,-0.21132883446456702,0.6915951646800839,-0.36532017132157313,1.1528825815038113,0.5589490557520826,1.4830677845934344
user_999,45.67386499418739,-40.38497909084548,4.436036094819403,-0.7339804710161443,0.34688990185321544,26.409472285353594,1.1037389363002144,-18.905058821209845,1.4612124581997874,-10.482059552297056,1.234866551133178,-0.5263938636018458,-15.303147391986084,0.47972424607624664,-8.459082391340836,-1.4759238506153425,-0.7778972025285734,-1.3896143490402793,-0.4836462493161766,-0.312208239293267,1.1187138221323003,6.656146763992116,-0.001469435480727153,-0.08378138697573043,0.567797016193225,0.29746952287467804,0.8798664886671786,-0.41140724798333567,-1.3422088274917114,-1.9148486780803144,-2.3865092139676563,7.478974839887906,-2.4264383849076374,-2.005319806761225,1.7559522507297374,-3.824677458604533,-2.1546954314725717,-1.8498325452210649,2.4432294179886704,-10.504363054254272,7.744307218470992,7.13251693338598,1.5033042061639053,3.2520712215245875,5.430598711885693,-1.884469094781961,-0.32569712497791314,-1.547908717888589,0.27356006700871965,0.2140395378786193
